,日期,股票代码,开盘价,收盘价,最高价,最低价,成交量,成交金额,振幅,涨跌幅,涨跌额,换手率
0,2017-11-15,300721SZ,20.05,24.06,24.06,20.05,86,205713.0,24.0,43.99,7.35,0.04
1,2017-11-16,300721SZ,26.47,26.47,26.47,26.47,26,69880.0,0.0,10.02,2.41,0.01
2,2017-11-17,300721SZ,29.12,29.12,29.12,29.12,32,93184.0,0.0,10.01,2.65,0.02
3,2017-11-20,300721SZ,32.03,32.03,32.03,32.03,66,212198.0,0.0,9.99,2.91,0.03
4,2017-11-21,300721SZ,35.23,35.23,35.23,35.23,222,780626.0,0.0,9.99,3.2,0.11
5,2017-11-22,300721SZ,38.75,38.75,38.75,38.75,212,822468.0,0.0,9.99,3.52,0.11
6,2017-11-23,300721SZ,42.63,42.63,42.63,42.63,506,2155671.0,0.0,10.01,3.88,0.25
7,2017-11-24,300721SZ,41.9,38.37,42.1,38.37,91055,363716544.0,8.75,-9.99,-4.26,45.41
8,2017-11-27,300721SZ,36.21,34.53,36.5,34.53,63354,223469444.0,5.13,-10.01,-3.84,31.6
9,2017-11-28,300721SZ,33.66,34.69,35.27,33.66,49232,170800035.0,4.66,0.46,0.16,24.55
10,2017-11-29,300721SZ,34.71,36.35,37.82,33.21,62243,217902662.0,13.29,4.79,1.66,31.04
11,2017-11-30,300721SZ,36.66,39.68,39.99,36.36,93952,359578240.0,9.99,9.16,3.33,46.86
12,2017-12-01,300721SZ,38.18,37.59,39.39,36.66,71683,270674432.0,6.88,-5.27,-2.09,35.75
13,2017-12-04,300721SZ,35.7,33.83,36.08,33.83,47194,162850153.0,5.99,-10.0,-3.76,23.54
14,2017-12-05,300721SZ,33.13,34.8,36.0,33.13,49861,172039856.0,8.48,2.87,0.97,24.87
15,2017-12-06,300721SZ,34.4,35.61,36.03,34.02,44008,155276616.0,5.78,2.33,0.81,21.95
16,2017-12-07,300721SZ,35.0,34.0,35.13,33.52,39892,136792492.0,4.52,-4.52,-1.61,19.9
17,2017-12-08,300721SZ,33.68,36.18,36.85,33.65,55074,195311979.0,9.41,6.41,2.18,27.47
18,2017-12-11,300721SZ,35.88,36.71,36.95,35.52,48504,175681308.0,3.95,1.46,0.53,24.19
19,2017-12-12,300721SZ,35.8,34.09,35.95,34.02,42410,148027290.0,5.26,-7.14,-2.62,21.15
20,2017-12-13,300721SZ,34.14,37.5,37.5,33.9,69747,253770805.0,10.56,10.0,3.41,34.79
21,2017-12-14,300721SZ,38.16,38.96,39.88,37.2,89498,343341792.0,7.15,3.89,1.46,44.64
22,2017-12-15,300721SZ,38.02,38.3,38.5,37.51,56844,215988165.0,2.54,-1.69,-0.66,28.35
23,2017-12-18,300721SZ,38.18,39.1,40.94,37.62,81063,318074896.0,8.67,2.09,0.8,40.43
24,2017-12-19,300721SZ,38.51,41.0,42.53,38.0,85884,348872976.0,11.59,4.86,1.9,42.84
25,2017-12-20,300721SZ,40.1,39.67,40.68,38.0,70080,275316960.0,6.54,-3.24,-1.33,34.95
26,2017-12-21,300721SZ,39.1,43.01,43.64,38.71,104438,439958640.0,12.43,8.42,3.34,52.09
27,2017-12-22,300721SZ,41.71,43.03,43.45,41.01,77880,329099328.0,5.67,0.05,0.02,38.84
28,2017-12-25,300721SZ,41.9,42.34,42.5,40.18,55344,229875389.0,5.39,-1.6,-0.69,27.6
29,2017-12-26,300721SZ,42.05,42.33,44.15,41.2,81094,348209040.0,6.97,-0.02,-0.01,40.45
30,2017-12-27,300721SZ,41.5,40.61,43.58,40.55,73832,310438304.0,7.16,-4.06,-1.72,36.82
31,2017-12-28,300721SZ,39.53,39.76,40.66,38.5,68472,270692048.0,5.32,-2.09,-0.85,34.15
32,2017-12-29,300721SZ,39.69,38.25,40.34,37.72,51833,200632964.0,6.59,-3.8,-1.51,25.85
33,2018-01-02,300721SZ,38.31,39.58,39.85,38.25,42444,166314292.0,4.18,3.48,1.33,21.17
34,2018-01-03,300721SZ,38.96,38.42,39.4,37.72,45197,173437245.0,4.24,-2.93,-1.16,22.54
35,2018-01-04,300721SZ,38.54,38.84,39.47,38.4,32223,125049496.0,2.79,1.09,0.42,16.07
36,2018-01-05,300721SZ,38.88,38.32,39.5,38.0,29362,113392642.0,3.86,-1.34,-0.52,14.64
37,2018-01-08,300721SZ,38.02,37.8,38.48,36.32,41021,152573091.0,5.64,-1.36,-0.52,20.46
38,2018-01-09,300721SZ,37.44,37.94,38.38,37.1,31384,118744436.0,3.39,0.37,0.14,15.65
39,2018-01-10,300721SZ,37.96,36.45,37.99,36.0,29343,107948515.0,5.25,-3.93,-1.49,14.63
40,2018-01-11,300721SZ,36.0,36.6,37.4,35.46,25155,92374079.0,5.32,0.41,0.15,12.55
41,2018-01-12,300721SZ,36.64,36.55,37.17,36.0,20461,74958042.0,3.2,-0.14,-0.05,10.2
42,2018-01-15,300721SZ,36.25,36.88,37.36,35.1,29852,108482964.0,6.18,0.9,0.33,14.89
43,2018-01-16,300721SZ,36.65,37.69,38.29,36.52,37262,140426415.0,4.8,2.2,0.81,18.58
44,2018-01-17,300721SZ,37.11,38.68,38.74,37.07,40051,152468869.0,4.43,2.63,0.99,19.98
45,2018-01-18,300721SZ,38.46,37.65,38.97,37.5,25901,98661288.0,3.8,-2.66,-1.03,12.92
46,2018-01-19,300721SZ,37.0,36.26,38.36,36.12,29885,111478653.0,5.95,-3.69,-1.39,14.91
47,2018-01-22,300721SZ,35.7,35.5,36.9,34.0,26652,93267568.0,8.0,-2.1,-0.76,13.29
48,2018-01-23,300721SZ,35.3,35.56,36.5,35.09,17251,61527181.0,3.97,0.17,0.06,8.6
49,2018-01-24,300721SZ,35.56,35.88,36.17,35.3,16633,59581957.0,2.45,0.9,0.32,8.3
50,2018-01-25,300721SZ,35.88,35.56,36.67,35.55,19564,70700925.0,3.12,-0.89,-0.32,9.76
51,2018-01-26,300721SZ,35.5,35.65,36.17,34.9,24302,86276447.0,3.57,0.25,0.09,12.12
52,2018-01-29,300721SZ,35.98,36.37,36.38,35.35,21817,78448533.0,2.89,2.02,0.72,10.88
53,2018-01-30,300721SZ,36.0,35.65,36.35,35.62,14754,52965129.0,2.01,-1.98,-0.72,7.36
54,2018-01-31,300721SZ,35.28,32.28,35.61,32.28,24658,83197057.0,9.34,-9.45,-3.37,12.3
55,2018-02-01,300721SZ,32.19,30.06,32.6,30.0,21735,67628703.0,8.05,-6.88,-2.22,10.84
56,2018-02-02,300721SZ,30.23,29.5,30.66,29.11,15001,44899895.0,5.16,-1.86,-0.56,7.48
57,2018-02-05,300721SZ,29.0,28.49,29.19,28.0,12013,34469283.0,4.03,-3.42,-1.01,5.99
58,2018-02-06,300721SZ,27.93,26.25,29.2,26.18,16910,46863795.0,10.6,-7.86,-2.24,8.43
59,2018-02-07,300721SZ,27.2,27.11,27.5,26.02,19126,51618486.0,5.64,3.28,0.86,9.54
60,2018-02-08,300721SZ,26.89,27.48,27.74,26.67,16454,45115083.0,3.95,1.36,0.37,8.21
61,2018-02-09,300721SZ,26.4,26.49,27.1,26.02,13746,36499384.0,3.93,-3.6,-0.99,6.86
62,2018-02-12,300721SZ,26.91,27.39,27.65,26.91,12217,33383519.0,2.79,3.4,0.9,6.09
63,2018-02-13,300721SZ,27.41,27.04,27.75,27.02,12987,35593423.0,2.67,-1.28,-0.35,6.48
64,2018-02-14,300721SZ,27.04,26.67,27.45,26.57,8958,24079669.0,3.25,-1.37,-0.37,4.47
65,2018-02-22,300721SZ,27.19,27.25,27.39,26.9,9358,25472243.0,1.84,2.17,0.58,4.67
66,2018-02-23,300721SZ,27.33,27.55,27.85,27.11,12424,34184075.0,2.72,1.1,0.3,6.2
67,2018-02-26,300721SZ,27.99,28.87,29.54,27.95,22662,64739571.0,5.77,4.79,1.32,11.3
68,2018-02-27,300721SZ,28.74,29.06,29.43,28.6,21077,61066195.0,2.87,0.66,0.19,10.51
69,2018-02-28,300721SZ,28.7,28.45,28.7,28.02,14402,40875084.0,2.34,-2.1,-0.61,7.18
70,2018-03-01,300721SZ,27.99,28.89,30.0,27.9,22991,66401778.0,7.38,1.55,0.44,11.47
71,2018-03-02,300721SZ,28.46,28.19,28.68,28.16,17656,50120906.0,1.8,-2.42,-0.7,8.81
72,2018-03-05,300721SZ,28.38,28.87,28.95,28.08,15121,43135152.0,3.09,2.41,0.68,7.54
73,2018-03-06,300721SZ,28.4,29.13,29.67,28.4,24713,72075914.0,4.4,0.9,0.26,12.33
74,2018-03-07,300721SZ,29.11,29.01,29.3,28.71,17019,49250414.0,2.03,-0.41,-0.12,8.49
75,2018-03-08,300721SZ,28.96,30.1,30.1,28.71,29969,88836601.0,4.79,3.76,1.09,14.95
76,2018-03-09,300721SZ,29.85,30.61,30.95,29.78,29821,90610400.0,3.89,1.69,0.51,14.87
77,2018-03-12,300721SZ,30.81,30.97,31.37,30.38,27524,84971949.0,3.23,1.18,0.36,13.73
78,2018-03-13,300721SZ,30.9,29.95,30.9,29.77,20448,61765186.0,3.65,-3.29,-1.02,10.2
79,2018-03-14,300721SZ,29.66,30.99,31.2,29.66,29230,89463635.0,5.14,3.47,1.04,14.58
80,2018-03-15,300721SZ,30.5,31.84,32.48,28.88,52244,161014421.0,11.62,2.74,0.85,26.06
81,2018-03-16,300721SZ,31.31,31.02,32.0,31.01,32885,103479209.0,3.11,-2.58,-0.82,16.4
82,2018-03-19,300721SZ,30.61,31.3,31.6,30.11,26726,83181710.0,4.8,0.9,0.28,13.33
83,2018-03-20,300721SZ,30.8,31.21,31.26,30.1,21181,65327338.0,3.71,-0.29,-0.09,10.56
84,2018-03-21,300721SZ,31.2,30.72,32.1,30.68,33058,103670537.0,4.55,-1.57,-0.49,16.49
85,2018-03-22,300721SZ,30.59,30.96,32.0,30.4,23839,74231662.0,5.21,0.78,0.24,11.89
86,2018-03-23,300721SZ,29.8,27.86,29.89,27.86,28889,83382758.0,6.56,-10.01,-3.1,14.41
87,2018-03-26,300721SZ,27.01,28.75,29.21,26.56,21237,59554631.0,9.51,3.19,0.89,10.59
88,2018-03-27,300721SZ,29.56,29.57,30.15,29.1,22331,66065920.0,3.65,2.85,0.82,11.14
89,2018-03-28,300721SZ,28.7,29.4,29.85,28.61,20559,60483022.0,4.19,-0.57,-0.17,10.25
90,2018-03-29,300721SZ,29.35,30.1,30.38,29.25,22133,66207142.0,3.84,2.38,0.7,11.04
91,2018-03-30,300721SZ,30.43,31.0,31.41,30.17,27385,84633352.0,4.12,2.99,0.9,13.66
92,2018-04-02,300721SZ,31.66,31.28,32.18,30.51,34717,108780917.0,5.39,0.9,0.28,17.32
93,2018-04-03,300721SZ,30.7,33.08,34.41,30.3,72054,239144185.0,13.14,5.75,1.8,35.94
94,2018-04-04,300721SZ,33.0,34.3,35.52,32.2,70803,237450467.0,10.04,3.69,1.22,35.31
95,2018-04-09,300721SZ,34.45,35.09,35.16,33.2,59617,204635478.0,5.71,2.3,0.79,29.73
96,2018-04-10,300721SZ,34.6,32.88,34.9,31.67,47155,156855026.0,9.2,-6.3,-2.21,23.52
97,2018-04-11,300721SZ,32.56,32.71,33.37,32.0,31047,101575410.0,4.17,-0.52,-0.17,15.48
98,2018-04-12,300721SZ,32.52,32.22,33.11,32.02,23833,77852928.0,3.33,-1.5,-0.49,11.89
99,2018-04-13,300721SZ,32.27,32.36,33.0,32.06,18336,59555384.0,2.92,0.43,0.14,9.15
100,2018-04-16,300721SZ,31.83,32.0,32.3,30.76,19906,62852610.0,4.76,-1.11,-0.36,9.93
101,2018-04-17,300721SZ,31.96,32.2,33.3,31.78,28028,91179351.0,4.75,0.63,0.2,13.98
102,2018-04-18,300721SZ,32.4,32.78,32.97,29.3,34977,111140417.0,11.4,1.8,0.58,17.44
103,2018-04-19,300721SZ,32.4,34.15,34.5,32.21,48671,164014366.0,6.99,4.18,1.37,24.27
104,2018-04-20,300721SZ,33.64,30.9,33.85,30.78,38896,125470659.0,8.99,-9.52,-3.25,19.4
105,2018-04-23,300721SZ,30.03,30.22,31.0,29.31,21534,64781972.0,5.47,-2.2,-0.68,10.74
106,2018-04-24,300721SZ,30.22,31.3,31.78,30.1,17692,54970715.0,5.56,3.57,1.08,8.82
107,2018-04-25,300721SZ,30.9,32.24,34.43,30.85,27100,87861453.0,11.44,3.0,0.94,13.52
108,2018-04-26,300721SZ,32.28,31.65,33.6,31.65,26918,87745699.0,6.05,-1.83,-0.59,13.43
109,2018-04-27,300721SZ,32.25,31.61,32.95,30.81,22021,69825442.0,6.76,-0.13,-0.04,10.98
110,2018-05-02,300721SZ,31.91,30.1,31.92,29.51,18982,57967472.0,7.62,-4.78,-1.51,9.47
111,2018-05-03,300721SZ,29.85,30.83,30.98,29.47,12497,37972965.0,5.02,2.43,0.73,6.23
112,2018-05-04,300721SZ,30.77,29.79,30.98,29.79,11633,35343594.0,3.86,-3.37,-1.04,5.8
113,2018-05-07,300721SZ,30.02,31.14,31.38,30.02,16082,49544651.0,4.57,4.53,1.35,8.02
114,2018-05-08,300721SZ,31.35,31.2,31.67,30.83,13457,41812110.0,2.7,0.19,0.06,6.71
115,2018-05-09,300721SZ,31.37,32.01,32.88,31.2,27932,89699095.0,5.38,2.6,0.81,13.93
116,2018-05-10,300721SZ,31.9,32.56,33.33,31.88,29429,95403436.0,4.53,1.72,0.55,14.68
117,2018-05-11,300721SZ,32.6,31.41,32.62,31.2,15866,50648919.0,4.36,-3.53,-1.15,7.91
118,2018-05-14,300721SZ,31.3,31.27,31.96,30.8,11701,36824472.0,3.69,-0.45,-0.14,5.84
119,2018-05-15,300721SZ,31.2,32.2,32.25,31.05,17057,54331274.0,3.84,2.97,0.93,8.51
120,2018-05-16,300721SZ,32.03,31.77,32.66,31.71,18340,58979030.0,2.95,-1.34,-0.43,9.15
121,2018-05-17,300721SZ,31.66,34.95,34.95,31.52,57432,192683131.0,10.8,10.01,3.18,28.64
122,2018-05-18,300721SZ,34.3,34.55,35.98,34.0,65824,229728978.0,5.67,-1.14,-0.4,32.83
123,2018-05-21,300721SZ,34.01,35.24,36.45,33.72,58544,206841367.0,7.9,2.0,0.69,29.2
124,2018-05-22,300721SZ,34.5,36.3,37.7,34.48,71528,259607045.0,9.14,3.01,1.06,35.67
125,2018-05-23,300721SZ,35.8,35.3,37.4,35.01,53550,192648444.0,6.58,-2.75,-1.0,26.71
126,2018-05-24,300721SZ,35.0,35.83,36.08,34.51,39262,138967807.0,4.45,1.5,0.53,19.58
127,2018-05-25,300721SZ,36.01,35.72,37.8,35.69,48451,177696014.0,5.89,-0.31,-0.11,24.17
128,2018-05-28,300721SZ,34.62,34.25,35.26,33.33,31151,106642988.0,5.4,-4.12,-1.47,15.54
129,2018-05-29,300721SZ,34.8,37.68,37.68,34.33,37005,136860887.0,9.78,10.01,3.43,18.46
130,2018-05-30,300721SZ,38.32,33.98,39.47,33.98,93313,350862432.0,14.57,-9.82,-3.7,46.54
131,2018-05-31,300721SZ,32.5,35.96,37.38,32.47,86391,306192480.0,14.45,5.83,1.98,43.09
132,2018-06-01,300721SZ,35.8,39.56,39.56,35.06,84061,312751040.0,12.51,10.01,3.6,41.93
133,2018-06-04,300721SZ,39.0,37.31,39.0,36.68,73931,280591712.0,5.86,-5.69,-2.25,36.87
134,2018-06-05,300721SZ,37.65,38.19,39.5,37.0,64410,245064821.0,6.7,2.36,0.88,32.12
135,2018-06-06,300721SZ,37.65,42.01,42.01,37.65,73340,295187440.0,11.42,10.0,3.82,36.58
136,2018-06-07,300721SZ,41.0,39.4,41.2,39.05,73802,296826208.0,5.12,-6.21,-2.61,36.81
137,2018-06-08,300721SZ,40.21,38.84,40.88,37.89,61753,243963938.0,7.59,-1.42,-0.56,30.8
138,2018-06-11,300721SZ,38.0,38.45,39.39,37.51,35505,136554117.0,4.84,-1.0,-0.39,17.71
139,2018-06-12,300721SZ,38.4,37.5,38.66,34.68,53908,198940439.0,10.35,-2.47,-0.95,26.89
140,2018-06-13,300721SZ,37.5,36.51,38.05,35.83,37688,140120980.0,5.92,-2.64,-0.99,18.8
141,2018-06-14,300721SZ,36.36,38.33,39.7,35.9,50497,192104243.0,10.41,4.98,1.82,25.19
142,2018-06-15,300721SZ,38.53,37.35,39.73,37.17,52201,201328619.0,6.68,-2.56,-0.98,26.04
143,2018-06-19,300721SZ,37.03,36.67,41.09,34.4,52980,200409286.0,17.91,-1.82,-0.68,26.42
144,2018-06-20,300721SZ,37.63,39.38,40.3,36.02,78008,303853504.0,11.67,7.39,2.71,38.91
145,2018-06-21,300721SZ,39.39,39.21,40.5,37.83,74447,292053600.0,6.78,-0.43,-0.17,37.13
146,2018-06-22,300721SZ,38.0,36.65,38.0,35.29,59874,219076777.0,6.91,-6.53,-2.56,29.86
147,2018-06-25,300721SZ,37.0,38.7,39.2,36.52,58119,221875247.0,7.31,5.59,2.05,28.99
148,2018-06-26,300721SZ,38.6,40.65,42.28,38.2,76753,309065024.0,10.54,5.04,1.95,38.28
149,2018-06-27,300721SZ,40.5,40.63,41.36,39.71,64890,263014848.0,4.06,-0.05,-0.02,32.36
150,2018-06-28,300721SZ,40.59,39.37,40.96,39.15,51947,208649196.0,4.45,-3.1,-1.26,25.91
151,2018-06-29,300721SZ,39.5,40.33,40.49,37.6,55321,217251088.0,7.34,2.44,0.96,27.59
152,2018-07-02,300721SZ,39.95,37.71,40.05,36.69,47651,184812070.0,8.33,-6.5,-2.62,23.77
153,2018-07-03,300721SZ,38.92,40.03,41.48,38.0,68750,275987808.0,9.23,6.15,2.32,34.29
154,2018-07-04,300721SZ,40.2,38.81,41.19,36.97,64454,251749735.0,10.54,-3.05,-1.22,32.15
155,2018-07-05,300721SZ,38.81,36.12,38.81,36.0,37816,140546209.0,7.24,-6.93,-2.69,18.86
156,2018-07-06,300721SZ,37.0,36.8,38.62,36.14,40827,152536570.0,6.87,1.88,0.68,20.36
157,2018-07-09,300721SZ,37.97,38.15,39.15,37.59,38427,146986960.0,4.24,3.67,1.35,19.17
158,2018-07-10,300721SZ,38.86,40.2,40.58,37.77,57443,225263495.0,7.37,5.37,2.05,28.65
159,2018-07-11,300721SZ,39.1,39.75,39.8,37.8,47019,182606326.0,4.98,-1.12,-0.45,23.45
160,2018-07-12,300721SZ,40.0,41.85,43.7,39.58,65711,272877136.0,10.36,5.28,2.1,32.77
161,2018-07-13,300721SZ,41.69,37.67,42.41,37.67,68245,271112112.0,11.33,-9.99,-4.18,34.04
162,2018-07-16,300721SZ,35.0,33.9,35.51,33.9,59109,202517510.0,4.27,-10.01,-3.77,29.48
163,2018-07-17,300721SZ,33.55,34.06,34.38,32.88,31857,107910493.0,4.42,0.47,0.16,15.89
164,2018-07-18,300721SZ,34.04,32.6,34.23,32.52,29248,97645115.0,5.02,-4.29,-1.46,14.59
165,2018-07-19,300721SZ,32.45,31.48,32.7,30.7,31549,99577941.0,6.13,-3.44,-1.12,15.74
166,2018-07-20,300721SZ,31.35,31.49,31.76,30.95,19107,60037119.0,2.57,0.03,0.01,9.53
167,2018-07-23,300721SZ,31.59,30.95,31.59,30.61,18301,56646012.0,3.11,-1.71,-0.54,9.13
168,2018-07-24,300721SZ,30.97,31.8,31.93,30.91,21821,68522484.0,3.3,2.75,0.85,10.88
169,2018-07-25,300721SZ,31.89,31.38,32.34,31.31,18904,60172899.0,3.24,-1.32,-0.42,9.43
170,2018-07-26,300721SZ,31.39,30.37,31.5,30.07,18884,58137699.0,4.56,-3.22,-1.01,9.42
171,2018-07-27,300721SZ,30.55,30.63,31.0,30.15,14691,45062813.0,2.8,0.86,0.26,7.33
172,2018-07-30,300721SZ,30.68,29.05,30.7,28.68,18514,54776737.0,6.59,-5.16,-1.58,9.23
173,2018-07-31,300721SZ,28.95,29.33,29.56,28.88,10211,29974453.0,2.34,0.96,0.28,5.09
174,2018-08-01,300721SZ,29.52,28.55,29.69,28.39,13975,40521126.0,4.43,-2.66,-0.78,6.97
175,2018-08-02,300721SZ,28.28,27.35,28.28,26.62,17249,47084971.0,5.81,-4.2,-1.2,8.6
176,2018-08-03,300721SZ,27.31,26.84,27.66,26.83,11350,30974346.0,3.03,-1.86,-0.51,5.66
177,2018-08-06,300721SZ,26.6,27.3,28.3,26.54,18285,50432666.0,6.56,1.71,0.46,9.12
178,2018-08-07,300721SZ,26.7,28.11,28.11,26.7,21085,58323902.0,5.16,2.97,0.81,10.52
179,2018-08-08,300721SZ,28.1,26.98,28.1,26.81,17139,47154820.0,4.59,-4.02,-1.13,8.55
180,2018-08-09,300721SZ,26.79,27.66,27.94,26.38,17547,48375701.0,5.78,2.52,0.68,8.75
181,2018-08-10,300721SZ,27.8,28.38,28.58,27.68,20515,58052519.0,3.25,2.6,0.72,10.23
182,2018-08-13,300721SZ,27.75,28.34,28.42,27.3,13256,37084948.0,3.95,-0.14,-0.04,6.61
183,2018-08-14,300721SZ,28.31,28.2,28.8,27.95,11573,32805377.0,3.0,-0.49,-0.14,5.77
184,2018-08-15,300721SZ,28.2,27.0,28.47,26.96,13573,37375240.0,5.35,-4.26,-1.2,6.77
185,2018-08-16,300721SZ,26.58,27.12,27.37,26.42,11847,32070955.0,3.52,0.44,0.12,5.91
186,2018-08-17,300721SZ,27.22,26.61,27.8,26.55,10567,28630009.0,4.61,-1.88,-0.51,5.27
187,2018-08-20,300721SZ,26.6,26.73,27.0,25.55,10991,28938618.0,5.45,0.45,0.12,5.48
188,2018-08-21,300721SZ,26.5,26.76,27.2,26.2,9397,25038798.0,3.74,0.11,0.03,4.69
189,2018-08-22,300721SZ,26.63,26.35,26.98,26.1,7920,21102406.0,3.29,-1.53,-0.41,3.95
190,2018-08-23,300721SZ,26.22,26.9,26.97,26.22,10642,28385092.0,2.85,2.09,0.55,5.31
191,2018-08-24,300721SZ,26.45,25.93,26.69,25.61,16817,43763238.0,4.01,-3.61,-0.97,8.39
192,2018-08-27,300721SZ,25.92,26.43,26.59,25.87,14154,37152997.0,2.78,1.93,0.5,7.06
193,2018-08-28,300721SZ,26.45,26.92,27.21,26.34,16274,43642631.0,3.29,1.85,0.49,8.12
194,2018-08-29,300721SZ,26.88,26.23,26.88,26.04,11801,30908708.0,3.12,-2.56,-0.69,5.89
195,2018-08-30,300721SZ,25.99,25.78,26.22,25.68,7832,20318984.0,2.06,-1.72,-0.45,3.91
196,2018-08-31,300721SZ,25.65,24.49,25.74,24.49,13013,32465011.0,4.85,-5.0,-1.29,6.49
197,2018-09-03,300721SZ,24.55,24.06,24.7,23.73,9606,23095180.0,3.96,-1.76,-0.43,4.79
198,2018-09-04,300721SZ,24.3,24.49,24.59,24.06,8040,19599114.0,2.2,1.79,0.43,4.01
199,2018-09-05,300721SZ,24.5,24.3,24.9,24.3,8118,20012047.0,2.45,-0.78,-0.19,4.05
200,2018-09-06,300721SZ,24.2,24.05,24.67,23.86,6871,16680001.0,3.33,-1.03,-0.25,3.43
201,2018-09-07,300721SZ,24.01,24.66,24.88,24.01,11589,28411998.0,3.62,2.54,0.61,5.78
202,2018-09-10,300721SZ,24.6,23.5,24.62,23.37,10425,24780059.0,5.07,-4.7,-1.16,5.2
203,2018-09-11,300721SZ,23.74,23.8,24.0,23.1,6648,15684717.0,3.83,1.28,0.3,3.32
204,2018-09-12,300721SZ,23.8,23.9,24.12,23.48,8316,19842716.0,2.69,0.42,0.1,4.15
205,2018-09-13,300721SZ,24.01,24.0,24.36,23.7,8012,19237366.0,2.76,0.42,0.1,4.0
206,2018-09-14,300721SZ,24.19,23.03,24.19,23.0,11423,26842754.0,4.96,-4.04,-0.97,5.7
207,2018-09-17,300721SZ,23.0,22.1,23.18,21.95,10794,24064052.0,5.34,-4.04,-0.93,5.38
208,2018-09-18,300721SZ,22.0,22.48,22.56,21.95,10137,22599377.0,2.76,1.72,0.38,5.06
209,2018-09-19,300721SZ,22.48,22.65,22.88,22.26,9443,21338867.0,2.76,0.76,0.17,4.71
210,2018-09-20,300721SZ,22.76,22.47,22.96,22.44,7544,17123037.0,2.3,-0.79,-0.18,3.76
211,2018-09-21,300721SZ,22.47,22.77,22.85,22.31,9452,21384004.0,2.4,1.34,0.3,4.71
212,2018-09-25,300721SZ,22.77,23.02,23.14,22.55,8926,20433009.0,2.59,1.1,0.25,4.45
213,2018-09-26,300721SZ,23.0,23.04,23.39,22.65,13044,29972025.0,3.21,0.09,0.02,6.51
214,2018-09-27,300721SZ,22.91,22.25,23.17,22.11,14012,31731261.0,4.6,-3.43,-0.79,6.99
215,2018-09-28,300721SZ,22.35,23.86,24.48,22.3,31067,73664605.0,9.8,7.24,1.61,15.49
216,2018-10-08,300721SZ,23.5,24.25,24.76,22.96,30126,71670328.0,7.54,1.63,0.39,15.03
217,2018-10-09,300721SZ,24.03,25.8,26.2,23.95,39715,99252522.0,9.28,6.39,1.55,19.81
218,2018-10-10,300721SZ,25.7,25.68,26.19,25.01,32196,82155542.0,4.57,-0.47,-0.12,16.06
219,2018-10-11,300721SZ,24.8,25.0,25.23,23.38,28185,69359223.0,7.2,-2.65,-0.68,14.06
220,2018-10-12,300721SZ,24.76,25.73,26.21,24.51,37697,96202769.0,6.8,2.92,0.73,18.8
221,2018-10-15,300721SZ,25.0,26.08,26.48,24.17,40079,103116566.0,8.98,1.36,0.35,19.99
222,2018-10-16,300721SZ,26.0,25.55,26.1,24.8,32368,82246351.0,4.98,-2.03,-0.53,16.14
223,2018-10-17,300721SZ,26.0,25.25,26.0,24.51,25996,66032383.0,5.83,-1.17,-0.3,12.97
224,2018-10-18,300721SZ,25.4,22.73,25.4,22.73,28309,68609246.0,10.57,-9.98,-2.52,14.12
225,2018-10-19,300721SZ,21.8,22.4,23.12,20.72,24926,54738720.0,10.56,-1.45,-0.33,12.43
226,2018-10-22,300721SZ,22.99,23.0,23.47,22.3,30715,70600763.0,5.22,2.68,0.6,15.32
227,2018-10-23,300721SZ,22.88,22.11,23.29,22.05,21300,48459522.0,5.39,-3.87,-0.89,10.62
228,2018-10-24,300721SZ,22.0,22.14,22.31,21.4,18435,40373053.0,4.12,0.14,0.03,9.19
229,2018-10-25,300721SZ,21.4,21.63,21.75,20.8,15392,32832473.0,4.29,-2.3,-0.51,7.68
230,2018-10-26,300721SZ,21.79,22.02,22.14,21.53,13492,29512301.0,2.82,1.8,0.39,6.73
231,2018-10-29,300721SZ,22.02,21.67,22.07,21.43,10233,22273576.0,2.91,-1.59,-0.35,5.1
232,2018-10-30,300721SZ,21.5,21.74,21.98,21.25,11857,25721270.0,3.37,0.32,0.07,5.91
233,2018-10-31,300721SZ,21.8,22.28,22.43,21.8,18105,40144642.0,2.9,2.48,0.54,9.03
234,2018-11-01,300721SZ,22.39,22.29,22.69,22.17,18773,42078070.0,2.33,0.04,0.01,9.36
235,2018-11-02,300721SZ,22.49,22.73,22.84,22.39,18708,42304412.0,2.02,1.97,0.44,9.33
236,2018-11-05,300721SZ,22.75,22.51,22.98,22.2,19449,43983781.0,3.43,-0.97,-0.22,9.7
237,2018-11-06,300721SZ,22.42,21.53,22.42,21.24,19037,41100794.0,5.24,-4.35,-0.98,9.49
238,2018-11-07,300721SZ,21.5,22.77,23.68,21.38,36746,83197571.0,10.68,5.76,1.24,18.33
239,2018-11-08,300721SZ,22.48,23.09,23.27,22.24,30167,68734625.0,4.52,1.41,0.32,15.05
240,2018-11-09,300721SZ,22.86,23.62,24.3,22.54,37342,87506244.0,7.62,2.3,0.53,18.62
241,2018-11-12,300721SZ,23.2,24.2,24.7,22.9,38169,91446689.0,7.62,2.46,0.58,19.04
242,2018-11-13,300721SZ,23.53,24.11,24.73,23.51,35351,85480040.0,5.04,-0.37,-0.09,17.63
243,2018-11-14,300721SZ,23.7,23.7,24.15,23.4,31114,73737252.0,3.11,-1.7,-0.41,15.52
244,2018-11-15,300721SZ,24.2,24.89,25.9,23.7,67950,166575088.0,9.28,5.02,1.19,16.31
245,2018-11-16,300721SZ,24.61,24.5,25.09,24.41,46255,114056211.0,2.73,-1.57,-0.39,11.1
246,2018-11-19,300721SZ,24.0,23.83,24.02,23.32,35907,85008476.0,2.86,-2.73,-0.67,8.62
247,2018-11-20,300721SZ,23.55,23.44,24.05,23.38,22586,53595736.0,2.81,-1.64,-0.39,5.42
248,2018-11-21,300721SZ,23.18,23.52,23.59,22.88,16807,39001228.0,3.03,0.34,0.08,4.03
249,2018-11-22,300721SZ,23.63,23.43,23.77,23.31,18285,43107330.0,1.96,-0.38,-0.09,4.39
250,2018-11-23,300721SZ,23.42,21.75,23.42,21.75,28116,63276228.0,7.13,-7.17,-1.68,6.75
251,2018-11-26,300721SZ,21.61,21.18,21.79,20.9,15758,33586172.0,4.09,-2.62,-0.57,3.78
252,2018-11-27,300721SZ,21.34,21.24,21.45,21.06,9724,20660079.0,1.84,0.28,0.06,2.33
253,2018-11-28,300721SZ,21.29,21.41,21.54,20.82,10809,22889752.0,3.39,0.8,0.17,2.59
254,2018-11-29,300721SZ,21.53,20.7,21.63,20.7,12422,26361793.0,4.34,-3.32,-0.71,2.98
255,2018-11-30,300721SZ,20.68,20.8,21.0,19.9,14883,30507458.0,5.31,0.48,0.1,3.57
256,2018-12-03,300721SZ,21.19,21.41,21.59,21.04,17392,37108752.0,2.64,2.93,0.61,4.17
257,2018-12-04,300721SZ,21.21,21.43,21.56,21.2,11605,24808036.0,1.68,0.09,0.02,2.78
258,2018-12-05,300721SZ,20.9,21.09,21.18,20.7,10811,22637167.0,2.24,-1.59,-0.34,2.59
259,2018-12-06,300721SZ,21.05,20.55,21.07,20.55,9889,20508175.0,2.47,-2.56,-0.54,2.37
260,2018-12-07,300721SZ,20.6,20.59,20.8,20.5,6781,13979371.0,1.46,0.19,0.04,1.63
261,2018-12-10,300721SZ,20.35,20.17,20.5,20.02,8982,18173768.0,2.33,-2.04,-0.42,2.16
262,2018-12-11,300721SZ,20.17,20.4,20.5,20.1,6426,13055544.0,1.98,1.14,0.23,1.54
263,2018-12-12,300721SZ,20.36,20.64,20.66,20.36,8294,16992701.0,1.47,1.18,0.24,1.99
264,2018-12-13,300721SZ,20.5,20.64,20.8,20.2,8406,17330304.0,2.91,0.0,0.0,2.02
265,2018-12-14,300721SZ,20.71,20.78,21.37,20.58,19643,41165378.0,3.83,0.68,0.14,4.71
266,2018-12-17,300721SZ,20.53,21.13,21.16,20.53,15385,32237132.0,3.03,1.68,0.35,3.69
267,2018-12-18,300721SZ,20.93,21.07,21.08,20.7,11891,24842339.0,1.8,-0.28,-0.06,2.85
268,2018-12-19,300721SZ,21.12,20.73,21.14,20.73,10120,21163014.0,1.95,-1.61,-0.34,2.43
269,2018-12-20,300721SZ,20.71,20.88,20.95,20.51,7822,16246265.0,2.12,0.72,0.15,1.88
270,2018-12-21,300721SZ,20.68,20.7,20.87,20.43,7037,14549278.0,2.11,-0.86,-0.18,1.69
271,2018-12-24,300721SZ,20.68,21.23,21.24,20.64,16061,33824323.0,2.9,2.56,0.53,3.85
272,2018-12-25,300721SZ,21.02,20.96,21.02,20.39,15285,31709839.0,2.97,-1.27,-0.27,3.67
273,2018-12-26,300721SZ,20.76,20.95,21.07,20.76,10924,22904311.0,1.48,-0.05,-0.01,2.62
274,2018-12-27,300721SZ,21.3,20.32,21.35,20.28,12345,25693945.0,5.11,-3.01,-0.63,2.96
275,2018-12-28,300721SZ,20.46,20.08,20.55,20.07,8314,16855070.0,2.36,-1.18,-0.24,2.0
276,2019-01-02,300721SZ,20.02,20.11,20.29,19.92,5394,10847120.0,1.84,0.15,0.03,1.29
277,2019-01-03,300721SZ,20.11,19.78,20.45,19.65,7319,14756098.0,3.98,-1.64,-0.33,1.76
278,2019-01-04,300721SZ,19.4,20.11,20.2,19.01,12371,24308061.0,6.02,1.67,0.33,2.97
279,2019-01-07,300721SZ,20.12,20.31,20.38,19.97,12172,24635564.0,2.04,0.99,0.2,2.92
280,2019-01-08,300721SZ,20.31,19.96,20.32,19.93,8342,16774287.0,1.92,-1.72,-0.35,2.0
281,2019-01-09,300721SZ,20.12,19.9,20.3,19.89,11096,22358929.0,2.05,-0.3,-0.06,2.66
282,2019-01-10,300721SZ,19.81,19.52,19.98,19.38,11451,22593181.0,3.02,-1.91,-0.38,2.75
283,2019-01-11,300721SZ,19.53,19.96,19.98,19.46,8958,17659847.0,2.66,2.25,0.44,2.15
284,2019-01-14,300721SZ,19.96,19.48,19.96,19.4,8099,15899686.0,2.81,-2.4,-0.48,1.94
285,2019-01-15,300721SZ,19.45,19.66,19.7,19.35,7595,14851766.0,1.8,0.92,0.18,1.82
286,2019-01-16,300721SZ,19.75,19.63,19.83,19.55,7527,14799809.0,1.42,-0.15,-0.03,1.81
287,2019-01-17,300721SZ,19.6,19.2,19.66,19.2,6608,12820581.0,2.34,-2.19,-0.43,1.59
288,2019-01-18,300721SZ,19.2,19.42,19.5,19.15,7534,14547253.0,1.82,1.15,0.22,1.81
289,2019-01-21,300721SZ,19.47,19.5,19.58,19.32,6386,12438343.0,1.34,0.41,0.08,1.53
290,2019-01-22,300721SZ,19.57,19.68,19.81,19.43,10196,20026054.0,1.95,0.92,0.18,2.45
291,2019-01-23,300721SZ,19.56,19.72,19.8,19.51,7095,13943529.0,1.47,0.2,0.04,1.7
292,2019-01-24,300721SZ,19.75,19.78,19.88,19.53,9498,18761849.0,1.77,0.3,0.06,2.28
293,2019-01-25,300721SZ,19.45,18.37,19.45,18.35,27871,52598847.0,5.56,-7.13,-1.41,6.69
294,2019-01-28,300721SZ,18.55,18.27,18.55,18.2,7653,14082553.0,1.91,-0.54,-0.1,1.84
295,2019-01-29,300721SZ,18.16,17.63,18.26,17.33,10282,18187804.0,5.09,-3.5,-0.64,2.47
296,2019-01-30,300721SZ,17.66,17.25,17.72,17.21,6735,11789334.0,2.89,-2.16,-0.38,1.62
297,2019-01-31,300721SZ,17.28,16.71,17.35,16.45,10684,18045568.0,5.22,-3.13,-0.54,2.56
298,2019-02-01,300721SZ,16.81,17.18,17.22,16.72,7218,12292162.0,2.99,2.81,0.47,1.73
299,2019-02-11,300721SZ,17.3,17.6,17.67,17.11,8136,14202796.0,3.26,2.44,0.42,1.95
300,2019-02-12,300721SZ,17.64,17.7,17.77,17.5,13210,23323050.0,1.53,0.57,0.1,3.17
301,2019-02-13,300721SZ,17.69,18.03,18.15,17.62,15896,28426108.0,2.99,1.86,0.33,3.81
302,2019-02-14,300721SZ,17.97,18.03,18.17,17.86,12763,22954558.0,1.72,0.0,0.0,3.06
303,2019-02-15,300721SZ,17.92,18.11,18.36,17.92,11200,20303670.0,2.44,0.44,0.08,2.69
304,2019-02-18,300721SZ,18.11,18.86,18.9,18.11,17850,33156707.0,4.36,4.14,0.75,4.28
305,2019-02-19,300721SZ,18.86,19.13,19.13,18.58,19845,37464592.0,2.92,1.43,0.27,4.76
306,2019-02-20,300721SZ,19.0,19.07,19.45,18.91,13269,25472353.0,2.82,-0.31,-0.06,3.18
307,2019-02-21,300721SZ,19.08,18.94,19.49,18.81,16860,32438763.0,3.57,-0.68,-0.13,4.05
308,2019-02-22,300721SZ,18.94,19.32,19.35,18.7,14092,27090333.0,3.43,2.01,0.38,3.38
309,2019-02-25,300721SZ,19.38,20.09,20.09,19.2,25191,49639564.0,4.61,3.99,0.77,6.04
310,2019-02-26,300721SZ,20.02,19.84,20.32,19.54,27191,54181061.0,3.88,-1.24,-0.25,6.52
311,2019-02-27,300721SZ,19.97,19.65,20.2,19.38,16783,33318087.0,4.13,-0.96,-0.19,4.03
312,2019-02-28,300721SZ,19.87,19.98,20.11,19.65,17473,34857736.0,2.34,1.68,0.33,4.19
313,2019-03-01,300721SZ,20.1,20.01,20.13,19.78,14615,29154945.0,1.75,0.15,0.03,3.51
314,2019-03-04,300721SZ,20.38,20.37,20.45,20.02,25802,52285102.0,2.15,1.8,0.36,6.19
315,2019-03-05,300721SZ,20.23,20.59,20.6,20.01,24544,49966014.0,2.9,1.08,0.22,5.89
316,2019-03-06,300721SZ,20.58,20.98,21.36,20.52,32760,68525926.0,4.08,1.89,0.39,7.86
317,2019-03-07,300721SZ,20.98,21.45,21.5,20.56,33990,71629953.0,4.48,2.24,0.47,8.16
318,2019-03-08,300721SZ,20.95,20.15,21.54,20.15,31574,66017934.0,6.48,-6.06,-1.3,7.58
319,2019-03-11,300721SZ,20.04,21.35,21.4,20.04,29711,61982968.0,6.75,5.96,1.2,7.13
320,2019-03-12,300721SZ,21.5,21.43,21.75,20.95,31120,66686963.0,3.75,0.37,0.08,7.47
321,2019-03-13,300721SZ,21.43,20.87,21.52,20.67,24543,51891395.0,3.97,-2.61,-0.56,5.89
322,2019-03-14,300721SZ,20.68,20.24,20.99,19.9,21460,43545946.0,5.22,-3.02,-0.63,5.15
323,2019-03-15,300721SZ,20.26,20.61,20.75,20.26,17007,34924913.0,2.42,1.83,0.37,4.08
324,2019-03-18,300721SZ,20.49,20.97,21.01,20.49,16558,34466022.0,2.52,1.75,0.36,3.97
325,2019-03-19,300721SZ,21.22,21.15,21.34,20.97,19970,42222390.0,1.76,0.86,0.18,4.79
326,2019-03-20,300721SZ,21.38,23.27,23.27,21.3,74433,171405740.0,9.31,10.02,2.12,17.86
327,2019-03-21,300721SZ,23.13,23.03,24.18,22.88,89168,209971067.0,5.59,-1.03,-0.24,21.4
328,2019-03-22,300721SZ,23.04,22.35,23.27,22.04,53157,119441545.0,5.34,-2.95,-0.68,12.76
329,2019-03-25,300721SZ,21.9,21.84,22.36,21.7,26940,59326457.0,2.95,-2.28,-0.51,6.46
330,2019-03-26,300721SZ,22.03,21.41,22.18,21.28,22355,48607913.0,4.12,-1.97,-0.43,5.36
331,2019-03-27,300721SZ,21.53,21.8,21.94,21.2,25742,55413733.0,3.46,1.82,0.39,6.18
332,2019-03-28,300721SZ,21.65,22.49,22.75,21.45,43345,96566095.0,5.96,3.17,0.69,10.4
333,2019-03-29,300721SZ,22.35,23.09,23.25,22.03,39986,91047792.0,5.42,2.67,0.6,9.6
334,2019-04-01,300721SZ,23.13,23.32,23.65,22.86,43690,101953593.0,3.42,1.0,0.23,10.48
335,2019-04-02,300721SZ,25.65,24.4,25.65,23.32,58336,142856663.0,9.99,4.63,1.08,14.0
336,2019-04-03,300721SZ,24.13,24.13,24.41,23.51,27608,66423241.0,3.69,-1.11,-0.27,6.62
337,2019-04-04,300721SZ,24.15,23.95,24.36,23.8,18631,44839930.0,2.32,-0.75,-0.18,4.47
338,2019-04-08,300721SZ,24.47,24.49,25.58,24.13,46023,114406629.0,6.05,2.25,0.54,11.04
339,2019-04-09,300721SZ,24.6,23.83,24.84,23.38,25417,60611366.0,5.96,-2.69,-0.66,6.1
340,2019-04-10,300721SZ,23.3,23.55,23.83,22.65,22644,52644951.0,4.95,-1.17,-0.28,5.43
341,2019-04-11,300721SZ,23.4,22.85,23.5,22.54,16626,38287369.0,4.08,-2.97,-0.7,3.99
342,2019-04-12,300721SZ,22.61,22.05,23.06,21.65,19058,42592249.0,6.17,-3.5,-0.8,4.57
343,2019-04-15,300721SZ,22.29,21.96,22.65,21.75,15856,35439294.0,4.08,-0.41,-0.09,3.8
344,2019-04-16,300721SZ,21.62,22.01,22.1,21.53,14317,31271706.0,2.6,0.23,0.05,3.44
345,2019-04-17,300721SZ,22.1,22.38,22.5,21.89,19097,42372885.0,2.77,1.68,0.37,4.58
346,2019-04-18,300721SZ,22.4,21.93,22.4,21.93,11432,25273108.0,2.1,-2.01,-0.45,2.74
347,2019-04-19,300721SZ,21.99,22.06,22.17,21.82,8065,17741217.0,1.6,0.59,0.13,1.94
348,2019-04-22,300721SZ,22.38,21.67,22.38,21.59,8558,18700066.0,3.58,-1.77,-0.39,2.05
349,2019-04-23,300721SZ,22.0,21.34,22.0,21.2,9953,21441849.0,3.69,-1.52,-0.33,2.39
350,2019-04-24,300721SZ,21.34,21.72,21.73,21.0,8327,17903784.0,3.42,1.78,0.38,2.0
351,2019-04-25,300721SZ,21.62,20.61,21.85,20.24,10957,23136659.0,7.41,-5.11,-1.11,2.63
352,2019-04-26,300721SZ,20.56,19.8,20.56,19.8,14527,29133037.0,3.69,-3.93,-0.81,3.49
353,2019-04-29,300721SZ,19.88,19.65,20.03,19.42,9961,19689552.0,3.08,-0.76,-0.15,2.39
354,2019-04-30,300721SZ,19.47,19.99,20.16,19.45,5676,11279288.0,3.61,1.73,0.34,1.36
355,2019-05-06,300721SZ,19.77,18.41,19.77,18.19,16226,30694268.0,7.9,-7.9,-1.58,3.89
356,2019-05-07,300721SZ,18.67,18.9,19.15,18.41,11200,21100472.0,4.02,2.66,0.49,2.69
357,2019-05-08,300721SZ,18.85,18.82,19.17,18.48,6061,11464499.0,3.65,-0.42,-0.08,1.45
358,2019-05-09,300721SZ,18.65,18.61,19.04,18.58,6375,11945071.0,2.44,-1.12,-0.21,1.53
359,2019-05-10,300721SZ,18.88,19.14,19.3,18.51,8800,16689090.0,4.25,2.85,0.53,2.11
360,2019-05-13,300721SZ,19.11,19.22,19.28,18.77,6882,13150780.0,2.66,0.42,0.08,1.65
361,2019-05-14,300721SZ,19.06,18.96,19.4,18.93,6057,11588232.0,2.45,-1.35,-0.26,1.45
362,2019-05-15,300721SZ,19.06,19.19,19.31,18.93,7423,14208700.0,2.0,1.21,0.23,1.78
363,2019-05-16,300721SZ,19.19,19.91,20.69,19.16,19340,38787648.0,7.97,3.75,0.72,4.64
364,2019-05-17,300721SZ,19.7,18.85,19.96,18.78,11842,22929471.0,5.93,-5.32,-1.06,2.84
365,2019-05-20,300721SZ,18.85,18.51,19.03,18.03,11498,21065193.0,5.31,-1.8,-0.34,2.76
366,2019-05-21,300721SZ,18.55,18.75,18.91,18.46,6932,12998375.0,2.43,1.3,0.24,1.66
367,2019-05-22,300721SZ,18.97,18.74,18.97,18.61,4510,8469734.0,1.92,-0.05,-0.01,1.08
368,2019-05-23,300721SZ,18.74,18.2,18.74,18.0,6972,12771373.0,3.95,-2.88,-0.54,1.67
369,2019-05-24,300721SZ,17.98,17.8,18.31,17.68,6683,12017899.0,3.46,-2.2,-0.4,1.6
370,2019-05-27,300721SZ,17.95,18.6,18.72,17.81,7505,13732119.0,5.11,4.49,0.8,1.8
371,2019-05-28,300721SZ,18.44,18.54,18.98,18.33,7613,14272214.0,3.49,-0.32,-0.06,1.83
372,2019-05-29,300721SZ,18.69,18.75,18.97,18.45,5219,9779397.0,2.8,1.13,0.21,1.25
373,2019-05-30,300721SZ,18.87,18.54,18.87,18.13,9170,16909623.0,3.95,-1.12,-0.21,2.2
374,2019-05-31,300721SZ,18.6,18.6,18.85,18.32,8248,15378252.0,2.86,0.32,0.06,1.98
375,2019-06-03,300721SZ,18.58,18.04,18.74,17.92,12052,21950575.0,4.41,-3.01,-0.56,2.89
376,2019-06-04,300721SZ,17.95,17.77,18.18,17.69,7731,13798112.0,2.72,-1.5,-0.27,1.86
377,2019-06-05,300721SZ,17.96,17.92,18.17,17.78,5975,10733971.0,2.19,0.84,0.15,1.43
378,2019-06-06,300721SZ,17.9,17.54,18.0,17.5,7089,12563292.0,2.79,-2.12,-0.38,1.7
379,2019-06-10,300721SZ,17.64,17.66,17.87,17.51,4135,7307675.0,2.05,0.68,0.12,0.99
380,2019-06-11,300721SZ,17.66,18.3,18.36,17.57,9039,16314691.0,4.47,3.62,0.64,2.17
381,2019-06-12,300721SZ,18.15,18.27,18.51,18.15,7549,13856033.0,1.97,-0.16,-0.03,1.81
382,2019-06-13,300721SZ,18.27,18.38,18.5,18.15,6233,11436021.0,1.92,0.6,0.11,1.5
383,2019-06-14,300721SZ,18.48,17.78,18.48,17.61,8406,15108234.0,4.73,-3.26,-0.6,2.02
384,2019-06-17,300721SZ,17.74,17.93,18.13,17.71,6060,10814155.0,2.36,0.84,0.15,1.45
385,2019-06-18,300721SZ,17.89,17.74,18.06,17.72,5235,9337256.0,1.9,-1.06,-0.19,1.26
386,2019-06-19,300721SZ,18.0,17.93,18.28,17.89,10433,18836092.0,2.2,1.07,0.19,2.5
387,2019-06-20,300721SZ,17.93,18.13,18.18,17.8,8611,15492414.0,2.12,1.12,0.2,2.07
388,2019-06-21,300721SZ,19.9,19.94,19.94,19.83,25173,50147184.0,0.61,9.98,1.81,6.04
389,2019-06-24,300721SZ,19.9,18.97,19.9,18.93,34137,65763025.0,4.86,-4.86,-0.97,8.19
390,2019-06-25,300721SZ,18.85,18.65,18.94,18.43,17904,33420224.0,2.69,-1.69,-0.32,4.3
391,2019-06-26,300721SZ,18.42,18.53,18.89,18.34,16116,30064356.0,2.95,-0.64,-0.12,3.87
392,2019-06-27,300721SZ,18.68,18.79,19.07,18.55,14821,27766394.0,2.81,1.4,0.26,3.56
393,2019-06-28,300721SZ,18.76,18.37,18.86,18.22,11983,22161014.0,3.41,-2.24,-0.42,2.88
394,2019-07-01,300721SZ,18.64,18.98,19.26,18.58,19485,36811776.0,3.7,3.32,0.61,4.68
395,2019-07-02,300721SZ,18.86,18.9,18.97,18.73,10210,19260962.0,1.26,-0.42,-0.08,2.45
396,2019-07-03,300721SZ,18.71,18.77,18.84,18.42,10826,20158348.0,2.22,-0.69,-0.13,2.6
397,2019-07-04,300721SZ,18.75,19.27,19.87,18.46,16447,31131955.0,7.51,2.66,0.5,3.95
398,2019-07-05,300721SZ,19.16,19.78,20.17,19.03,39017,76771299.0,5.92,2.65,0.51,9.36
399,2019-07-08,300721SZ,19.56,19.08,19.61,18.75,18274,34974134.0,4.35,-3.54,-0.7,4.39
400,2019-07-09,300721SZ,18.88,19.09,19.28,18.68,14732,27926665.0,3.14,0.05,0.01,3.54
401,2019-07-10,300721SZ,19.1,20.16,20.9,19.09,49348,99533131.0,9.48,5.61,1.07,11.84
402,2019-07-11,300721SZ,20.0,20.75,21.5,19.6,53250,108257170.0,9.42,2.93,0.59,12.78
403,2019-07-12,300721SZ,20.31,19.94,20.66,19.91,31482,63534451.0,3.61,-3.9,-0.81,7.55
404,2019-07-15,300721SZ,19.04,18.71,19.09,18.28,30847,57662168.0,4.06,-6.17,-1.23,7.4
405,2019-07-16,300721SZ,18.67,18.94,19.03,18.53,16858,31642946.0,2.67,1.23,0.23,4.05
406,2019-07-17,300721SZ,18.9,19.56,19.8,18.75,32223,62457318.0,5.54,3.27,0.62,7.73
407,2019-07-18,300721SZ,19.62,19.25,19.69,18.72,30096,57487318.0,4.96,-1.58,-0.31,7.22
408,2019-07-19,300721SZ,18.96,18.81,19.32,18.72,20763,39456253.0,3.12,-2.29,-0.44,4.98
409,2019-07-22,300721SZ,18.63,17.82,18.88,17.78,20938,38011061.0,5.85,-5.26,-0.99,5.02
410,2019-07-23,300721SZ,17.82,19.6,19.6,17.63,25854,49232748.0,11.05,9.99,1.78,6.2
411,2019-07-24,300721SZ,19.4,19.63,20.2,19.35,53826,106394081.0,4.34,0.15,0.03,12.92
412,2019-07-25,300721SZ,19.52,19.99,20.15,19.45,40114,79378339.0,3.57,1.83,0.36,9.63
413,2019-07-26,300721SZ,19.71,19.88,19.97,19.4,24855,48973209.0,2.85,-0.55,-0.11,5.96
414,2019-07-29,300721SZ,19.94,20.13,20.15,19.6,27381,54343189.0,2.77,1.26,0.25,6.57
415,2019-07-30,300721SZ,20.22,19.8,20.8,19.75,42933,87130458.0,5.22,-1.64,-0.33,10.3
416,2019-07-31,300721SZ,19.8,20.2,20.54,19.61,30628,61567813.0,4.7,2.02,0.4,7.35
417,2019-08-01,300721SZ,19.81,20.65,20.9,19.81,46065,94532794.0,5.4,2.23,0.45,11.05
418,2019-08-02,300721SZ,19.95,20.99,21.46,19.95,57922,120750579.0,7.31,1.65,0.34,13.9
419,2019-08-05,300721SZ,20.8,20.32,21.3,20.2,39868,82070890.0,5.24,-3.19,-0.67,9.57
420,2019-08-06,300721SZ,19.85,19.42,20.03,18.43,36936,71262748.0,7.87,-4.43,-0.9,8.86
421,2019-08-07,300721SZ,19.59,18.78,19.6,18.78,20906,39928798.0,4.22,-3.3,-0.64,5.02
422,2019-08-08,300721SZ,18.87,19.0,19.19,18.81,13120,24911868.0,2.02,1.17,0.22,3.15
423,2019-08-09,300721SZ,19.05,18.48,19.14,18.36,16936,31652932.0,4.11,-2.74,-0.52,4.06
424,2019-08-12,300721SZ,18.52,18.82,18.84,18.1,9854,18243951.0,4.0,1.84,0.34,2.36
425,2019-08-13,300721SZ,18.7,18.96,19.17,18.51,12608,23869004.0,3.51,0.74,0.14,3.03
426,2019-08-14,300721SZ,19.15,19.29,19.46,19.02,18727,36021704.0,2.32,1.74,0.33,4.49
427,2019-08-15,300721SZ,18.8,19.25,19.27,18.69,14145,26826072.0,3.01,-0.21,-0.04,3.39
428,2019-08-16,300721SZ,19.16,18.92,19.46,18.9,13816,26502561.0,2.91,-1.71,-0.33,3.32
429,2019-08-19,300721SZ,19.02,19.48,19.48,19.01,20377,39338549.0,2.48,2.96,0.56,4.89
430,2019-08-20,300721SZ,19.53,19.5,19.97,19.34,20943,41025226.0,3.23,0.1,0.02,5.03
431,2019-08-21,300721SZ,19.45,19.54,19.78,19.35,15488,30279711.0,2.21,0.21,0.04,3.72
432,2019-08-22,300721SZ,19.56,19.28,19.6,19.14,14274,27598764.0,2.35,-1.33,-0.26,3.43
433,2019-08-23,300721SZ,19.15,18.9,19.4,18.77,15658,29678108.0,3.27,-1.97,-0.38,3.76
434,2019-08-26,300721SZ,18.3,18.63,18.8,18.26,9466,17570590.0,2.86,-1.43,-0.27,2.27
435,2019-08-27,300721SZ,18.64,18.94,19.0,18.64,10712,20252491.0,1.93,1.66,0.31,2.57
436,2019-08-28,300721SZ,18.84,18.7,18.9,18.69,8681,16293592.0,1.11,-1.27,-0.24,2.08
437,2019-08-29,300721SZ,18.72,18.78,18.89,18.64,9719,18243255.0,1.34,0.43,0.08,2.33
438,2019-08-30,300721SZ,18.86,18.26,18.88,18.1,11879,21948024.0,4.15,-2.77,-0.52,2.85
439,2019-09-02,300721SZ,18.21,18.63,18.74,18.2,10182,18825138.0,2.96,2.03,0.37,2.44
440,2019-09-03,300721SZ,18.73,18.7,18.77,18.52,8285,15456929.0,1.34,0.38,0.07,1.99
441,2019-09-04,300721SZ,18.67,18.92,18.98,18.62,12466,23451125.0,1.93,1.18,0.22,2.99
442,2019-09-05,300721SZ,18.92,19.14,19.31,18.92,18589,35630108.0,2.06,1.16,0.22,4.46
443,2019-09-06,300721SZ,19.14,19.3,19.35,19.05,15172,29121785.0,1.57,0.84,0.16,3.64
444,2019-09-09,300721SZ,19.4,19.7,19.78,19.19,25909,50560701.0,3.06,2.07,0.4,6.22
445,2019-09-10,300721SZ,19.67,19.43,19.68,19.27,21562,41965922.0,2.08,-1.37,-0.27,5.17
446,2019-09-11,300721SZ,19.49,19.42,19.76,19.35,18898,36908355.0,2.11,-0.05,-0.01,4.53
447,2019-09-12,300721SZ,19.57,19.73,19.78,19.43,21653,42520249.0,1.8,1.6,0.31,5.2
448,2019-09-16,300721SZ,19.78,19.73,19.9,19.62,15532,30700556.0,1.42,0.0,0.0,3.73
449,2019-09-17,300721SZ,20.02,19.2,20.15,19.11,22685,44310350.0,5.27,-2.69,-0.53,5.44
450,2019-09-18,300721SZ,19.21,19.22,19.35,19.08,14830,28495158.0,1.41,0.1,0.02,3.56
451,2019-09-19,300721SZ,19.2,20.1,20.94,19.17,41881,83642100.0,9.21,4.58,0.88,10.05
452,2019-09-20,300721SZ,20.0,19.76,20.03,19.6,29247,58012958.0,2.14,-1.69,-0.34,7.02
453,2019-09-23,300721SZ,19.75,19.82,19.82,19.36,15242,29869096.0,2.33,0.3,0.06,3.66
454,2019-09-24,300721SZ,19.83,21.8,21.8,19.8,44658,93836389.0,10.09,9.99,1.98,10.72
455,2019-09-25,300721SZ,21.8,23.28,23.98,21.5,204476,483208576.0,11.38,6.79,1.48,49.07
456,2019-09-26,300721SZ,21.9,20.95,21.95,20.95,41240,87896900.0,4.3,-10.01,-2.33,9.9
457,2019-09-27,300721SZ,19.02,19.33,20.1,19.02,117599,230061734.0,5.16,-7.73,-1.62,28.22
458,2019-09-30,300721SZ,19.31,18.7,19.52,18.68,63950,121092273.0,4.35,-3.26,-0.63,15.35
459,2019-10-08,300721SZ,18.99,18.39,18.99,18.31,46617,86640557.0,3.64,-1.66,-0.31,11.19
460,2019-10-09,300721SZ,18.23,18.81,19.12,18.15,48637,90514179.0,5.27,2.28,0.42,11.67
461,2019-10-10,300721SZ,18.81,18.92,19.06,18.66,39678,74813200.0,2.13,0.58,0.11,9.52
462,2019-10-11,300721SZ,18.99,18.67,18.99,18.46,35192,65877179.0,2.8,-1.32,-0.25,8.44
463,2019-10-14,300721SZ,18.79,19.08,19.11,18.75,30091,57034553.0,1.93,2.2,0.41,7.22
464,2019-10-15,300721SZ,18.9,18.64,18.9,18.57,24718,46235405.0,1.73,-2.31,-0.44,5.93
465,2019-10-16,300721SZ,18.67,18.54,18.87,18.51,19856,37047050.0,1.93,-0.54,-0.1,4.76
466,2019-10-17,300721SZ,18.49,18.59,18.73,18.45,16249,30162630.0,1.51,0.27,0.05,3.9
467,2019-10-18,300721SZ,18.64,18.17,18.64,18.04,22243,40765232.0,3.23,-2.26,-0.42,5.34
468,2019-10-21,300721SZ,18.39,18.55,18.74,18.37,28238,52426954.0,2.04,2.09,0.38,6.78
469,2019-10-22,300721SZ,18.57,18.55,18.58,18.32,18640,34416185.0,1.4,0.0,0.0,4.47
470,2019-10-23,300721SZ,18.51,18.4,18.55,18.37,13596,25063872.0,0.97,-0.81,-0.15,3.26
471,2019-10-24,300721SZ,18.37,18.28,18.47,18.23,16088,29498030.0,1.3,-0.65,-0.12,3.86
472,2019-10-25,300721SZ,18.22,18.4,18.44,18.17,13907,25473799.0,1.48,0.66,0.12,3.34
473,2019-10-28,300721SZ,18.31,18.64,18.79,18.25,22825,42356046.0,2.93,1.3,0.24,5.48
474,2019-10-29,300721SZ,18.56,18.27,18.64,18.21,17159,31613992.0,2.31,-1.98,-0.37,4.12
475,2019-10-30,300721SZ,18.22,17.89,18.3,17.89,19165,34646217.0,2.24,-2.08,-0.38,4.6
476,2019-10-31,300721SZ,17.89,17.84,18.02,17.82,9677,17328776.0,1.12,-0.28,-0.05,2.32
477,2019-11-01,300721SZ,17.85,18.01,18.12,17.67,10243,18368276.0,2.52,0.95,0.17,2.46
478,2019-11-04,300721SZ,18.02,18.01,18.15,17.96,10910,19711233.0,1.05,0.0,0.0,2.62
479,2019-11-05,300721SZ,18.03,17.9,18.05,17.71,8764,15692804.0,1.89,-0.61,-0.11,2.1
480,2019-11-06,300721SZ,17.91,17.72,17.95,17.6,11563,20529808.0,1.96,-1.01,-0.18,2.77
481,2019-11-07,300721SZ,17.72,17.92,18.05,17.64,10101,18054882.0,2.31,1.13,0.2,2.42
482,2019-11-08,300721SZ,18.07,17.83,18.13,17.82,10056,18040832.0,1.73,-0.5,-0.09,2.41
483,2019-11-11,300721SZ,17.71,17.18,17.74,17.18,16236,28250190.0,3.14,-3.65,-0.65,3.9
484,2019-11-12,300721SZ,17.25,17.32,17.38,17.12,7170,12374033.0,1.51,0.81,0.14,1.72
485,2019-11-13,300721SZ,17.43,17.24,17.43,17.18,5809,10022961.0,1.44,-0.46,-0.08,1.36
486,2019-11-14,300721SZ,17.25,17.29,17.39,17.18,5949,10284439.0,1.22,0.29,0.05,1.42
487,2019-11-15,300721SZ,17.34,17.05,17.34,17.0,8648,14823669.0,1.97,-1.39,-0.24,2.06
488,2019-11-18,300721SZ,17.05,17.13,17.24,17.0,6224,10661650.0,1.41,0.47,0.08,1.48
489,2019-11-19,300721SZ,17.05,17.46,17.48,17.05,9363,16233470.0,2.51,1.93,0.33,2.23
490,2019-11-20,300721SZ,17.31,17.35,17.68,17.31,8493,14851414.0,2.12,-0.63,-0.11,2.02
491,2019-11-21,300721SZ,17.31,17.5,17.6,17.31,8424,14709818.0,1.67,0.86,0.15,2.01
492,2019-11-22,300721SZ,17.55,17.3,17.67,17.26,10573,18460082.0,2.34,-1.14,-0.2,2.52
493,2019-11-25,300721SZ,17.41,17.35,17.43,17.15,5999,10377931.0,1.62,0.29,0.05,1.43
494,2019-11-26,300721SZ,17.36,17.68,17.79,17.36,11877,20904352.0,2.48,1.9,0.33,2.83
495,2019-11-27,300721SZ,17.66,17.58,17.66,17.47,8431,14797470.0,1.07,-0.57,-0.1,2.01
496,2019-11-28,300721SZ,17.59,17.63,18.02,17.49,9568,16917238.0,3.01,0.28,0.05,2.28
497,2019-11-29,300721SZ,17.7,17.51,17.73,17.47,8947,15729675.0,1.47,-0.68,-0.12,2.13
498,2019-12-02,300721SZ,17.56,17.43,17.62,17.34,7095,12389600.0,1.6,-0.46,-0.08,1.69
499,2019-12-03,300721SZ,17.31,17.83,17.85,17.28,13897,24481096.0,3.27,2.29,0.4,3.31
500,2019-12-04,300721SZ,17.7,17.9,17.95,17.7,10915,19485642.0,1.4,0.39,0.07,2.6
501,2019-12-05,300721SZ,17.91,17.94,17.99,17.8,11367,20362998.0,1.06,0.22,0.04,2.71
502,2019-12-06,300721SZ,17.94,18.12,18.29,17.84,11653,21080164.0,2.51,1.0,0.18,2.77
503,2019-12-09,300721SZ,18.06,18.21,18.25,18.06,9744,17698050.0,1.05,0.5,0.09,2.32
504,2019-12-10,300721SZ,18.15,18.31,18.36,18.13,10500,19166298.0,1.26,0.55,0.1,2.5
505,2019-12-11,300721SZ,18.32,18.11,18.35,18.11,10223,18604584.0,1.31,-1.09,-0.2,2.43
506,2019-12-12,300721SZ,18.11,18.24,18.39,18.06,10685,19533193.0,1.82,0.72,0.13,2.54
507,2019-12-13,300721SZ,18.36,18.31,18.45,18.22,9709,17778461.0,1.26,0.38,0.07,2.31
508,2019-12-16,300721SZ,18.37,18.65,18.7,18.35,14266,26503121.0,1.91,1.86,0.34,3.4
509,2019-12-17,300721SZ,18.67,18.72,18.77,18.55,14318,26748683.0,1.18,0.38,0.07,3.41
510,2019-12-18,300721SZ,18.78,18.68,18.87,18.56,14894,27827548.0,1.66,-0.21,-0.04,3.55
511,2019-12-19,300721SZ,18.8,18.75,18.8,18.62,10702,20007427.0,0.96,0.37,0.07,2.55
512,2019-12-20,300721SZ,18.7,18.77,18.89,18.55,19412,36366491.0,1.81,0.11,0.02,4.62
513,2019-12-23,300721SZ,18.67,18.21,18.67,18.14,15319,28266316.0,2.82,-2.98,-0.56,3.65
514,2019-12-24,300721SZ,18.22,18.77,19.19,18.21,32951,61908477.0,5.38,3.08,0.56,7.84
515,2019-12-25,300721SZ,18.78,19.4,19.59,18.72,49281,94903097.0,4.64,3.36,0.63,11.73
516,2019-12-26,300721SZ,19.18,20.13,20.54,19.18,71188,141284289.0,7.01,3.76,0.73,16.95
517,2019-12-27,300721SZ,19.9,19.3,20.0,19.22,48127,94045390.0,3.87,-4.12,-0.83,11.46
518,2019-12-30,300721SZ,19.1,18.9,19.29,18.51,25389,47885815.0,4.04,-2.07,-0.4,6.04
519,2019-12-31,300721SZ,18.87,18.88,18.97,18.66,19458,36579594.0,1.64,-0.11,-0.02,4.63
520,2020-01-02,300721SZ,18.99,19.24,19.42,18.9,24890,47694453.0,2.75,1.91,0.36,5.93
521,2020-01-03,300721SZ,19.19,19.26,19.35,19.1,21354,41026166.0,1.3,0.1,0.02,5.08
522,2020-01-06,300721SZ,19.0,19.31,19.35,18.81,23890,45802578.0,2.8,0.26,0.05,5.69
523,2020-01-07,300721SZ,19.35,19.44,19.64,19.27,21883,42507224.0,1.92,0.67,0.13,5.21
524,2020-01-08,300721SZ,19.34,19.0,19.35,18.95,24030,45972629.0,2.06,-2.26,-0.44,5.72
525,2020-01-09,300721SZ,19.05,19.25,19.35,19.05,14990,28789987.0,1.58,1.32,0.25,3.57
526,2020-01-10,300721SZ,19.3,19.12,19.37,19.07,14165,27152041.0,1.56,-0.68,-0.13,3.37
527,2020-01-13,300721SZ,19.12,19.48,19.6,19.09,27058,52481308.0,2.67,1.88,0.36,6.44
528,2020-01-14,300721SZ,19.49,19.52,19.99,19.4,28986,57096234.0,3.03,0.21,0.04,6.9
529,2020-01-15,300721SZ,18.97,18.98,19.07,18.7,33255,62736557.0,1.9,-2.77,-0.54,7.92
530,2020-01-16,300721SZ,18.97,20.88,20.88,18.83,43137,87697577.0,10.8,10.01,1.9,10.27
531,2020-01-17,300721SZ,21.37,20.19,21.64,19.98,92845,192355576.0,7.95,-3.3,-0.69,22.1
532,2020-01-20,300721SZ,19.81,20.0,20.05,19.45,48092,94929371.0,2.97,-0.94,-0.19,11.45
533,2020-01-21,300721SZ,19.74,20.55,21.33,19.58,59691,121785767.0,8.75,2.75,0.55,14.21
534,2020-01-22,300721SZ,20.1,22.61,22.61,20.0,71535,153423314.0,12.7,10.02,2.06,17.03
535,2020-01-23,300721SZ,22.35,21.18,22.35,20.35,78571,168047520.0,8.85,-6.32,-1.43,18.7
536,2020-02-03,300721SZ,19.06,19.06,19.06,19.06,5906,11256836.0,0.0,-10.01,-2.12,1.41
537,2020-02-04,300721SZ,17.6,18.32,19.0,17.58,47669,87487517.0,7.45,-3.88,-0.74,11.35
538,2020-02-05,300721SZ,18.2,18.5,18.97,18.2,41115,76653653.0,4.2,0.98,0.18,9.79
539,2020-02-06,300721SZ,18.55,19.01,19.1,18.13,41852,78209267.0,5.24,2.76,0.51,9.96
540,2020-02-07,300721SZ,18.85,19.81,20.3,18.7,48169,93243427.0,8.42,4.21,0.8,11.47
541,2020-02-10,300721SZ,19.84,20.37,20.59,19.5,42353,84639339.0,5.5,2.83,0.56,10.08
542,2020-02-11,300721SZ,20.25,19.9,20.47,19.75,34353,68893215.0,3.53,-2.31,-0.47,8.18
543,2020-02-12,300721SZ,19.82,20.19,20.35,19.72,38730,77817377.0,3.17,1.46,0.29,9.22
544,2020-02-13,300721SZ,19.98,20.73,21.48,19.7,57932,118859872.0,8.82,2.67,0.54,13.79
545,2020-02-14,300721SZ,20.5,21.12,21.92,20.4,57992,122697461.0,7.33,1.88,0.39,13.81
546,2020-02-17,300721SZ,21.61,21.44,21.77,20.75,53423,113884412.0,4.83,1.52,0.32,12.72
547,2020-02-18,300721SZ,21.45,22.55,23.0,21.17,69574,154470372.0,8.54,5.18,1.11,16.56
548,2020-02-19,300721SZ,22.11,22.21,23.53,21.57,79872,179122262.0,8.69,-1.51,-0.34,19.01
549,2020-02-20,300721SZ,22.17,22.28,22.66,21.33,57237,126091396.0,5.99,0.32,0.07,13.63
550,2020-02-21,300721SZ,22.29,22.22,22.59,21.77,55858,124084830.0,3.68,-0.27,-0.06,13.3
551,2020-02-24,300721SZ,21.9,22.76,23.43,21.8,60727,138153336.0,7.34,2.43,0.54,14.46
552,2020-02-25,300721SZ,21.89,22.42,22.96,21.26,61681,136560221.0,7.47,-1.49,-0.34,14.68
553,2020-02-26,300721SZ,21.85,21.11,22.39,21.0,47118,102423124.0,6.2,-5.84,-1.31,11.22
554,2020-02-27,300721SZ,21.2,20.72,21.42,20.5,35056,73350213.0,4.36,-1.85,-0.39,8.35
555,2020-02-28,300721SZ,19.66,18.84,20.0,18.79,41139,79993035.0,5.84,-9.07,-1.88,9.79
556,2020-03-02,300721SZ,19.1,19.66,19.7,19.07,30064,58426089.0,3.34,4.35,0.82,7.16
557,2020-03-03,300721SZ,19.94,19.92,20.38,19.65,32173,64498704.0,3.71,1.32,0.26,7.66
558,2020-03-04,300721SZ,19.7,20.39,20.41,19.7,25919,52049006.0,3.56,2.36,0.47,6.17
559,2020-03-05,300721SZ,20.5,20.42,20.51,20.12,26587,54134819.0,1.91,0.15,0.03,6.33
560,2020-03-06,300721SZ,20.23,20.27,20.41,20.02,21718,43928967.0,1.91,-0.73,-0.15,5.17
561,2020-03-09,300721SZ,20.0,19.58,20.21,19.36,22715,44997735.0,4.19,-3.4,-0.69,5.41
562,2020-03-10,300721SZ,19.19,20.26,20.29,19.19,27630,54795468.0,5.62,3.47,0.68,6.58
563,2020-03-11,300721SZ,20.38,20.27,20.89,20.09,35245,71965094.0,3.95,0.05,0.01,8.39
564,2020-03-12,300721SZ,20.07,19.97,20.5,19.7,20182,40407236.0,3.95,-1.48,-0.3,4.81
565,2020-03-13,300721SZ,19.15,19.89,20.13,18.44,26517,51590423.0,8.46,-0.4,-0.08,6.31
566,2020-03-16,300721SZ,19.99,19.25,20.46,19.01,28423,56466091.0,7.29,-3.22,-0.64,6.77
567,2020-03-17,300721SZ,19.42,21.18,21.18,19.28,76267,160309505.0,9.87,10.03,1.93,18.16
568,2020-03-18,300721SZ,21.79,21.8,23.3,21.5,146824,328902880.0,8.5,2.93,0.62,34.96
569,2020-03-19,300721SZ,21.0,23.98,23.98,20.91,143228,324168832.0,14.08,10.0,2.18,34.11
570,2020-03-20,300721SZ,24.59,23.36,25.52,22.78,176970,428278048.0,11.43,-2.59,-0.62,42.14
571,2020-03-23,300721SZ,22.16,21.5,22.69,21.21,98079,215315152.0,6.34,-7.96,-1.86,23.36
572,2020-03-24,300721SZ,22.2,22.48,22.92,21.32,99034,220338973.0,7.44,4.56,0.98,23.58
573,2020-03-25,300721SZ,21.5,21.81,22.15,21.26,106941,231625511.0,3.96,-2.98,-0.67,25.47
574,2020-03-26,300721SZ,21.5,20.13,21.6,19.83,86621,179529045.0,8.12,-7.7,-1.68,20.63
575,2020-03-27,300721SZ,20.29,19.57,20.38,19.5,51329,101946777.0,4.37,-2.78,-0.56,12.22
576,2020-03-30,300721SZ,19.16,18.72,19.3,17.97,42536,79196968.0,6.8,-4.34,-0.85,10.13
577,2020-03-31,300721SZ,18.88,18.87,19.37,18.71,33755,64304777.0,3.53,0.8,0.15,8.04
578,2020-04-01,300721SZ,18.56,18.67,19.27,18.56,26601,50398558.0,3.76,-1.06,-0.2,6.33
579,2020-04-02,300721SZ,18.52,19.29,19.36,18.51,36435,69291832.0,4.55,3.32,0.62,8.68
580,2020-04-03,300721SZ,19.1,18.94,19.46,18.9,32210,61677163.0,2.9,-1.81,-0.35,7.67
581,2020-04-07,300721SZ,19.32,19.37,19.56,19.13,36451,70497553.0,2.27,2.27,0.43,8.68
582,2020-04-08,300721SZ,19.27,19.61,19.69,19.13,41896,81422887.0,2.89,1.24,0.24,9.98
583,2020-04-09,300721SZ,19.58,19.78,20.0,19.51,38602,76244118.0,2.5,0.87,0.17,9.19
584,2020-04-10,300721SZ,19.69,18.83,19.69,18.7,37629,71847459.0,5.01,-4.8,-0.95,8.96
585,2020-04-13,300721SZ,18.85,18.91,18.93,18.51,19449,36420097.0,2.23,0.42,0.08,4.63
586,2020-04-14,300721SZ,18.9,19.23,19.27,18.82,21172,40405641.0,2.38,1.69,0.32,5.04
587,2020-04-15,300721SZ,19.17,18.84,19.27,18.8,20703,39474450.0,2.44,-2.03,-0.39,4.93
588,2020-04-16,300721SZ,18.8,19.1,19.23,18.6,26148,49736517.0,3.34,1.38,0.26,6.23
589,2020-04-17,300721SZ,19.19,18.99,19.47,18.97,31293,60145052.0,2.62,-0.58,-0.11,7.45
590,2020-04-20,300721SZ,18.97,18.92,19.07,18.78,21103,39908203.0,1.53,-0.37,-0.07,5.03
591,2020-04-21,300721SZ,18.87,18.7,18.89,18.3,25999,48190675.0,3.12,-1.16,-0.22,6.19
592,2020-04-22,300721SZ,18.49,18.91,19.25,18.44,28441,54063756.0,4.33,1.12,0.21,6.77
593,2020-04-23,300721SZ,18.94,18.5,18.94,18.46,22508,41996246.0,2.54,-2.17,-0.41,5.36
594,2020-04-24,300721SZ,18.55,17.86,18.59,17.7,28420,51239175.0,4.81,-3.46,-0.64,6.77
595,2020-04-27,300721SZ,17.88,17.42,17.98,17.41,14460,25394296.0,3.19,-2.46,-0.44,3.44
596,2020-04-28,300721SZ,17.42,17.02,17.42,16.13,24730,41799080.0,7.41,-2.3,-0.4,5.89
597,2020-04-29,300721SZ,16.9,17.03,17.25,16.8,14497,24774323.0,2.64,0.06,0.01,3.45
598,2020-04-30,300721SZ,17.18,17.72,17.8,17.12,19997,35034899.0,3.99,4.05,0.69,4.76
599,2020-05-06,300721SZ,17.42,18.37,18.47,17.41,24819,44920830.0,5.98,3.67,0.65,5.91
600,2020-05-07,300721SZ,18.19,17.95,18.58,17.88,22742,41263697.0,3.81,-2.29,-0.42,5.42
601,2020-05-08,300721SZ,18.01,18.18,18.35,18.01,19272,35093564.0,1.89,1.28,0.23,4.59
602,2020-05-11,300721SZ,18.41,18.5,19.0,18.18,31286,58061801.0,4.51,1.76,0.32,7.45
603,2020-05-12,300721SZ,18.3,18.2,18.44,17.91,22584,40921531.0,2.86,-1.62,-0.3,5.38
604,2020-05-13,300721SZ,18.0,18.22,18.35,17.95,13181,24044327.0,2.2,0.11,0.02,3.14
605,2020-05-14,300721SZ,18.17,18.38,18.75,18.01,23170,42635709.0,4.06,0.88,0.16,5.52
606,2020-05-15,300721SZ,18.41,18.73,19.06,18.31,22813,42594770.0,4.08,1.9,0.35,5.43
607,2020-05-18,300721SZ,18.84,18.87,19.68,18.81,36474,69669063.0,4.64,0.75,0.14,8.69
608,2020-05-19,300721SZ,18.75,19.99,20.48,18.7,68376,134104610.0,9.43,5.94,1.12,16.28
609,2020-05-20,300721SZ,19.56,19.28,20.19,19.2,55875,109659237.0,4.95,-3.55,-0.71,13.31
610,2020-05-21,300721SZ,19.43,21.21,21.21,18.89,80581,161770302.0,12.03,10.01,1.93,19.19
611,2020-05-22,300721SZ,21.31,23.33,23.33,21.31,179589,407312768.0,9.52,10.0,2.12,42.77
612,2020-05-25,300721SZ,23.77,21.35,25.5,21.0,215077,502216144.0,19.29,-8.49,-1.98,51.22
613,2020-05-26,300721SZ,20.41,20.8,21.4,20.03,152729,316422384.0,6.42,-2.58,-0.55,36.37
614,2020-05-27,300721SZ,20.38,19.75,20.9,19.66,126562,256159534.0,5.96,-5.05,-1.05,30.14
615,2020-05-28,300721SZ,19.51,18.93,19.73,18.61,83112,159087669.0,5.67,-4.15,-0.82,19.79
616,2020-05-29,300721SZ,18.76,18.81,19.34,18.76,52455,99912010.0,3.06,-0.63,-0.12,12.49
617,2020-06-01,300721SZ,18.92,19.44,19.77,18.88,62187,120234202.0,4.73,3.35,0.63,14.81
618,2020-06-02,300721SZ,19.46,20.15,20.44,19.15,87369,174647076.0,6.64,3.65,0.71,20.81
619,2020-06-03,300721SZ,20.05,20.71,21.53,19.91,113815,236556648.0,8.04,2.78,0.56,27.1
620,2020-06-04,300721SZ,20.55,20.56,21.09,20.41,71763,148270641.0,3.28,-0.72,-0.15,17.09
621,2020-06-05,300721SZ,20.4,21.37,22.0,20.36,100991,216242053.0,7.98,3.94,0.81,24.05
622,2020-06-08,300721SZ,21.5,21.03,21.9,21.0,76660,164374182.0,4.21,-1.59,-0.34,18.25
623,2020-06-09,300721SZ,21.3,21.12,21.79,20.58,63432,134252907.0,5.75,0.43,0.09,15.11
624,2020-06-10,300721SZ,20.99,20.56,21.35,20.41,53031,109614918.0,4.45,-2.65,-0.56,12.63
625,2020-06-11,300721SZ,20.6,21.22,21.39,20.4,74330,156166586.0,4.82,3.21,0.66,17.7
626,2020-06-12,300721SZ,20.6,20.77,21.18,20.58,46837,97855904.0,2.83,-2.12,-0.45,11.15
627,2020-06-15,300721SZ,20.45,21.22,21.47,19.88,59687,124444846.0,7.66,2.17,0.45,14.21
628,2020-06-16,300721SZ,21.22,21.32,21.79,21.05,55262,117884093.0,3.49,0.47,0.1,13.16
629,2020-06-17,300721SZ,21.1,20.97,21.26,20.71,41410,86611498.0,2.58,-1.64,-0.35,9.86
630,2020-06-18,300721SZ,21.05,20.94,21.33,20.81,33832,71297914.0,2.48,-0.14,-0.03,8.06
631,2020-06-19,300721SZ,20.8,20.46,21.04,20.33,40855,84025208.0,3.39,-2.29,-0.48,9.73
632,2020-06-22,300721SZ,20.48,21.29,21.57,20.36,63311,134138745.0,5.91,4.06,0.83,15.08
633,2020-06-23,300721SZ,21.3,20.81,21.3,20.7,32473,68089621.0,2.82,-2.25,-0.48,7.73
634,2020-06-24,300721SZ,20.8,21.66,22.12,20.71,81036,174481667.0,6.78,4.08,0.85,19.3
635,2020-06-29,300721SZ,21.55,22.49,22.85,21.41,85212,189471721.0,6.65,3.83,0.83,20.29
636,2020-06-30,300721SZ,22.4,22.36,22.42,22.02,63411,141053719.0,1.78,-0.58,-0.13,15.1
637,2020-07-01,300721SZ,22.3,21.84,22.3,21.11,67237,146205385.0,5.32,-2.33,-0.52,16.01
638,2020-07-02,300721SZ,21.6,22.85,22.97,21.51,71287,159995629.0,6.68,4.62,1.01,16.98
639,2020-07-03,300721SZ,22.66,22.45,23.16,22.25,54910,123989698.0,3.98,-1.75,-0.4,13.08
640,2020-07-06,300721SZ,22.44,22.99,23.32,22.25,64517,147188229.0,4.77,2.41,0.54,15.36
641,2020-07-07,300721SZ,23.3,23.54,23.68,22.74,78024,181139752.0,4.09,2.39,0.55,18.58
642,2020-07-08,300721SZ,23.27,23.67,23.67,23.07,56794,132795509.0,2.55,0.55,0.13,13.52
643,2020-07-09,300721SZ,23.6,26.04,26.04,23.34,68707,169302661.0,11.41,10.01,2.37,16.36
644,2020-07-10,300721SZ,27.05,26.36,28.16,26.06,125685,339874448.0,8.06,1.23,0.32,29.93
645,2020-07-13,300721SZ,26.42,26.81,28.08,26.26,87480,236511250.0,6.9,1.71,0.45,20.83
646,2020-07-14,300721SZ,26.48,25.72,27.39,25.01,77929,202711694.0,8.88,-4.07,-1.09,18.56
647,2020-07-15,300721SZ,25.74,24.12,25.95,24.05,55128,136620233.0,7.39,-6.22,-1.6,13.13
648,2020-07-16,300721SZ,23.98,22.95,24.4,22.65,39388,93177486.0,7.26,-4.85,-1.17,9.38
649,2020-07-17,300721SZ,22.93,22.59,23.73,22.41,29015,66332224.0,5.75,-1.57,-0.36,6.91
650,2020-07-20,300721SZ,22.81,23.1,23.16,22.71,36134,82884267.0,1.99,2.26,0.51,8.6
651,2020-07-21,300721SZ,23.05,22.76,23.28,22.6,30297,69478542.0,2.94,-1.47,-0.34,7.21
652,2020-07-22,300721SZ,22.95,23.0,23.56,22.7,32230,74714213.0,3.78,1.05,0.24,7.67
653,2020-07-23,300721SZ,22.78,22.3,22.95,21.6,35053,78030951.0,5.87,-3.04,-0.7,8.35
654,2020-07-24,300721SZ,22.2,21.25,22.5,20.55,33394,72392348.0,8.74,-4.71,-1.05,7.95
655,2020-07-27,300721SZ,21.3,21.45,21.52,20.87,17030,36227882.0,3.06,0.94,0.2,4.06
656,2020-07-28,300721SZ,21.48,21.72,21.94,21.47,20174,43773344.0,2.19,1.26,0.27,4.8
657,2020-07-29,300721SZ,21.72,22.23,22.26,21.51,22983,50533996.0,3.45,2.35,0.51,5.47
658,2020-07-30,300721SZ,22.15,22.46,22.69,22.12,25297,56738944.0,2.56,1.03,0.23,6.02
659,2020-07-31,300721SZ,22.06,22.37,22.58,21.85,30629,68100160.0,3.25,-0.4,-0.09,7.29
660,2020-08-03,300721SZ,22.54,23.22,23.37,22.54,32076,74077058.0,3.71,3.8,0.85,7.64
661,2020-08-04,300721SZ,23.35,23.73,23.79,23.1,34068,80011501.0,2.97,2.2,0.51,8.11
662,2020-08-05,300721SZ,24.31,24.45,24.98,23.72,57455,140101163.0,5.31,3.03,0.72,13.68
663,2020-08-06,300721SZ,24.1,24.22,25.2,23.88,47608,116435555.0,5.4,-0.94,-0.23,11.34
664,2020-08-07,300721SZ,24.2,23.52,24.23,22.08,34697,81073004.0,8.88,-2.89,-0.7,8.26
665,2020-08-10,300721SZ,24.04,25.87,25.87,23.6,68857,171667338.0,9.65,9.99,2.35,16.4
666,2020-08-11,300721SZ,28.46,27.13,28.46,26.28,119073,333237584.0,8.43,4.87,1.26,28.35
667,2020-08-12,300721SZ,26.22,29.84,29.84,26.22,189371,553237312.0,13.34,9.99,2.71,45.09
668,2020-08-13,300721SZ,28.0,27.4,29.64,27.03,160057,451410320.0,8.75,-8.18,-2.44,38.11
669,2020-08-14,300721SZ,26.4,24.66,26.79,24.66,102456,259119081.0,7.77,-10.0,-2.74,24.4
670,2020-08-17,300721SZ,24.71,26.07,26.4,24.5,79208,201719333.0,7.7,5.72,1.41,18.86
671,2020-08-18,300721SZ,26.0,25.51,26.53,25.25,58716,151544843.0,4.91,-2.15,-0.56,13.98
672,2020-08-19,300721SZ,25.53,24.88,25.89,24.77,40884,102827591.0,4.39,-2.47,-0.63,9.74
673,2020-08-20,300721SZ,24.76,24.28,24.98,24.15,31501,77359676.0,3.34,-2.41,-0.6,7.5
674,2020-08-21,300721SZ,24.43,26.71,26.71,24.4,94457,247836852.0,9.51,10.01,2.43,22.49
675,2020-08-24,300721SZ,26.71,27.04,27.89,26.25,92541,250362326.0,6.14,1.24,0.33,22.04
676,2020-08-25,300721SZ,27.32,27.0,27.82,26.52,59025,159476789.0,4.81,-0.15,-0.04,14.06
677,2020-08-26,300721SZ,27.2,28.2,29.6,26.0,88833,245299388.0,13.33,4.44,1.2,21.15
678,2020-08-27,300721SZ,29.0,29.48,30.8,27.6,108983,317271200.0,11.35,4.54,1.28,25.95
679,2020-08-28,300721SZ,28.74,30.9,32.99,28.74,127664,394713380.0,14.42,4.82,1.42,30.4
680,2020-08-31,300721SZ,29.79,29.67,31.64,29.4,89891,272640160.0,7.25,-3.98,-1.23,21.41
681,2020-09-01,300721SZ,31.0,29.39,31.49,28.5,89113,265474260.0,10.08,-0.94,-0.28,21.22
682,2020-09-02,300721SZ,29.38,30.97,31.5,29.0,94309,285925488.0,8.51,5.38,1.58,22.46
683,2020-09-03,300721SZ,30.4,29.3,30.4,28.1,80150,233804798.0,7.43,-5.39,-1.67,19.09
684,2020-09-04,300721SZ,28.51,29.03,30.39,28.51,58044,171214591.0,6.42,-0.92,-0.27,13.82
685,2020-09-07,300721SZ,28.94,30.71,31.83,28.81,91533,280188816.0,10.4,5.79,1.68,21.8
686,2020-09-08,300721SZ,30.61,31.18,31.83,29.81,96918,301333392.0,6.58,1.53,0.47,23.08
687,2020-09-09,300721SZ,30.41,27.81,30.8,27.7,82963,241829326.0,9.94,-10.81,-3.37,19.76
688,2020-09-10,300721SZ,28.3,25.8,28.49,25.56,63241,170013402.0,10.54,-7.23,-2.01,15.06
689,2020-09-11,300721SZ,25.85,26.98,27.02,25.54,36134,95771493.0,5.74,4.57,1.18,8.6
690,2020-09-14,300721SZ,26.75,29.92,30.15,26.69,63623,181823551.0,12.82,10.9,2.94,15.15
691,2020-09-15,300721SZ,30.18,31.12,32.5,29.98,84083,260673912.0,8.42,4.01,1.2,20.02
692,2020-09-16,300721SZ,31.49,31.53,32.0,30.34,61524,192183440.0,5.33,1.32,0.41,14.65
693,2020-09-17,300721SZ,31.93,34.05,37.84,31.88,149832,532557328.0,18.9,7.99,2.52,35.68
694,2020-09-18,300721SZ,33.9,34.22,36.38,32.5,125392,431311206.0,11.4,0.5,0.17,29.86
695,2020-09-21,300721SZ,34.83,33.08,34.83,32.0,84207,278249940.0,8.27,-3.33,-1.14,20.05
696,2020-09-22,300721SZ,32.21,31.85,33.8,31.69,73849,241527356.0,6.38,-3.72,-1.23,17.59
697,2020-09-23,300721SZ,32.15,32.6,33.0,31.34,66177,213755814.0,5.21,2.35,0.75,15.76
698,2020-09-24,300721SZ,32.6,31.4,32.9,31.28,65789,211042447.0,4.97,-3.68,-1.2,15.67
699,2020-09-25,300721SZ,32.12,31.9,33.1,31.56,54438,175595259.0,4.9,1.59,0.5,12.96
700,2020-09-28,300721SZ,30.67,30.06,31.5,29.6,55828,169585660.0,5.96,-5.77,-1.84,13.29
701,2020-09-29,300721SZ,30.51,34.05,34.19,30.51,91054,298852906.0,12.24,13.27,3.99,21.68
702,2020-09-30,300721SZ,33.22,33.35,34.99,33.0,64779,218083183.0,5.84,-2.06,-0.7,15.43
703,2020-10-09,300721SZ,33.93,35.22,36.35,33.0,84972,291948776.0,10.04,5.61,1.87,20.23
704,2020-10-12,300721SZ,35.31,36.36,36.36,34.3,85215,299776844.0,5.85,3.24,1.14,20.29
705,2020-10-13,300721SZ,36.0,34.05,36.3,34.05,72687,252031446.0,6.19,-6.35,-2.31,17.31
706,2020-10-14,300721SZ,34.5,33.61,35.2,33.51,63070,216635782.0,4.96,-1.29,-0.44,15.02
707,2020-10-15,300721SZ,33.37,33.98,34.87,32.5,57729,195378792.0,7.05,1.1,0.37,13.75
708,2020-10-16,300721SZ,33.94,35.65,35.88,33.11,70731,246592310.0,8.15,4.91,1.67,16.84
709,2020-10-19,300721SZ,36.28,33.94,36.48,33.0,65523,225215689.0,9.76,-4.8,-1.71,15.6
710,2020-10-20,300721SZ,33.88,34.25,34.5,33.2,36653,124316919.0,3.83,0.91,0.31,8.73
711,2020-10-21,300721SZ,33.99,31.95,34.19,31.88,45219,147590061.0,6.74,-6.72,-2.3,10.77
712,2020-10-22,300721SZ,31.68,34.82,35.97,31.48,84391,289639344.0,14.05,8.98,2.87,20.1
713,2020-10-23,300721SZ,35.39,34.82,36.33,34.51,63866,226231408.0,5.23,0.0,0.0,15.21
714,2020-10-26,300721SZ,35.49,34.68,35.55,33.57,44174,152041196.0,5.69,-0.4,-0.14,10.52
715,2020-10-27,300721SZ,34.48,33.43,35.34,33.38,45975,157310540.0,5.65,-3.6,-1.25,10.95
716,2020-10-28,300721SZ,34.38,34.68,35.3,32.6,59072,201440821.0,8.08,3.74,1.25,14.07
717,2020-10-29,300721SZ,34.0,32.85,34.59,32.62,58959,197264832.0,5.68,-5.28,-1.83,14.04
718,2020-10-30,300721SZ,32.3,30.57,32.37,30.31,54632,169933700.0,6.27,-6.94,-2.28,13.01
719,2020-11-02,300721SZ,30.29,31.33,31.34,29.9,25962,79736606.0,4.71,2.49,0.76,6.18
720,2020-11-03,300721SZ,31.33,31.18,31.7,30.93,21149,66103172.0,2.46,-0.48,-0.15,5.04
721,2020-11-04,300721SZ,31.59,31.0,32.3,30.55,27431,85955525.0,5.61,-0.58,-0.18,6.53
722,2020-11-05,300721SZ,31.03,30.61,31.52,30.26,27301,83893666.0,4.06,-1.26,-0.39,6.5
723,2020-11-06,300721SZ,31.0,29.95,31.36,29.11,35374,106153230.0,7.35,-2.16,-0.66,8.42
724,2020-11-09,300721SZ,29.99,31.41,31.84,29.95,36859,114840409.0,6.31,4.87,1.46,8.78
725,2020-11-10,300721SZ,31.09,31.14,31.74,30.38,26932,83708316.0,4.33,-0.86,-0.27,6.41
726,2020-11-11,300721SZ,30.8,31.29,31.88,30.66,25159,78630190.0,3.92,0.48,0.15,5.99
727,2020-11-12,300721SZ,31.77,31.74,32.48,30.91,29023,91354761.0,5.02,1.44,0.45,6.91
728,2020-11-13,300721SZ,31.21,31.95,32.18,31.1,30948,98223379.0,3.4,0.66,0.21,7.37
729,2020-11-16,300721SZ,32.88,34.28,34.93,32.44,67829,228937287.0,7.79,7.29,2.33,16.15
730,2020-11-17,300721SZ,34.0,34.32,35.22,33.51,64379,221478464.0,4.99,0.12,0.04,15.33
731,2020-11-18,300721SZ,34.49,35.45,36.1,34.4,55157,194474917.0,4.95,3.29,1.13,8.35
732,2020-11-19,300721SZ,35.5,36.97,37.77,34.6,67491,246641106.0,8.94,4.29,1.52,10.22
733,2020-11-20,300721SZ,36.1,36.5,36.91,35.7,56634,205985779.0,3.27,-1.27,-0.47,8.57
734,2020-11-23,300721SZ,35.87,37.03,38.84,35.87,73293,272201168.0,8.14,1.45,0.53,11.1
735,2020-11-24,300721SZ,36.41,37.19,38.2,36.09,52332,194513005.0,5.7,0.43,0.16,7.92
736,2020-11-25,300721SZ,37.22,35.91,38.2,35.48,51215,187777400.0,7.31,-3.44,-1.28,7.75
737,2020-11-26,300721SZ,35.94,35.78,36.88,35.47,29099,104869464.0,3.93,-0.36,-0.13,4.41
738,2020-11-27,300721SZ,35.93,35.17,36.46,34.69,30034,106187135.0,4.95,-1.7,-0.61,4.55
739,2020-11-30,300721SZ,35.17,34.5,35.57,34.0,30710,106459497.0,4.46,-1.91,-0.67,3.87
740,2020-12-01,300721SZ,34.71,34.5,35.0,34.03,22362,77234365.0,2.81,0.0,0.0,2.82
741,2020-12-02,300721SZ,34.29,34.62,34.92,34.13,23153,79730267.0,2.29,0.35,0.12,2.92
742,2020-12-03,300721SZ,34.66,33.6,34.66,32.93,28774,96779925.0,5.0,-2.95,-1.02,3.63
743,2020-12-04,300721SZ,33.6,33.84,34.2,33.4,20224,68362874.0,2.38,0.71,0.24,2.55
744,2020-12-07,300721SZ,33.82,34.81,36.0,33.8,38419,134448763.0,6.5,2.87,0.97,4.84
745,2020-12-08,300721SZ,34.49,34.52,35.15,34.35,22499,78074487.0,2.3,-0.83,-0.29,2.84
746,2020-12-09,300721SZ,34.52,33.5,34.52,33.19,20627,69812851.0,3.85,-2.95,-1.02,2.6
747,2020-12-10,300721SZ,33.09,32.9,33.79,32.59,18071,59884008.0,3.58,-1.79,-0.6,2.28
748,2020-12-11,300721SZ,32.55,31.9,33.23,31.22,24109,77548628.0,6.11,-3.04,-1.0,3.04
749,2020-12-14,300721SZ,31.88,32.82,33.1,31.48,20088,65303515.0,5.08,2.88,0.92,2.53
750,2020-12-15,300721SZ,32.86,32.38,32.99,32.24,12927,42036404.0,2.29,-1.34,-0.44,1.63
751,2020-12-16,300721SZ,32.13,31.77,32.38,31.5,12661,40248937.0,2.72,-1.88,-0.61,1.6
752,2020-12-17,300721SZ,31.7,31.78,31.86,30.83,17879,56144668.0,3.24,0.03,0.01,2.25
753,2020-12-18,300721SZ,32.49,31.89,32.55,31.6,17310,55341557.0,2.99,0.35,0.11,2.18
754,2020-12-21,300721SZ,31.5,31.31,32.17,31.24,15174,48063825.0,2.92,-1.82,-0.58,1.91
755,2020-12-22,300721SZ,31.31,31.72,32.98,30.75,26455,84298554.0,7.12,1.31,0.41,3.33
756,2020-12-23,300721SZ,31.6,30.77,31.75,30.68,20477,63500241.0,3.37,-2.99,-0.95,2.58
757,2020-12-24,300721SZ,30.78,30.83,32.05,30.69,24058,75130012.0,4.42,0.19,0.06,3.03
758,2020-12-25,300721SZ,30.32,30.96,31.15,30.32,14658,45140345.0,2.69,0.42,0.13,1.85
759,2020-12-28,300721SZ,30.54,29.89,30.99,29.82,14954,45103635.0,3.78,-3.46,-1.07,1.88
760,2020-12-29,300721SZ,29.89,29.39,30.4,29.3,17594,52442396.0,3.68,-1.67,-0.5,2.22
761,2020-12-30,300721SZ,29.39,28.76,29.39,28.28,21669,62455875.0,3.78,-2.14,-0.63,2.73
762,2020-12-31,300721SZ,28.8,29.21,29.66,28.73,13759,40116515.0,3.23,1.56,0.45,1.73
763,2021-01-04,300721SZ,29.25,31.09,31.21,28.5,33990,101006593.0,9.28,6.44,1.88,4.28
764,2021-01-05,300721SZ,30.78,34.8,35.98,30.62,56802,187774105.0,17.24,11.93,3.71,7.16
765,2021-01-06,300721SZ,34.7,34.5,35.54,34.13,38410,133853324.0,4.05,-0.86,-0.3,4.84
766,2021-01-07,300721SZ,34.35,36.17,37.27,34.35,47852,171452344.0,8.46,4.84,1.67,6.03
767,2021-01-08,300721SZ,36.06,36.08,36.57,35.23,29192,105186395.0,3.7,-0.25,-0.09,3.68
768,2021-01-11,300721SZ,36.14,36.02,36.98,35.7,28811,104511715.0,3.55,-0.17,-0.06,3.63
769,2021-01-12,300721SZ,36.0,36.8,38.2,36.0,28337,105241273.0,6.11,2.17,0.78,3.57
770,2021-01-13,300721SZ,37.0,35.69,37.26,35.5,24263,88345603.0,4.78,-3.02,-1.11,3.06
771,2021-01-14,300721SZ,36.19,35.88,36.3,34.81,24058,85596670.0,4.17,0.53,0.19,3.03
772,2021-01-15,300721SZ,37.11,39.07,39.92,37.11,47684,185635094.0,7.83,8.89,3.19,6.01
773,2021-01-18,300721SZ,38.43,39.16,39.8,38.16,32369,126058504.0,4.2,0.23,0.09,4.08
774,2021-01-19,300721SZ,38.11,37.59,39.38,37.41,27942,107399831.0,5.03,-4.01,-1.57,3.52
775,2021-01-20,300721SZ,37.46,37.24,37.88,36.63,21300,79128747.0,3.33,-0.93,-0.35,2.68
776,2021-01-21,300721SZ,36.82,36.6,37.55,36.37,19782,73110455.0,3.17,-1.72,-0.64,2.49
777,2021-01-22,300721SZ,36.6,35.29,36.6,34.82,23194,82043231.0,4.86,-3.58,-1.31,2.92
778,2021-01-25,300721SZ,35.09,34.29,35.34,33.99,21307,73596069.0,3.83,-2.83,-1.0,2.69
779,2021-01-26,300721SZ,34.27,32.6,34.28,32.32,23835,78928873.0,5.72,-4.93,-1.69,3.0
780,2021-01-27,300721SZ,32.32,31.6,32.81,31.21,24324,77636957.0,4.91,-3.07,-1.0,3.07
781,2021-01-28,300721SZ,31.6,31.23,32.99,31.1,19835,63451800.0,5.98,-1.17,-0.37,2.5
782,2021-01-29,300721SZ,31.23,31.38,32.28,30.52,24605,76731954.0,5.64,0.48,0.15,3.1
783,2021-02-01,300721SZ,31.38,32.11,32.87,31.16,22754,73217798.0,5.45,2.33,0.73,2.87
784,2021-02-02,300721SZ,32.06,31.6,32.55,31.47,16267,51615192.0,3.36,-1.59,-0.51,2.05
785,2021-02-03,300721SZ,31.57,30.32,31.57,30.17,13120,40486745.0,4.43,-4.05,-1.28,1.65
786,2021-02-04,300721SZ,30.61,30.66,30.86,29.9,12830,38872736.0,3.17,1.12,0.34,1.62
787,2021-02-05,300721SZ,30.75,29.74,31.55,29.7,15030,46178800.0,6.03,-3.0,-0.92,1.89
788,2021-02-08,300721SZ,29.72,30.02,31.09,28.8,13930,41959477.0,7.7,0.94,0.28,1.76
789,2021-02-09,300721SZ,30.15,30.69,30.93,29.7,16543,50159922.0,4.1,2.23,0.67,2.08
790,2021-02-10,300721SZ,30.45,30.21,31.52,29.9,13105,39827369.0,5.28,-1.56,-0.48,1.65
791,2021-02-18,300721SZ,30.68,32.91,33.13,30.5,22191,71595082.0,8.71,8.94,2.7,2.8
792,2021-02-19,300721SZ,32.61,34.44,34.76,32.61,26167,89081136.0,6.53,4.65,1.53,3.3
793,2021-02-22,300721SZ,35.5,35.31,35.99,34.72,25948,92177838.0,3.69,2.53,0.87,3.27
794,2021-02-23,300721SZ,34.83,34.78,35.6,34.6,20956,73652368.0,2.83,-1.5,-0.53,2.64
795,2021-02-24,300721SZ,35.02,35.46,36.4,34.84,19052,68145216.0,4.49,1.96,0.68,2.4
796,2021-02-25,300721SZ,35.54,34.18,36.09,34.0,18004,62588365.0,5.89,-3.61,-1.28,2.27
797,2021-02-26,300721SZ,33.23,35.31,36.35,33.23,26998,94815830.0,9.13,3.31,1.13,3.4
798,2021-03-01,300721SZ,35.86,36.94,36.95,35.61,20211,73587074.0,3.79,4.62,1.63,2.55
799,2021-03-02,300721SZ,36.94,37.13,37.13,35.8,19119,69666312.0,3.6,0.51,0.19,2.41
800,2021-03-03,300721SZ,36.85,36.99,37.23,36.3,11854,43522407.0,2.5,-0.38,-0.14,1.49
801,2021-03-04,300721SZ,36.9,36.3,37.36,36.1,12438,45556710.0,3.41,-1.87,-0.69,1.57
802,2021-03-05,300721SZ,35.96,36.28,36.75,35.9,9264,33786622.0,2.34,-0.06,-0.02,1.17
803,2021-03-08,300721SZ,36.5,35.69,37.26,35.69,13164,48238437.0,4.33,-1.63,-0.59,1.66
804,2021-03-09,300721SZ,35.5,33.2,36.38,33.19,26183,90946127.0,8.94,-6.98,-2.49,3.3
805,2021-03-10,300721SZ,33.43,32.31,34.08,32.3,15644,51240215.0,5.36,-2.68,-0.89,1.97
806,2021-03-11,300721SZ,32.46,34.17,34.32,31.99,15462,51841965.0,7.21,5.76,1.86,1.95
807,2021-03-12,300721SZ,34.8,35.15,35.75,33.83,14140,49253388.0,5.62,2.87,0.98,1.78
808,2021-03-15,300721SZ,35.56,35.77,36.77,35.15,13082,46935191.0,4.61,1.76,0.62,1.65
809,2021-03-16,300721SZ,35.76,34.82,36.1,34.5,13281,46536419.0,4.47,-2.66,-0.95,1.67
810,2021-03-17,300721SZ,34.8,36.07,36.19,34.5,12465,44124924.0,4.85,3.59,1.25,1.57
811,2021-03-18,300721SZ,35.99,39.1,40.0,35.88,31903,122163691.0,11.42,8.4,3.03,4.02
812,2021-03-19,300721SZ,39.08,37.95,39.08,37.51,23051,87906592.0,4.02,-2.94,-1.15,2.9
813,2021-03-22,300721SZ,38.53,36.85,38.66,36.66,20832,77863126.0,5.27,-2.9,-1.1,2.63
814,2021-03-23,300721SZ,36.88,35.35,38.25,35.21,25809,94567959.0,8.25,-4.07,-1.5,3.25
815,2021-03-24,300721SZ,35.0,34.46,35.7,34.38,16458,57357046.0,3.73,-2.52,-0.89,2.07
816,2021-03-25,300721SZ,34.34,34.1,35.16,33.88,13053,44745162.0,3.71,-1.04,-0.36,1.64
817,2021-03-26,300721SZ,34.1,34.87,35.24,34.1,12609,43849555.0,3.34,2.26,0.77,1.59
818,2021-03-29,300721SZ,34.76,34.61,35.72,34.48,11985,41872054.0,3.56,-0.75,-0.26,1.51
819,2021-03-30,300721SZ,34.61,34.36,34.73,33.56,11899,40570455.0,3.38,-0.72,-0.25,1.5
820,2021-03-31,300721SZ,34.1,33.87,34.8,33.75,6968,23707491.0,3.06,-1.43,-0.49,0.88
821,2021-04-01,300721SZ,33.91,34.66,36.06,33.81,18420,64635175.0,6.64,2.33,0.79,2.32
822,2021-04-02,300721SZ,34.8,34.93,35.17,34.46,8835,30832355.0,2.05,0.78,0.27,1.11
823,2021-04-06,300721SZ,34.93,35.21,35.34,34.21,10224,35596870.0,3.24,0.8,0.28,1.29
824,2021-04-07,300721SZ,35.13,34.78,35.38,34.28,8570,29706880.0,3.12,-1.22,-0.43,1.08
825,2021-04-08,300721SZ,35.08,34.09,36.24,34.09,19683,68936832.0,6.18,-1.98,-0.69,2.48
826,2021-04-09,300721SZ,33.75,34.12,34.54,33.5,10000,34046564.0,3.05,0.09,0.03,1.26
827,2021-04-12,300721SZ,33.99,32.56,34.04,32.44,12756,42280201.0,4.69,-4.57,-1.56,1.61
828,2021-04-13,300721SZ,32.64,32.9,33.42,32.64,7780,25652306.0,2.4,1.04,0.34,0.98
829,2021-04-14,300721SZ,32.77,33.05,33.11,32.39,7532,24685214.0,2.19,0.46,0.15,0.95
830,2021-04-15,300721SZ,33.05,32.33,33.22,32.05,14280,46389897.0,3.54,-2.18,-0.72,1.8
831,2021-04-16,300721SZ,32.3,33.12,33.38,32.14,9186,30183754.0,3.84,2.44,0.79,1.16
832,2021-04-19,300721SZ,33.21,34.19,34.59,33.2,12550,42891163.0,4.2,3.23,1.07,1.58
833,2021-04-20,300721SZ,34.2,34.6,34.8,33.89,10067,34779847.0,2.66,1.2,0.41,1.27
834,2021-04-21,300721SZ,34.42,34.34,34.62,34.02,6337,21753859.0,1.73,-0.75,-0.26,0.8
835,2021-04-22,300721SZ,34.38,33.83,34.74,33.76,6689,22726596.0,2.85,-1.49,-0.51,0.84
836,2021-04-23,300721SZ,33.66,34.13,34.34,33.02,10675,35903239.0,3.9,0.89,0.3,1.35
837,2021-04-26,300721SZ,34.16,34.19,34.95,33.98,11474,39399123.0,2.84,0.18,0.06,1.45
838,2021-04-27,300721SZ,33.9,33.63,34.42,33.23,5529,18600470.0,3.48,-1.64,-0.56,0.7
839,2021-04-28,300721SZ,33.9,30.92,33.9,30.67,33782,107030187.0,9.6,-8.06,-2.71,4.26
840,2021-04-29,300721SZ,31.3,31.85,32.73,31.11,18409,58814468.0,5.24,3.01,0.93,2.32
841,2021-04-30,300721SZ,32.01,32.11,32.29,31.33,12047,38396795.0,3.01,0.82,0.26,1.52
842,2021-05-06,300721SZ,32.01,31.73,32.36,31.4,9078,28928013.0,2.99,-1.18,-0.38,1.14
843,2021-05-07,300721SZ,31.87,32.1,32.93,31.85,12340,39878008.0,3.4,1.17,0.37,1.56
844,2021-05-10,300721SZ,32.04,33.45,33.5,31.62,13663,44507422.0,5.86,4.21,1.35,1.72
845,2021-05-11,300721SZ,33.32,31.89,33.35,31.86,12977,42108073.0,4.45,-4.66,-1.56,1.64
846,2021-05-12,300721SZ,31.78,34.73,35.3,31.73,23198,78473219.0,11.19,8.91,2.84,2.92
847,2021-05-13,300721SZ,34.45,33.83,35.23,33.69,13122,45055424.0,4.43,-2.59,-0.9,1.65
848,2021-05-14,300721SZ,34.34,34.07,34.34,33.63,9696,32980044.0,2.1,0.71,0.24,1.22
849,2021-05-17,300721SZ,33.86,34.18,34.6,33.62,10454,35706185.0,2.88,0.32,0.11,1.32
850,2021-05-18,300721SZ,34.5,33.69,34.5,33.12,11852,39792094.0,4.04,-1.43,-0.49,1.49
851,2021-05-19,300721SZ,33.65,34.61,34.84,33.18,11595,39576431.0,4.93,2.73,0.92,1.46
852,2021-05-20,300721SZ,34.58,33.85,34.88,33.71,11008,37579950.0,3.38,-2.2,-0.76,1.39
853,2021-05-21,300721SZ,33.82,34.1,34.5,33.7,8769,29972568.0,2.36,0.74,0.25,1.11
854,2021-05-24,300721SZ,34.11,33.39,34.11,33.23,8937,30023166.0,2.58,-2.08,-0.71,1.13
855,2021-05-25,300721SZ,33.75,33.69,34.68,33.42,14944,50787364.0,3.77,0.9,0.3,1.88
856,2021-05-26,300721SZ,33.68,33.6,33.88,32.85,8438,28165960.0,3.06,-0.27,-0.09,1.06
857,2021-05-27,300721SZ,33.49,35.2,35.28,33.27,20970,72890178.0,5.98,4.76,1.6,2.64
858,2021-05-28,300721SZ,35.06,35.29,35.8,34.5,16513,58043649.0,3.69,0.26,0.09,2.08
859,2021-05-31,300721SZ,35.13,35.71,36.1,34.98,14129,50340656.0,3.17,1.19,0.42,1.78
860,2021-06-01,300721SZ,35.5,36.44,38.2,35.12,27400,101238348.0,8.63,2.04,0.73,3.45
861,2021-06-02,300721SZ,36.4,35.0,36.65,34.9,16014,57085974.0,4.8,-3.95,-1.44,2.02
862,2021-06-03,300721SZ,35.1,35.41,36.2,34.84,11251,39888869.0,3.89,1.17,0.41,1.42
863,2021-06-04,300721SZ,35.4,34.55,35.54,34.46,14216,49549949.0,3.05,-2.43,-0.86,1.79
864,2021-06-07,300721SZ,34.97,36.94,37.3,34.62,31203,113970230.0,7.76,6.92,2.39,3.93
865,2021-06-08,300721SZ,36.89,36.08,37.19,35.71,18303,66194600.0,4.01,-2.33,-0.86,2.31
866,2021-06-09,300721SZ,36.05,35.9,36.6,35.73,12294,44309851.0,2.41,-0.5,-0.18,1.55
867,2021-06-10,300721SZ,35.5,35.9,36.26,35.15,12788,45557976.0,3.09,0.0,0.0,1.61
868,2021-06-11,300721SZ,35.77,34.74,35.78,34.46,17578,61385047.0,3.68,-3.23,-1.16,2.22
869,2021-06-15,300721SZ,34.66,32.72,34.66,32.58,20886,69416939.0,5.99,-5.81,-2.02,2.63
870,2021-06-16,300721SZ,32.48,32.26,33.22,31.9,11009,35734214.0,4.03,-1.41,-0.46,1.39
871,2021-06-17,300721SZ,32.15,33.71,34.57,32.03,16379,54872918.0,7.87,4.49,1.45,2.06
872,2021-06-18,300721SZ,33.57,33.71,34.08,33.46,10187,34327128.0,1.84,0.0,0.0,1.28
873,2021-06-21,300721SZ,33.7,33.6,34.17,33.31,8985,30268654.0,2.55,-0.33,-0.11,1.13
874,2021-06-22,300721SZ,33.96,34.0,34.67,33.37,10817,36917712.0,3.87,1.19,0.4,1.36
875,2021-06-23,300721SZ,33.71,36.3,36.59,33.71,31583,112882261.0,8.47,6.76,2.3,3.98
876,2021-06-24,300721SZ,36.07,35.9,36.66,35.69,19765,71351795.0,2.67,-1.1,-0.4,2.49
877,2021-06-25,300721SZ,35.91,35.95,36.43,35.65,14285,51440686.0,2.17,0.14,0.05,1.8
878,2021-06-28,300721SZ,36.13,36.26,37.29,35.7,14705,53300022.0,4.42,0.86,0.31,1.85
879,2021-06-29,300721SZ,36.11,35.7,36.45,35.42,14098,50430290.0,2.84,-1.54,-0.56,1.78
880,2021-06-30,300721SZ,35.93,36.79,37.39,35.25,22006,80157273.0,5.99,3.05,1.09,2.77
881,2021-07-01,300721SZ,36.75,35.27,37.07,35.22,19562,70913693.0,5.03,-4.13,-1.52,2.47
882,2021-07-02,300721SZ,35.05,36.87,38.1,35.03,32012,118450291.0,8.7,4.54,1.6,4.03
883,2021-07-05,300721SZ,36.81,39.0,39.56,36.81,42602,164108656.0,7.46,5.78,2.13,5.37
884,2021-07-06,300721SZ,39.0,40.17,41.2,38.52,46757,186336554.0,6.87,3.0,1.17,5.89
885,2021-07-07,300721SZ,40.3,40.45,40.88,39.45,32537,131043315.0,3.56,0.7,0.28,4.1
886,2021-07-08,300721SZ,40.97,42.0,42.91,40.52,40414,168963360.0,5.91,3.83,1.55,5.09
887,2021-07-09,300721SZ,41.88,42.0,42.4,40.73,31203,130058399.0,3.98,0.0,0.0,3.93
888,2021-07-12,300721SZ,42.3,42.43,43.66,41.1,34441,145664329.0,6.1,1.02,0.43,4.34
889,2021-07-13,300721SZ,42.16,48.1,48.87,42.16,52848,243713930.0,15.81,13.36,5.67,6.66
890,2021-07-14,300721SZ,47.11,47.82,48.57,46.09,49424,235145855.0,5.16,-0.58,-0.28,6.23
891,2021-07-15,300721SZ,46.88,48.01,49.97,46.88,37026,177595578.0,6.46,0.4,0.19,4.67
892,2021-07-16,300721SZ,48.0,49.84,51.1,47.4,42717,212011464.0,7.71,3.81,1.83,5.38
893,2021-07-19,300721SZ,49.94,48.26,50.67,48.08,30231,147890840.0,5.2,-3.17,-1.58,3.81
894,2021-07-20,300721SZ,48.06,49.97,50.12,47.01,27272,133838343.0,6.44,3.54,1.71,3.44
895,2021-07-21,300721SZ,49.89,48.7,50.1,47.43,47170,227918797.0,5.34,-2.54,-1.27,5.59
896,2021-07-22,300721SZ,48.73,52.2,53.36,48.23,39669,202562712.0,10.53,7.19,3.5,4.7
897,2021-07-23,300721SZ,52.0,49.19,52.49,49.03,39625,201139527.0,6.63,-5.77,-3.01,4.69
898,2021-07-26,300721SZ,50.0,50.51,52.51,49.19,39385,201419419.0,6.75,2.68,1.32,4.66
899,2021-07-27,300721SZ,51.45,49.02,51.73,48.49,34393,171619196.0,6.41,-2.95,-1.49,4.07
900,2021-07-28,300721SZ,48.91,48.29,49.53,45.18,29031,139373489.0,8.87,-1.49,-0.73,3.44
901,2021-07-29,300721SZ,48.88,50.36,51.66,48.88,31342,158519099.0,5.76,4.29,2.07,3.71
902,2021-07-30,300721SZ,50.99,56.75,56.75,49.7,59743,320469664.0,14.0,12.69,6.39,7.07
903,2021-08-02,300721SZ,55.67,53.2,55.99,52.42,67669,367511808.0,6.29,-6.26,-3.55,8.01
904,2021-08-03,300721SZ,53.64,49.18,54.0,48.8,49935,257014324.0,9.77,-7.56,-4.02,5.91
905,2021-08-04,300721SZ,49.09,51.02,51.8,48.88,30449,154656221.0,5.94,3.74,1.84,3.61
906,2021-08-05,300721SZ,51.51,50.0,52.37,46.88,43852,214752178.0,10.76,-2.0,-1.02,5.19
907,2021-08-06,300721SZ,51.0,51.58,52.78,48.5,27959,143167963.0,8.56,3.16,1.58,3.31
908,2021-08-09,300721SZ,51.26,49.01,51.96,49.01,17799,88367529.0,5.72,-4.98,-2.57,2.11
909,2021-08-10,300721SZ,49.47,48.87,50.65,48.0,19523,96131194.0,5.41,-0.29,-0.14,2.31
910,2021-08-11,300721SZ,48.39,49.2,50.19,48.11,14108,69664766.0,4.26,0.68,0.33,1.67
911,2021-08-12,300721SZ,49.99,52.05,52.32,49.3,22174,113031537.0,6.14,5.79,2.85,2.63
912,2021-08-13,300721SZ,50.98,50.18,51.49,49.5,19175,96039367.0,3.82,-3.59,-1.87,2.27
913,2021-08-16,300721SZ,49.5,54.49,56.35,49.16,41408,221570025.0,14.33,8.59,4.31,4.9
914,2021-08-17,300721SZ,54.6,52.53,55.36,51.67,25996,137830465.0,6.77,-3.6,-1.96,3.08
915,2021-08-18,300721SZ,51.51,50.42,53.1,49.81,22018,112565502.0,6.26,-4.02,-2.11,2.61
916,2021-08-19,300721SZ,50.66,53.4,53.81,50.4,25400,133109573.0,6.76,5.91,2.98,3.01
917,2021-08-20,300721SZ,54.37,52.63,54.79,51.4,21147,110673554.0,6.35,-1.44,-0.77,2.5
918,2021-08-23,300721SZ,53.46,55.59,55.97,52.32,29764,163336957.0,6.94,5.62,2.96,3.75
919,2021-08-24,300721SZ,56.52,63.05,64.87,56.22,57875,354300624.0,15.56,13.42,7.46,7.29
920,2021-08-25,300721SZ,62.81,63.96,64.4,61.05,36523,229249226.0,5.31,1.44,0.91,4.6
921,2021-08-26,300721SZ,64.05,62.49,66.72,62.31,40890,264759715.0,6.89,-2.3,-1.47,5.15
922,2021-08-27,300721SZ,62.52,63.31,64.58,61.16,23787,150356883.0,5.47,1.31,0.82,3.0
923,2021-08-30,300721SZ,63.77,62.82,66.58,62.11,26837,171804752.0,7.06,-0.77,-0.49,3.38
924,2021-08-31,300721SZ,62.82,63.2,63.8,61.11,19842,124244478.0,4.28,0.6,0.38,2.5
925,2021-09-01,300721SZ,63.49,59.35,63.78,59.11,26874,162856224.0,7.39,-6.09,-3.85,3.39
926,2021-09-02,300721SZ,59.35,58.7,59.89,57.8,14758,86895844.0,3.52,-1.1,-0.65,1.86
927,2021-09-03,300721SZ,58.98,58.71,60.64,57.51,19059,112717234.0,5.33,0.02,0.01,2.4
928,2021-09-06,300721SZ,58.84,59.16,59.6,56.98,13483,78602579.0,4.46,0.77,0.45,1.7
929,2021-09-07,300721SZ,59.46,60.36,61.15,58.02,18450,110027151.0,5.29,2.03,1.2,2.33
930,2021-09-08,300721SZ,60.55,59.79,63.78,59.18,19390,118569253.0,7.62,-0.94,-0.57,2.44
931,2021-09-09,300721SZ,60.52,60.25,61.96,58.45,16752,101190868.0,5.87,0.77,0.46,2.11
932,2021-09-10,300721SZ,60.85,63.4,66.44,60.48,28762,182840244.0,9.89,5.23,3.15,3.62
933,2021-09-13,300721SZ,63.01,64.51,66.08,61.6,26423,168968788.0,7.07,1.75,1.11,3.33
934,2021-09-14,300721SZ,63.05,60.64,63.22,60.08,24853,152882763.0,4.87,-6.0,-3.87,3.13
935,2021-09-15,300721SZ,61.33,60.5,61.35,58.2,14412,86110968.0,5.19,-0.23,-0.14,1.82
936,2021-09-16,300721SZ,61.8,60.66,65.59,60.6,22913,144192087.0,8.25,0.26,0.16,2.89
937,2021-09-17,300721SZ,60.58,62.78,64.38,60.58,21961,137962657.0,6.26,3.49,2.12,2.77
938,2021-09-22,300721SZ,61.96,59.71,62.88,59.5,22434,135475386.0,5.38,-4.89,-3.07,2.83
939,2021-09-23,300721SZ,61.0,60.02,62.5,59.69,19093,116548142.0,4.71,0.52,0.31,2.41
940,2021-09-24,300721SZ,59.18,54.02,59.55,53.87,33120,186401415.0,9.46,-10.0,-6.0,4.17
941,2021-09-27,300721SZ,54.15,53.47,55.1,52.18,25156,135056027.0,5.41,-1.02,-0.55,3.17
942,2021-09-28,300721SZ,53.16,51.71,53.6,50.72,17350,89969134.0,5.39,-3.29,-1.76,2.19
943,2021-09-29,300721SZ,51.5,49.2,52.61,49.1,16003,80701376.0,6.79,-4.85,-2.51,2.02
944,2021-09-30,300721SZ,49.5,50.19,50.86,49.19,11172,55945384.0,3.39,2.01,0.99,1.41
945,2021-10-08,300721SZ,50.51,51.89,52.45,50.45,11869,61154099.0,3.98,3.39,1.7,1.5
946,2021-10-11,300721SZ,53.0,52.95,53.93,51.52,14890,78712583.0,4.64,2.04,1.06,1.88
947,2021-10-12,300721SZ,52.92,52.76,53.69,52.11,9502,50189845.0,2.98,-0.36,-0.19,1.2
948,2021-10-13,300721SZ,52.55,52.34,52.79,51.2,7669,39829098.0,3.01,-0.8,-0.42,0.97
949,2021-10-14,300721SZ,52.89,51.07,52.89,50.68,8609,44085350.0,4.22,-2.43,-1.27,1.08
950,2021-10-15,300721SZ,50.92,52.89,53.08,49.99,14303,74065532.0,6.05,3.56,1.82,1.8
951,2021-10-18,300721SZ,52.5,54.4,54.7,51.62,12806,68784984.0,5.82,2.85,1.51,1.61
952,2021-10-19,300721SZ,55.05,55.1,55.28,53.9,9796,53727515.0,2.54,1.29,0.7,1.23
953,2021-10-20,300721SZ,54.78,57.59,57.72,54.33,13469,75781601.0,6.15,4.52,2.49,1.7
954,2021-10-21,300721SZ,57.59,58.82,59.6,56.73,17370,101736836.0,4.98,2.14,1.23,2.19
955,2021-10-22,300721SZ,58.91,59.45,60.94,58.06,18078,108293653.0,4.9,1.07,0.63,2.28
956,2021-10-25,300721SZ,59.82,59.45,60.82,58.49,15597,92863895.0,3.92,0.0,0.0,1.97
957,2021-10-26,300721SZ,59.09,59.05,60.22,58.7,9941,59098758.0,2.56,-0.67,-0.4,1.25
958,2021-10-27,300721SZ,59.61,58.68,60.0,57.12,10777,62686947.0,4.88,-0.63,-0.37,1.36
959,2021-10-28,300721SZ,58.2,54.92,59.07,54.85,11284,63716988.0,7.19,-6.41,-3.76,1.42
960,2021-10-29,300721SZ,54.93,54.38,56.5,54.0,11688,64345651.0,4.55,-0.98,-0.54,1.47
961,2021-11-01,300721SZ,54.95,54.05,55.7,53.85,9120,49762070.0,3.4,-0.61,-0.33,1.15
962,2021-11-02,300721SZ,53.97,51.91,55.28,51.09,14064,74302831.0,7.75,-3.96,-2.14,1.77
963,2021-11-03,300721SZ,52.9,51.97,53.25,50.93,8523,44211570.0,4.47,0.12,0.06,1.07
964,2021-11-04,300721SZ,52.45,51.5,52.5,50.78,11471,58846368.0,3.31,-0.9,-0.47,1.45
965,2021-11-05,300721SZ,51.0,50.25,51.6,50.16,9172,46403197.0,2.8,-2.43,-1.25,1.16
966,2021-11-08,300721SZ,50.01,50.56,50.95,49.5,8599,43254177.0,2.89,0.62,0.31,1.08
967,2021-11-09,300721SZ,50.59,49.91,51.49,49.25,11063,55230094.0,4.43,-1.29,-0.65,1.39
968,2021-11-10,300721SZ,50.01,49.4,50.01,48.03,11386,55935493.0,3.97,-1.02,-0.51,1.43
969,2021-11-11,300721SZ,49.5,51.5,52.58,48.8,16619,84795041.0,7.65,4.25,2.1,2.09
970,2021-11-12,300721SZ,51.64,51.73,52.78,51.18,9420,48861473.0,3.11,0.45,0.23,1.19
971,2021-11-15,300721SZ,51.46,50.35,51.96,49.94,8583,43321488.0,3.9,-2.67,-1.38,1.08
972,2021-11-16,300721SZ,50.36,48.33,50.98,48.33,9544,46963460.0,5.26,-4.01,-2.02,1.2
973,2021-11-17,300721SZ,48.59,48.8,49.48,48.08,7423,36224963.0,2.9,0.97,0.47,0.94
974,2021-11-18,300721SZ,48.96,49.41,49.58,47.0,12441,60203153.0,5.29,1.25,0.61,1.57
975,2021-11-19,300721SZ,49.41,56.96,58.8,48.6,42729,231318075.0,20.64,15.28,7.55,5.38
976,2021-11-22,300721SZ,56.94,57.17,57.75,55.79,25762,145877256.0,3.44,0.37,0.21,3.25
977,2021-11-23,300721SZ,56.5,53.26,57.28,52.7,27842,151779982.0,8.01,-6.84,-3.91,3.51
978,2021-11-24,300721SZ,53.85,53.43,54.09,52.78,13098,70140740.0,2.46,0.32,0.17,1.65
979,2021-11-25,300721SZ,52.73,53.94,54.75,52.73,10052,54127223.0,3.78,0.95,0.51,1.27
980,2021-11-26,300721SZ,53.92,54.27,54.6,53.32,7693,41490496.0,2.37,0.61,0.33,0.97
981,2021-11-29,300721SZ,53.5,53.9,54.37,53.11,6812,36618720.0,2.32,-0.68,-0.37,0.86
982,2021-11-30,300721SZ,53.88,53.89,56.2,53.82,11277,61672915.0,4.42,-0.02,-0.01,1.42
983,2021-12-01,300721SZ,53.79,55.06,55.8,53.5,10194,55733786.0,4.27,2.17,1.17,1.28
984,2021-12-02,300721SZ,55.43,53.45,55.43,53.39,9883,53485459.0,3.71,-2.92,-1.61,1.25
985,2021-12-03,300721SZ,53.51,53.77,54.1,53.15,5494,29485773.0,1.78,0.6,0.32,0.69
986,2021-12-06,300721SZ,54.0,53.03,54.74,52.68,7288,39131375.0,3.83,-1.38,-0.74,0.92
987,2021-12-07,300721SZ,53.55,50.5,54.02,50.0,9739,49816749.0,7.58,-4.77,-2.53,1.23
988,2021-12-08,300721SZ,50.5,51.32,51.83,50.03,6581,33728135.0,3.56,1.62,0.82,0.83
989,2021-12-09,300721SZ,51.29,50.8,51.84,50.78,5386,27565396.0,2.07,-1.01,-0.52,0.68
990,2021-12-10,300721SZ,50.64,51.72,52.17,50.64,4399,22649488.0,3.01,1.81,0.92,0.55
991,2021-12-13,300721SZ,51.55,51.51,52.74,50.85,5318,27511646.0,3.65,-0.41,-0.21,0.67
992,2021-12-14,300721SZ,51.47,51.11,51.51,50.66,4208,21485269.0,1.65,-0.78,-0.4,0.53
993,2021-12-15,300721SZ,51.3,50.66,52.06,50.43,4089,20957225.0,3.19,-0.88,-0.45,0.52
994,2021-12-16,300721SZ,51.0,51.26,51.98,50.43,4856,24827219.0,3.06,1.18,0.6,0.61
995,2021-12-17,300721SZ,51.3,51.07,52.26,50.89,6137,31667086.0,2.67,-0.37,-0.19,0.77
996,2021-12-20,300721SZ,51.15,54.19,57.44,51.15,21002,115251411.0,12.32,6.11,3.12,2.65
997,2021-12-21,300721SZ,53.0,53.7,54.98,52.65,8382,44757798.0,4.3,-0.9,-0.49,1.06
998,2021-12-22,300721SZ,54.6,54.58,56.55,53.6,12488,68318090.0,5.49,1.64,0.88,1.57
999,2021-12-23,300721SZ,55.0,52.81,55.0,52.71,9154,49196108.0,4.2,-3.24,-1.77,1.15
1000,2021-12-24,300721SZ,52.89,49.93,53.16,49.87,11658,59263773.0,6.23,-5.45,-2.88,1.47
1001,2021-12-27,300721SZ,50.32,50.9,53.8,50.3,11427,59516469.0,7.01,1.94,0.97,1.44
1002,2021-12-28,300721SZ,51.75,52.64,53.5,50.7,12420,65024635.0,5.5,3.42,1.74,1.57
1003,2021-12-29,300721SZ,53.19,52.0,53.8,51.6,10953,57463281.0,4.18,-1.22,-0.64,1.38
1004,2021-12-30,300721SZ,51.77,50.8,52.09,50.78,8840,45257098.0,2.52,-2.31,-1.2,1.11
1005,2021-12-31,300721SZ,50.75,50.1,51.66,49.91,7932,39926901.0,3.44,-1.38,-0.7,1.13
1006,2022-01-04,300721SZ,50.11,49.0,50.7,48.7,10529,51855357.0,3.99,-2.2,-1.1,1.5
1007,2022-01-05,300721SZ,49.03,45.18,49.05,44.55,21863,100956491.0,9.18,-7.8,-3.82,3.11
1008,2022-01-06,300721SZ,46.49,47.8,48.22,45.83,20182,95087913.0,5.29,5.8,2.62,2.87
1009,2022-01-07,300721SZ,47.99,46.2,48.96,46.1,12170,57487045.0,5.98,-3.35,-1.6,1.73
1010,2022-01-10,300721SZ,46.84,47.85,48.3,44.69,15296,71850495.0,7.81,3.57,1.65,2.17
1011,2022-01-11,300721SZ,48.48,50.22,52.0,48.01,30380,152245821.0,8.34,4.95,2.37,4.32
1012,2022-01-12,300721SZ,50.23,48.89,50.49,48.61,17720,87139443.0,3.74,-2.65,-1.33,2.52
1013,2022-01-13,300721SZ,48.89,46.88,48.91,46.78,12847,60774134.0,4.36,-4.11,-2.01,1.83
1014,2022-01-14,300721SZ,46.99,47.09,47.8,46.36,6783,32061950.0,3.07,0.45,0.21,0.96
1015,2022-01-17,300721SZ,47.01,48.98,49.27,46.79,14557,70622176.0,5.27,4.01,1.89,2.07
1016,2022-01-18,300721SZ,49.0,47.56,49.48,47.4,9878,47440236.0,4.25,-2.9,-1.42,1.4
1017,2022-01-19,300721SZ,47.1,46.72,47.85,46.51,4937,23202728.0,2.82,-1.77,-0.84,0.7
1018,2022-01-20,300721SZ,46.5,45.29,47.29,45.24,11045,50906864.0,4.39,-3.06,-1.43,1.57
1019,2022-01-21,300721SZ,45.34,45.57,46.4,44.47,5457,24955494.0,4.26,0.62,0.28,0.78
1020,2022-01-24,300721SZ,45.11,45.8,46.45,44.6,5483,25059536.0,4.06,0.5,0.23,0.78
1021,2022-01-25,300721SZ,45.73,43.76,46.53,43.76,8031,36090156.0,6.05,-4.45,-2.04,1.14
1022,2022-01-26,300721SZ,43.77,45.1,45.66,43.77,6725,30066534.0,4.32,3.06,1.34,0.96
1023,2022-01-27,300721SZ,45.97,44.16,46.45,43.88,9913,44605243.0,5.7,-2.08,-0.94,1.41
1024,2022-01-28,300721SZ,44.49,45.73,45.88,44.49,6243,28263842.0,3.15,3.56,1.57,0.89
1025,2022-02-07,300721SZ,46.6,45.56,46.6,45.21,6064,27823286.0,3.04,-0.37,-0.17,0.86
1026,2022-02-08,300721SZ,45.66,46.88,47.3,45.58,7759,36017905.0,3.78,2.9,1.32,1.1
1027,2022-02-09,300721SZ,46.88,46.8,47.19,46.04,5692,26482250.0,2.45,-0.17,-0.08,0.81
1028,2022-02-10,300721SZ,46.55,46.75,46.92,46.33,4914,22927230.0,1.26,-0.11,-0.05,0.7
1029,2022-02-11,300721SZ,46.66,45.44,46.66,45.38,5250,24116517.0,2.74,-2.8,-1.31,0.75
1030,2022-02-14,300721SZ,45.0,44.9,46.15,44.38,6495,29344888.0,3.9,-1.19,-0.54,0.92
1031,2022-02-15,300721SZ,44.9,45.21,46.3,44.8,6191,28095593.0,3.34,0.69,0.31,0.88
1032,2022-02-16,300721SZ,45.66,45.1,45.66,44.74,7261,32715466.0,2.03,-0.24,-0.11,1.03
1033,2022-02-17,300721SZ,44.99,45.8,46.38,44.62,7856,35954305.0,3.9,1.55,0.7,1.12
1034,2022-02-18,300721SZ,45.67,45.76,46.65,45.06,4929,22601015.0,3.47,-0.09,-0.04,0.7
1035,2022-02-21,300721SZ,45.56,45.22,45.85,44.84,5560,25096641.0,2.21,-1.18,-0.54,0.79
1036,2022-02-22,300721SZ,44.93,44.82,45.25,43.5,7394,32788286.0,3.87,-0.88,-0.4,1.05
1037,2022-02-23,300721SZ,44.97,46.4,46.85,44.53,12327,56920413.0,5.18,3.53,1.58,1.75
1038,2022-02-24,300721SZ,46.39,45.15,46.67,44.5,9284,42204268.0,4.68,-2.69,-1.25,1.32
1039,2022-02-25,300721SZ,45.67,46.75,47.7,45.5,14405,67262596.0,4.87,3.54,1.6,2.05
1040,2022-02-28,300721SZ,46.67,47.73,47.76,46.46,9737,46046350.0,2.78,2.1,0.98,1.38
1041,2022-03-01,300721SZ,48.18,48.67,48.68,47.79,10530,50881971.0,1.86,1.97,0.94,1.5
1042,2022-03-02,300721SZ,48.38,49.38,49.99,48.22,8373,41297548.0,3.64,1.46,0.71,1.19
1043,2022-03-03,300721SZ,49.5,48.85,49.91,48.7,8778,43226919.0,2.45,-1.07,-0.53,1.25
1044,2022-03-04,300721SZ,48.42,48.73,49.57,48.0,7733,37652436.0,3.21,-0.25,-0.12,1.1
1045,2022-03-07,300721SZ,48.43,47.04,49.21,46.8,8919,42496069.0,4.95,-3.47,-1.69,1.27
1046,2022-03-08,300721SZ,47.7,46.68,48.48,45.76,10313,48702815.0,5.78,-0.77,-0.36,1.47
1047,2022-03-09,300721SZ,46.86,44.92,47.25,43.61,12295,55677840.0,7.8,-3.77,-1.76,1.75
1048,2022-03-10,300721SZ,46.25,46.54,46.76,45.4,10182,47199985.0,3.03,3.61,1.62,1.45
1049,2022-03-11,300721SZ,45.89,48.65,48.84,45.76,13764,65212828.0,6.62,4.53,2.11,1.96
1050,2022-03-14,300721SZ,48.99,46.88,48.99,46.81,10995,52057180.0,4.48,-3.64,-1.77,1.56
1051,2022-03-15,300721SZ,44.78,39.09,44.78,37.88,28870,119049425.0,14.72,-16.62,-7.79,4.11
1052,2022-03-16,300721SZ,39.5,38.45,40.03,36.45,22135,84264994.0,9.16,-1.64,-0.64,3.15
1053,2022-03-17,300721SZ,38.68,39.4,40.65,38.5,21290,84985410.0,5.59,2.47,0.95,3.03
1054,2022-03-18,300721SZ,39.2,39.37,39.75,38.39,10732,41929236.0,3.45,-0.08,-0.03,1.53
1055,2022-03-21,300721SZ,40.0,39.05,40.0,38.58,8312,32567815.0,3.61,-0.81,-0.32,1.18
1056,2022-03-22,300721SZ,39.39,38.18,39.39,37.99,8045,30843271.0,3.59,-2.23,-0.87,1.14
1057,2022-03-23,300721SZ,38.18,39.18,40.62,38.18,13799,54589773.0,6.39,2.62,1.0,1.96
1058,2022-03-24,300721SZ,38.87,38.8,39.9,37.89,9362,36154962.0,5.13,-0.97,-0.38,1.33
1059,2022-03-25,300721SZ,38.56,38.89,39.8,38.45,7706,30039021.0,3.48,0.23,0.09,1.1
1060,2022-03-28,300721SZ,38.63,38.21,38.89,38.0,6810,26112917.0,2.29,-1.75,-0.68,0.97
1061,2022-03-29,300721SZ,38.88,37.99,38.88,37.21,6309,23918395.0,4.37,-0.58,-0.22,0.9
1062,2022-03-30,300721SZ,38.5,38.3,38.88,38.07,7836,30156012.0,2.13,0.82,0.31,1.11
1063,2022-03-31,300721SZ,38.5,38.43,39.32,38.3,8800,34096431.0,2.66,0.34,0.13,1.25
1064,2022-04-01,300721SZ,38.3,38.8,38.95,37.0,6424,24674693.0,5.07,0.96,0.37,0.91
1065,2022-04-06,300721SZ,38.81,40.3,40.36,38.81,11236,44548196.0,3.99,3.87,1.5,1.6
1066,2022-04-07,300721SZ,40.45,38.18,40.5,37.85,15769,61261518.0,6.58,-5.26,-2.12,2.24
1067,2022-04-08,300721SZ,38.38,38.39,38.84,37.0,10564,40347818.0,4.82,0.55,0.21,1.5
1068,2022-04-11,300721SZ,38.69,38.0,39.1,37.84,9524,36487029.0,3.28,-1.02,-0.39,1.35
1069,2022-04-12,300721SZ,38.0,37.99,38.29,36.5,8143,30391201.0,4.71,-0.03,-0.01,1.16
1070,2022-04-13,300721SZ,37.88,36.9,37.88,36.8,6293,23350009.0,2.84,-2.87,-1.09,0.89
1071,2022-04-14,300721SZ,37.64,37.64,37.95,36.9,6349,23885869.0,2.85,2.01,0.74,0.9
1072,2022-04-15,300721SZ,37.64,37.1,38.3,36.91,6883,25741249.0,3.69,-1.43,-0.54,0.98
1073,2022-04-18,300721SZ,36.71,36.71,38.0,35.9,8545,31321745.0,5.66,-1.05,-0.39,1.22
1074,2022-04-19,300721SZ,37.18,36.15,37.3,36.01,11064,40436361.0,3.51,-1.53,-0.56,1.57
1075,2022-04-20,300721SZ,36.1,35.87,36.79,35.33,10845,39217213.0,4.04,-0.77,-0.28,1.54
1076,2022-04-21,300721SZ,35.73,34.48,36.0,34.13,12274,42812359.0,5.21,-3.88,-1.39,1.75
1077,2022-04-22,300721SZ,34.88,33.4,34.88,32.8,16683,56068508.0,6.03,-3.13,-1.08,2.37
1078,2022-04-25,300721SZ,33.0,31.01,33.08,31.01,16556,53093531.0,6.2,-7.16,-2.39,2.35
1079,2022-04-26,300721SZ,31.99,30.74,31.99,30.64,11341,35548299.0,4.35,-0.87,-0.27,1.61
1080,2022-04-27,300721SZ,30.63,32.2,32.32,29.15,12320,37975886.0,10.31,4.75,1.46,1.75
1081,2022-04-28,300721SZ,31.56,31.67,32.71,31.0,8032,25563890.0,5.31,-1.65,-0.53,1.14
1082,2022-04-29,300721SZ,31.99,32.62,32.98,31.62,9113,29505030.0,4.29,3.0,0.95,1.3
1083,2022-05-05,300721SZ,32.8,32.74,33.38,32.26,8585,28285067.0,3.43,0.37,0.12,1.22
1084,2022-05-06,300721SZ,32.31,32.62,33.25,31.71,5422,17716968.0,4.7,-0.37,-0.12,0.77
1085,2022-05-09,300721SZ,32.62,32.89,33.15,32.16,3576,11733835.0,3.03,0.83,0.27,0.51
1086,2022-05-10,300721SZ,32.81,33.19,33.43,32.0,5104,16791807.0,4.35,0.91,0.3,0.73
1087,2022-05-11,300721SZ,34.0,33.93,35.1,33.6,12202,42042612.0,4.52,2.23,0.74,1.74
1088,2022-05-12,300721SZ,33.5,33.93,34.26,33.5,6795,22990682.0,2.24,0.0,0.0,0.97
1089,2022-05-13,300721SZ,34.39,33.29,34.68,33.14,7898,26489933.0,4.54,-1.89,-0.64,1.12
1090,2022-05-16,300721SZ,33.55,33.13,34.49,33.0,8806,29576324.0,4.48,-0.48,-0.16,1.25
1091,2022-05-17,300721SZ,32.87,33.1,33.44,32.39,6630,21809683.0,3.17,-0.09,-0.03,0.94
1092,2022-05-18,300721SZ,33.11,33.76,34.18,32.91,7426,25041779.0,3.84,1.99,0.66,1.06
1093,2022-05-19,300721SZ,33.21,33.81,33.83,32.91,6077,20334796.0,2.73,0.15,0.05,0.86
1094,2022-05-20,300721SZ,33.81,34.05,34.53,33.53,5561,18948289.0,2.96,0.71,0.24,0.79
1095,2022-05-23,300721SZ,34.05,34.57,34.78,34.0,9706,33430709.0,2.29,1.53,0.52,1.38
1096,2022-05-24,300721SZ,34.89,32.65,34.89,32.61,8001,26848987.0,6.6,-5.55,-1.92,1.14
1097,2022-05-25,300721SZ,32.8,32.78,33.22,32.26,5938,19440241.0,2.94,0.4,0.13,0.84
1098,2022-05-26,300721SZ,32.88,32.37,33.09,31.87,5648,18329804.0,3.72,-1.25,-0.41,0.8
1099,2022-05-27,300721SZ,32.7,32.06,33.18,31.67,6990,22714459.0,4.66,-0.96,-0.31,0.99
1100,2022-05-30,300721SZ,32.48,33.95,34.23,32.11,16318,54617489.0,6.61,5.9,1.89,2.32
1101,2022-05-31,300721SZ,33.9,33.57,34.19,32.82,12806,42599096.0,4.04,-1.12,-0.38,1.82
1102,2022-06-01,300721SZ,33.42,34.24,34.41,33.42,14733,50013527.0,2.95,2.0,0.67,2.09
1103,2022-06-02,300721SZ,33.97,33.98,34.2,33.0,9158,30862077.0,3.5,-0.76,-0.26,1.3
1104,2022-06-06,300721SZ,34.25,34.79,35.28,33.68,13150,45735574.0,4.71,2.38,0.81,1.87
1105,2022-06-07,300721SZ,35.02,34.88,35.08,34.45,8729,30364072.0,1.81,0.26,0.09,1.24
1106,2022-06-08,300721SZ,35.0,34.76,35.59,34.14,10573,36885573.0,4.16,-0.34,-0.12,1.5
1107,2022-06-09,300721SZ,34.76,34.1,34.77,33.89,6899,23612935.0,2.53,-1.9,-0.66,0.98
1108,2022-06-10,300721SZ,34.14,35.0,35.12,33.98,8532,29650829.0,3.34,2.64,0.9,1.21
1109,2022-06-13,300721SZ,34.72,35.82,35.9,34.57,9581,33964998.0,3.8,2.34,0.82,1.36
1110,2022-06-14,300721SZ,35.49,37.2,38.22,35.4,16797,61937499.0,7.87,3.85,1.38,2.39
1111,2022-06-15,300721SZ,37.17,35.9,37.17,35.87,18150,65953718.0,3.49,-3.49,-1.3,2.58
1112,2022-06-16,300721SZ,35.91,35.85,36.48,35.6,8508,30636799.0,2.45,-0.14,-0.05,1.21
1113,2022-06-17,300721SZ,35.78,36.36,36.56,35.3,8661,31286899.0,3.51,1.42,0.51,1.23
1114,2022-06-20,300721SZ,37.04,36.77,37.75,36.7,11775,43654879.0,2.89,1.13,0.41,1.67
1115,2022-06-21,300721SZ,36.56,36.45,37.35,35.96,8830,32277362.0,3.78,-0.87,-0.32,1.26
1116,2022-06-22,300721SZ,36.48,35.3,36.48,35.28,8751,31307157.0,3.29,-3.16,-1.15,1.24
1117,2022-06-23,300721SZ,35.3,35.99,36.1,34.94,8156,28996621.0,3.29,1.95,0.69,1.16
1118,2022-06-24,300721SZ,36.1,36.9,37.45,35.7,11456,41961276.0,4.86,2.53,0.91,1.63
1119,2022-06-27,300721SZ,36.95,36.69,37.68,36.43,10145,37352322.0,3.39,-0.57,-0.21,1.44
1120,2022-06-28,300721SZ,36.6,37.25,37.3,36.6,9895,36704489.0,1.91,1.53,0.56,1.41
1121,2022-06-29,300721SZ,36.96,36.2,37.35,36.18,9818,36025615.0,3.14,-2.82,-1.05,1.4
1122,2022-06-30,300721SZ,36.4,36.07,36.95,35.9,8796,31857392.0,2.9,-0.36,-0.13,1.24
1123,2022-07-01,300721SZ,36.75,39.27,39.9,36.6,33865,130676313.0,9.15,8.87,3.2,4.78
1124,2022-07-04,300721SZ,39.38,38.3,39.38,37.8,22140,84708483.0,4.02,-2.47,-0.97,3.12
1125,2022-07-05,300721SZ,38.31,38.25,38.55,37.8,14054,53529743.0,1.96,-0.13,-0.05,1.98
1126,2022-07-06,300721SZ,38.43,37.7,38.66,37.34,12447,47100749.0,3.45,-1.44,-0.55,1.76
1127,2022-07-07,300721SZ,37.95,37.94,38.5,37.12,11310,42663753.0,3.66,0.64,0.24,1.6
1128,2022-07-08,300721SZ,37.96,37.91,38.25,37.62,7817,29639691.0,1.66,-0.08,-0.03,1.1
1129,2022-07-11,300721SZ,37.45,35.22,37.45,34.95,22191,78910281.0,6.59,-7.1,-2.69,3.13
1130,2022-07-12,300721SZ,35.21,34.51,35.59,34.25,9247,32175571.0,3.8,-2.02,-0.71,1.3
1131,2022-07-13,300721SZ,34.52,34.49,34.62,34.04,6895,23710254.0,1.68,-0.06,-0.02,0.97
1132,2022-07-14,300721SZ,34.46,35.08,35.35,34.3,10762,37653934.0,3.04,1.71,0.59,1.52
1133,2022-07-15,300721SZ,34.55,34.83,35.39,34.45,7982,27903521.0,2.68,-0.71,-0.25,1.13
1134,2022-07-18,300721SZ,34.6,35.18,35.5,34.6,8391,29569590.0,2.58,1.0,0.35,1.18
1135,2022-07-19,300721SZ,35.49,35.86,36.0,35.18,8186,29303582.0,2.33,1.93,0.68,1.15
1136,2022-07-20,300721SZ,36.0,36.43,36.48,35.69,7975,28825550.0,2.2,1.59,0.57,1.12
1137,2022-07-21,300721SZ,36.43,35.82,36.85,35.79,9477,34298188.0,2.91,-1.67,-0.61,1.34
1138,2022-07-22,300721SZ,35.82,35.63,36.39,35.23,6993,24996315.0,3.24,-0.53,-0.19,0.99
1139,2022-07-25,300721SZ,35.79,35.13,36.1,35.0,6311,22320746.0,3.09,-1.4,-0.5,0.89
1140,2022-07-26,300721SZ,35.12,35.22,35.3,34.56,7566,26455750.0,2.11,0.26,0.09,1.07
1141,2022-07-27,300721SZ,35.02,36.1,36.1,34.89,9053,32298109.0,3.44,2.5,0.88,1.28
1142,2022-07-28,300721SZ,35.97,36.06,36.38,35.82,12543,45266128.0,1.55,-0.11,-0.04,1.77
1143,2022-07-29,300721SZ,35.84,34.2,36.15,34.18,22338,78005709.0,5.46,-5.16,-1.86,3.15
1144,2022-08-01,300721SZ,34.01,34.33,34.41,33.22,11918,40319165.0,3.48,0.38,0.13,1.68
1145,2022-08-02,300721SZ,34.0,31.8,34.13,31.35,18625,59896480.0,8.1,-7.37,-2.53,2.63
1146,2022-08-03,300721SZ,31.78,32.24,33.38,31.78,18783,61531561.0,5.03,1.38,0.44,2.65
1147,2022-08-04,300721SZ,32.42,33.06,33.07,32.41,9628,31603286.0,2.05,2.54,0.82,1.36
1148,2022-08-05,300721SZ,33.02,34.3,34.3,32.82,12994,43860019.0,4.48,3.75,1.24,1.83
1149,2022-08-08,300721SZ,34.17,34.96,35.09,33.86,9847,33997790.0,3.59,1.92,0.66,1.39
1150,2022-08-09,300721SZ,34.9,36.9,37.3,34.82,29397,107210501.0,7.09,5.55,1.94,4.15
1151,2022-08-10,300721SZ,36.8,42.01,44.07,36.3,67698,275065158.0,21.06,13.85,5.11,9.55
1152,2022-08-11,300721SZ,43.01,43.71,45.35,41.95,66823,291698869.0,8.09,4.05,1.7,9.42
1153,2022-08-12,300721SZ,43.73,47.11,47.66,43.11,66894,307320078.0,10.41,7.78,3.4,9.43
1154,2022-08-15,300721SZ,46.71,45.65,47.06,44.8,45560,208062133.0,4.8,-3.1,-1.46,6.43
1155,2022-08-16,300721SZ,45.98,45.76,46.47,45.05,33708,153816946.0,3.11,0.24,0.11,4.75
1156,2022-08-17,300721SZ,45.61,44.9,46.47,44.23,37013,166574098.0,4.9,-1.88,-0.86,5.22
1157,2022-08-18,300721SZ,45.03,45.73,46.36,43.7,41368,186239302.0,5.92,1.85,0.83,5.83
1158,2022-08-19,300721SZ,46.1,43.5,46.47,43.3,22439,99567495.0,6.93,-4.88,-2.23,3.16
1159,2022-08-22,300721SZ,43.97,44.11,44.62,43.01,20174,88775187.0,3.7,1.4,0.61,2.85
1160,2022-08-23,300721SZ,44.18,44.89,44.98,43.5,16437,72848874.0,3.36,1.77,0.78,2.32
1161,2022-08-24,300721SZ,44.91,44.61,46.14,44.3,24068,108190449.0,4.1,-0.62,-0.28,3.39
1162,2022-08-25,300721SZ,44.75,43.41,45.25,42.84,18027,78713639.0,5.4,-2.69,-1.2,2.54
1163,2022-08-26,300721SZ,43.75,42.32,43.75,41.88,12945,55394372.0,4.31,-2.51,-1.09,1.83
1164,2022-08-29,300721SZ,42.31,44.69,44.95,41.73,20263,89001157.0,7.61,5.6,2.37,2.86
1165,2022-08-30,300721SZ,44.7,44.26,45.54,43.5,12593,55775738.0,4.56,-0.96,-0.43,1.78
1166,2022-08-31,300721SZ,44.17,42.48,44.26,42.4,8939,38356770.0,4.2,-4.02,-1.78,1.26
1167,2022-09-01,300721SZ,42.82,41.47,42.99,41.2,8167,34117924.0,4.21,-2.38,-1.01,1.15
1168,2022-09-02,300721SZ,41.46,45.03,45.65,40.67,32739,144214438.0,12.01,8.58,3.56,4.62
1169,2022-09-05,300721SZ,45.95,54.04,54.04,45.36,62336,325581413.0,19.28,20.01,9.01,8.79
1170,2022-09-06,300721SZ,55.0,60.66,62.25,53.53,89364,521638663.0,16.14,12.25,6.62,12.6
1171,2022-09-07,300721SZ,61.17,58.68,61.78,57.3,59479,350423031.0,7.39,-3.26,-1.98,8.39
1172,2022-09-08,300721SZ,57.85,58.45,60.22,56.52,49944,291781270.0,6.31,-0.39,-0.23,7.04
1173,2022-09-09,300721SZ,58.53,57.41,58.78,55.01,36962,211381450.0,6.45,-1.78,-1.04,5.21
1174,2022-09-13,300721SZ,58.0,56.1,58.23,55.28,25094,141284967.0,5.14,-2.28,-1.31,3.54
1175,2022-09-14,300721SZ,55.8,54.79,55.83,53.68,20874,113728568.0,3.83,-2.34,-1.31,2.94
1176,2022-09-15,300721SZ,56.0,53.49,56.0,52.5,29354,158634438.0,6.39,-2.37,-1.3,4.14
1177,2022-09-16,300721SZ,53.11,53.39,54.5,52.0,18697,99781368.0,4.67,-0.19,-0.1,2.64
1178,2022-09-19,300721SZ,53.44,53.69,54.88,52.55,20881,112328990.0,4.36,0.56,0.3,2.94
1179,2022-09-20,300721SZ,53.66,54.22,55.55,52.18,21822,118387817.0,6.28,0.99,0.53,3.08
1180,2022-09-21,300721SZ,53.26,53.74,54.8,52.32,18066,96752253.0,4.57,-0.89,-0.48,2.55
1181,2022-09-22,300721SZ,53.73,56.09,56.33,52.81,20936,114885350.0,6.55,4.37,2.35,2.95
1182,2022-09-23,300721SZ,55.6,52.56,55.7,52.56,20156,108104820.0,5.6,-6.29,-3.53,2.84
1183,2022-09-26,300721SZ,51.28,52.0,53.7,51.01,15258,79913471.0,5.12,-1.07,-0.56,2.15
1184,2022-09-27,300721SZ,52.49,56.3,56.32,51.67,28862,156266418.0,8.94,8.27,4.3,4.07
1185,2022-09-28,300721SZ,56.0,52.02,57.38,50.51,26821,142571382.0,12.2,-7.6,-4.28,3.78
1186,2022-09-29,300721SZ,52.37,51.93,54.62,51.68,15823,83822960.0,5.65,-0.17,-0.09,2.23
1187,2022-09-30,300721SZ,50.9,49.2,52.42,48.81,22539,113435135.0,6.95,-5.26,-2.73,3.18
1188,2022-10-10,300721SZ,49.51,47.54,49.99,47.0,16263,78643392.0,6.08,-3.37,-1.66,2.29
1189,2022-10-11,300721SZ,47.04,47.78,49.49,46.91,12634,60502232.0,5.43,0.5,0.24,1.78
1190,2022-10-12,300721SZ,47.49,46.07,47.87,44.24,33225,150811830.0,7.6,-3.58,-1.71,4.69
1191,2022-10-13,300721SZ,46.08,45.73,48.16,45.02,20930,97790369.0,6.82,-0.74,-0.34,2.95
1192,2022-10-14,300721SZ,46.0,46.26,46.46,44.83,15775,72155241.0,3.56,1.16,0.53,2.22
1193,2022-10-17,300721SZ,45.46,47.1,47.32,44.9,21536,99465158.0,5.23,1.82,0.84,3.04
1194,2022-10-18,300721SZ,47.11,46.68,47.38,45.89,17996,84019036.0,3.16,-0.89,-0.42,2.54
1195,2022-10-19,300721SZ,46.3,46.9,49.15,46.22,21324,101339034.0,6.28,0.47,0.22,3.01
1196,2022-10-20,300721SZ,46.0,45.84,47.13,44.89,19508,89694737.0,4.78,-2.26,-1.06,2.75
1197,2022-10-21,300721SZ,46.0,45.16,46.06,43.88,19184,86445989.0,4.76,-1.48,-0.68,2.71
1198,2022-10-24,300721SZ,45.64,46.55,48.18,45.01,22501,105448236.0,7.02,3.08,1.39,3.17
1199,2022-10-25,300721SZ,46.21,47.91,48.2,44.6,20433,94608191.0,7.73,2.92,1.36,2.88
1200,2022-10-26,300721SZ,47.84,49.1,49.5,46.65,22324,107689210.0,5.95,2.48,1.19,3.15
1201,2022-10-27,300721SZ,48.79,48.18,50.41,48.14,15113,74434465.0,4.62,-1.87,-0.92,2.13
1202,2022-10-28,300721SZ,48.18,47.0,50.15,46.68,17933,86039375.0,7.2,-2.45,-1.18,2.53
1203,2022-10-31,300721SZ,45.32,46.0,47.84,45.32,13472,62888561.0,5.36,-2.13,-1.0,1.9
1204,2022-11-01,300721SZ,46.0,45.89,46.5,45.0,12847,58709651.0,3.26,-0.24,-0.11,1.81
1205,2022-11-02,300721SZ,45.98,49.48,49.78,45.19,19652,94794333.0,10.0,7.82,3.59,2.77
1206,2022-11-03,300721SZ,48.8,50.24,50.24,48.25,17554,86508314.0,4.02,1.54,0.76,2.48
1207,2022-11-04,300721SZ,50.74,49.85,51.39,49.71,28621,143818208.0,3.34,-0.78,-0.39,4.04
1208,2022-11-07,300721SZ,49.64,49.8,50.49,49.58,14240,71255884.0,1.83,-0.1,-0.05,2.01
1209,2022-11-08,300721SZ,49.85,48.89,50.28,47.78,11324,55029981.0,5.02,-1.83,-0.91,1.6
1210,2022-11-09,300721SZ,48.89,50.7,51.3,48.62,13619,68421526.0,5.48,3.7,1.81,1.92
1211,2022-11-10,300721SZ,50.5,50.05,50.77,49.25,9974,49829721.0,3.0,-1.28,-0.65,1.41
1212,2022-11-11,300721SZ,50.98,49.17,51.79,49.03,11105,55482649.0,5.51,-1.76,-0.88,1.57
1213,2022-11-14,300721SZ,48.5,49.25,49.74,48.2,7620,37194576.0,3.13,0.16,0.08,1.07
1214,2022-11-15,300721SZ,48.8,49.74,49.88,48.51,9184,45351276.0,2.78,0.99,0.49,1.29
1215,2022-11-16,300721SZ,49.88,48.66,50.19,48.6,6091,30054488.0,3.2,-2.17,-1.08,0.85
1216,2022-11-17,300721SZ,48.51,49.3,49.43,48.05,4681,22790015.0,2.84,1.32,0.64,0.66
1217,2022-11-18,300721SZ,49.8,47.6,49.96,47.6,7244,35301223.0,4.79,-3.45,-1.7,1.02
1218,2022-11-21,300721SZ,47.15,48.03,48.29,47.14,5005,23928969.0,2.42,0.9,0.43,0.7
1219,2022-11-22,300721SZ,48.0,48.33,50.2,48.0,5811,28422066.0,4.58,0.62,0.3,0.82
1220,2022-11-23,300721SZ,48.4,48.88,48.95,47.59,4316,20864538.0,2.81,1.14,0.55,0.61
1221,2022-11-24,300721SZ,48.86,49.43,50.66,48.56,11614,57927239.0,4.3,1.13,0.55,1.63
1222,2022-11-25,300721SZ,49.46,49.02,50.3,48.15,9272,45682708.0,4.35,-0.83,-0.41,1.3
1223,2022-11-28,300721SZ,48.31,48.0,48.54,47.28,5101,24422754.0,2.57,-2.08,-1.02,0.72
1224,2022-11-29,300721SZ,47.76,48.05,48.39,47.32,3429,16467807.0,2.23,0.1,0.05,0.48
1225,2022-11-30,300721SZ,48.05,49.4,49.88,47.53,8033,39469619.0,4.89,2.81,1.35,1.13
1226,2022-12-01,300721SZ,49.5,51.12,51.77,49.5,16660,84920581.0,4.6,3.48,1.72,2.34
1227,2022-12-02,300721SZ,51.59,50.49,51.6,50.24,8158,41422681.0,2.66,-1.23,-0.63,1.14
1228,2022-12-05,300721SZ,50.44,49.43,50.44,49.3,6863,34119641.0,2.26,-2.1,-1.06,0.96
1229,2022-12-06,300721SZ,49.37,48.83,49.37,48.37,4552,22171591.0,2.02,-1.21,-0.6,0.64
1230,2022-12-07,300721SZ,48.8,49.14,49.64,48.36,4105,20146185.0,2.62,0.63,0.31,0.58
1231,2022-12-08,300721SZ,49.39,48.59,49.46,48.51,4190,20458385.0,1.93,-1.12,-0.55,0.59
1232,2022-12-09,300721SZ,48.3,49.5,49.98,48.02,8947,44208274.0,4.03,1.87,0.91,1.26
1233,2022-12-12,300721SZ,49.5,47.83,49.5,47.79,6113,29533014.0,3.45,-3.37,-1.67,0.86
1234,2022-12-13,300721SZ,48.34,47.28,48.43,47.21,2557,12171570.0,2.55,-1.15,-0.55,0.36
1235,2022-12-14,300721SZ,47.58,47.52,48.99,47.29,3895,18663254.0,3.6,0.51,0.24,0.55
1236,2022-12-15,300721SZ,47.99,48.6,49.7,47.6,5092,24759016.0,4.42,2.27,1.08,0.71
1237,2022-12-16,300721SZ,47.9,47.25,49.5,47.05,4190,19874559.0,5.04,-2.78,-1.35,0.59
1238,2022-12-19,300721SZ,47.64,45.38,47.64,44.99,5602,25643787.0,5.61,-3.96,-1.87,0.79
1239,2022-12-20,300721SZ,45.99,44.8,45.99,44.42,4659,20924154.0,3.46,-1.28,-0.58,0.65
1240,2022-12-21,300721SZ,44.99,44.27,45.35,43.29,7381,32515301.0,4.6,-1.18,-0.53,1.04
1241,2022-12-22,300721SZ,44.34,42.67,44.4,42.67,3854,16682870.0,3.91,-3.61,-1.6,0.54
1242,2022-12-23,300721SZ,42.0,41.42,42.98,41.0,6871,28709899.0,4.64,-2.93,-1.25,0.96
1243,2022-12-26,300721SZ,42.22,43.62,43.77,41.38,8883,38053931.0,5.77,5.31,2.2,1.25
1244,2022-12-27,300721SZ,43.63,43.07,43.98,42.63,3975,17136814.0,3.09,-1.26,-0.55,0.56
1245,2022-12-28,300721SZ,43.08,42.19,43.28,41.8,4094,17305551.0,3.44,-2.04,-0.88,0.57
1246,2022-12-29,300721SZ,42.23,42.06,42.59,41.98,3887,16429797.0,1.45,-0.31,-0.13,0.55
1247,2022-12-30,300721SZ,42.06,42.49,42.65,41.79,5626,23803602.0,2.04,1.02,0.43,0.79
1248,2023-01-03,300721SZ,43.2,43.81,44.28,42.17,11085,48166826.0,4.97,3.11,1.32,1.56
1249,2023-01-04,300721SZ,43.87,42.83,44.13,42.4,6106,26312117.0,3.95,-2.24,-0.98,0.86
1250,2023-01-05,300721SZ,42.94,43.32,43.68,42.55,7690,33302407.0,2.64,1.14,0.49,1.08
1251,2023-01-06,300721SZ,43.28,43.42,44.15,43.01,7570,33055499.0,2.63,0.23,0.1,1.06
1252,2023-01-09,300721SZ,43.55,44.46,44.68,43.3,9592,42326051.0,3.18,2.4,1.04,1.35
1253,2023-01-10,300721SZ,43.81,44.03,44.86,43.81,5530,24457371.0,2.36,-0.97,-0.43,0.78
1254,2023-01-11,300721SZ,43.88,43.34,44.76,43.15,9085,39853210.0,3.66,-1.57,-0.69,1.27
1255,2023-01-12,300721SZ,43.28,42.95,43.7,42.8,11002,47469331.0,2.08,-0.9,-0.39,1.54
1256,2023-01-13,300721SZ,43.3,41.29,43.56,40.52,23443,97863397.0,7.08,-3.86,-1.66,3.29
1257,2023-01-16,300721SZ,41.29,40.74,41.58,40.25,22824,93093884.0,3.22,-1.33,-0.55,3.2
1258,2023-01-17,300721SZ,40.99,40.8,42.09,40.51,15328,63226336.0,3.88,0.15,0.06,2.15
1259,2023-01-18,300721SZ,40.79,40.76,41.26,40.21,14125,57266682.0,2.57,-0.1,-0.04,1.98
1260,2023-01-19,300721SZ,40.61,40.79,40.95,40.38,11104,45123676.0,1.4,0.07,0.03,1.56
1261,2023-01-20,300721SZ,40.98,41.74,41.8,40.5,17657,72676575.0,3.19,2.33,0.95,2.48
1262,2023-01-30,300721SZ,42.11,42.18,42.88,42.0,14027,59410202.0,2.11,1.05,0.44,1.97
1263,2023-01-31,300721SZ,42.34,43.63,43.94,41.7,14710,63459188.0,5.31,3.44,1.45,2.06
1264,2023-02-01,300721SZ,43.92,44.14,44.59,43.46,11739,51735102.0,2.59,1.17,0.51,1.65
1265,2023-02-02,300721SZ,44.19,43.73,44.35,43.63,8931,39201650.0,1.63,-0.93,-0.41,1.25
1266,2023-02-03,300721SZ,43.69,44.33,44.49,43.56,12210,53691220.0,2.13,1.37,0.6,1.71
1267,2023-02-06,300721SZ,44.01,44.24,44.67,43.82,9582,42361576.0,1.92,-0.2,-0.09,1.34
1268,2023-02-07,300721SZ,44.23,45.1,45.68,44.23,12621,56945743.0,3.28,1.94,0.86,1.77
1269,2023-02-08,300721SZ,45.04,44.58,45.45,44.32,9546,42668033.0,2.51,-1.15,-0.52,1.34
1270,2023-02-09,300721SZ,44.98,46.78,46.78,44.85,22208,101972958.0,4.33,4.93,2.2,3.12
1271,2023-02-10,300721SZ,46.19,48.11,48.9,46.15,31401,148465209.0,5.88,2.84,1.33,4.41
1272,2023-02-13,300721SZ,48.11,47.68,48.44,47.47,20145,96260118.0,2.02,-0.89,-0.43,2.83
1273,2023-02-14,300721SZ,48.51,48.83,49.19,47.83,29866,144988013.0,2.85,2.41,1.15,4.19
1274,2023-02-15,300721SZ,48.76,49.37,49.86,48.53,18954,93237583.0,2.72,1.11,0.54,2.66
1275,2023-02-16,300721SZ,49.37,47.77,49.64,47.29,28097,136519335.0,4.76,-3.24,-1.6,3.94
1276,2023-02-17,300721SZ,48.0,47.36,48.32,46.9,22431,106628133.0,2.97,-0.86,-0.41,3.15
1277,2023-02-20,300721SZ,47.5,47.41,47.99,46.68,29782,140870194.0,2.77,0.11,0.05,4.18
1278,2023-02-21,300721SZ,45.1,41.86,45.1,41.65,94325,402336397.0,7.28,-11.71,-5.55,13.23
1279,2023-02-22,300721SZ,41.5,41.61,41.89,41.02,32276,133942146.0,2.08,-0.6,-0.25,4.53
1280,2023-02-23,300721SZ,41.91,42.15,42.88,41.63,42490,179818692.0,3.0,1.3,0.54,5.96
1281,2023-02-24,300721SZ,42.02,41.78,42.19,41.14,27801,115455501.0,2.49,-0.88,-0.37,3.9
1282,2023-02-27,300721SZ,41.7,42.32,42.99,41.15,41431,174976068.0,4.4,1.29,0.54,5.81
1283,2023-02-28,300721SZ,42.25,42.56,42.57,41.72,24272,102369188.0,2.01,0.57,0.24,3.41
1284,2023-03-01,300721SZ,42.4,42.46,42.59,42.17,21019,89056120.0,0.99,-0.23,-0.1,2.95
1285,2023-03-02,300721SZ,42.56,41.8,42.7,41.65,28814,121158373.0,2.47,-1.55,-0.66,4.04
1286,2023-03-03,300721SZ,41.88,41.6,42.16,41.41,17911,74602975.0,1.79,-0.48,-0.2,2.51
1287,2023-03-06,300721SZ,41.7,41.25,41.7,40.87,22351,92058217.0,2.0,-0.84,-0.35,3.14
1288,2023-03-07,300721SZ,41.08,39.39,41.25,39.37,26216,105414035.0,4.56,-4.51,-1.86,3.68
1289,2023-03-08,300721SZ,39.44,40.38,40.57,39.3,20811,83261993.0,3.22,2.51,0.99,2.92
1290,2023-03-09,300721SZ,40.45,41.27,41.39,40.14,28198,115635267.0,3.1,2.2,0.89,3.96
1291,2023-03-10,300721SZ,41.8,41.41,42.67,41.39,38637,162063142.0,3.1,0.34,0.14,5.42
1292,2023-03-13,300721SZ,40.56,40.65,41.39,40.22,20533,83463481.0,2.83,-1.84,-0.76,2.88
1293,2023-03-14,300721SZ,40.45,39.38,40.55,38.88,20902,82679867.0,4.11,-3.12,-1.27,2.93
1294,2023-03-15,300721SZ,39.87,40.91,41.95,39.75,29392,120666475.0,5.59,3.89,1.53,4.12
1295,2023-03-16,300721SZ,40.83,40.42,41.18,40.05,25043,101555237.0,2.76,-1.2,-0.49,3.51
1296,2023-03-17,300721SZ,41.1,41.25,41.9,40.83,39138,161682065.0,2.65,2.05,0.83,5.49
1297,2023-03-20,300721SZ,41.42,40.37,41.42,40.31,23916,97363170.0,2.69,-2.13,-0.88,3.36
1298,2023-03-21,300721SZ,40.45,40.77,40.83,39.64,18169,73414783.0,2.95,0.99,0.4,2.55
1299,2023-03-22,300721SZ,41.0,40.33,41.0,40.2,20960,84904417.0,1.96,-1.08,-0.44,2.94
1300,2023-03-23,300721SZ,21.08,20.51,21.17,20.06,60123,123130853.0,2.75,-49.14,-19.82,4.44
1301,2023-03-24,300721SZ,20.5,20.37,20.9,20.13,37217,76232155.0,3.75,-0.68,-0.14,2.75
1302,2023-03-27,300721SZ,20.48,21.55,21.75,20.48,93952,200118434.0,6.23,5.79,1.18,6.94
1303,2023-03-28,300721SZ,21.41,20.71,21.59,20.62,56103,117772874.0,4.5,-3.9,-0.84,4.14
1304,2023-03-29,300721SZ,20.65,20.3,20.84,20.14,37647,76902105.0,3.38,-1.98,-0.41,2.78
1305,2023-03-30,300721SZ,20.36,20.32,20.68,20.23,29084,59400929.0,2.22,0.1,0.02,2.15
1306,2023-03-31,300721SZ,20.3,20.8,21.2,20.1,53389,111401031.0,5.41,2.36,0.48,3.94
1307,2023-04-03,300721SZ,20.6,20.96,21.15,20.45,51824,108369269.0,3.37,0.77,0.16,3.83
1308,2023-04-04,300721SZ,20.9,20.37,21.19,20.32,58037,120010695.0,4.15,-2.81,-0.59,4.29
1309,2023-04-06,300721SZ,20.11,20.76,20.94,19.84,52876,108326558.0,5.4,1.91,0.39,3.9
1310,2023-04-07,300721SZ,20.77,20.37,20.78,20.24,37965,77590235.0,2.6,-1.88,-0.39,2.8
1311,2023-04-10,300721SZ,20.26,19.64,20.36,19.58,44896,89169683.0,3.83,-3.58,-0.73,3.32
1312,2023-04-11,300721SZ,19.63,19.0,19.63,18.81,51905,98967376.0,4.18,-3.26,-0.64,3.83
1313,2023-04-12,300721SZ,19.0,18.74,19.05,18.62,39434,74035371.0,2.26,-1.37,-0.26,2.91
1314,2023-04-13,300721SZ,18.7,18.1,18.7,18.02,41596,76022127.0,3.63,-3.42,-0.64,3.07
1315,2023-04-14,300721SZ,18.13,18.57,18.61,18.0,38178,70091680.0,3.37,2.6,0.47,2.82
1316,2023-04-17,300721SZ,18.5,18.47,18.64,18.25,27603,50788056.0,2.1,-0.54,-0.1,2.04
1317,2023-04-18,300721SZ,18.46,18.11,18.48,18.03,25103,45487116.0,2.44,-1.95,-0.36,1.85
1318,2023-04-19,300721SZ,18.0,18.24,18.58,17.99,30066,55019885.0,3.26,0.72,0.13,2.22
1319,2023-04-20,300721SZ,18.19,17.76,18.25,17.57,32470,57713179.0,3.73,-2.63,-0.48,2.4
1320,2023-04-21,300721SZ,17.8,17.08,17.82,17.0,31836,55315381.0,4.62,-3.83,-0.68,2.35
1321,2023-04-24,300721SZ,17.25,17.33,17.49,17.06,21220,36686953.0,2.52,1.46,0.25,1.57
1322,2023-04-25,300721SZ,17.38,16.49,17.38,16.35,33865,56547301.0,5.94,-4.85,-0.84,2.5
1323,2023-04-26,300721SZ,16.49,16.77,16.93,16.4,24067,40407304.0,3.21,1.7,0.28,1.78
1324,2023-04-27,300721SZ,16.6,16.23,16.79,16.15,30392,49841121.0,3.82,-3.22,-0.54,2.24
1325,2023-04-28,300721SZ,14.99,15.81,15.84,14.81,55414,85645117.0,6.35,-2.59,-0.42,4.09
1326,2023-05-04,300721SZ,15.72,15.78,16.22,15.61,28671,45429249.0,3.86,-0.19,-0.03,2.09
1327,2023-05-05,300721SZ,15.6,15.3,15.99,15.23,21883,33736421.0,4.82,-3.04,-0.48,1.59
1328,2023-05-08,300721SZ,15.26,15.31,15.67,15.22,22092,34082131.0,2.94,0.07,0.01,1.61
1329,2023-05-09,300721SZ,15.36,15.0,15.5,15.0,24171,36784953.0,3.27,-2.02,-0.31,1.76
1330,2023-05-10,300721SZ,15.05,15.41,15.55,14.9,26711,40843518.0,4.33,2.73,0.41,1.95
1331,2023-05-11,300721SZ,15.43,15.69,15.77,15.29,23339,36270740.0,3.11,1.82,0.28,1.7
1332,2023-05-12,300721SZ,15.69,15.35,15.8,15.33,18069,28000080.0,3.0,-2.17,-0.34,1.32
1333,2023-05-15,300721SZ,15.31,15.6,15.62,15.25,13377,20668962.0,2.41,1.63,0.25,0.97
1334,2023-05-16,300721SZ,15.59,15.61,15.74,15.42,13425,20880365.0,2.05,0.06,0.01,0.98
1335,2023-05-17,300721SZ,15.6,15.84,15.86,15.54,14743,23236391.0,2.05,1.47,0.23,1.07
1336,2023-05-18,300721SZ,15.97,15.63,15.97,15.53,13804,21598155.0,2.78,-1.33,-0.21,1.01
1337,2023-05-19,300721SZ,15.72,15.79,15.93,15.55,15772,24862928.0,2.43,1.02,0.16,1.15
1338,2023-05-22,300721SZ,15.72,16.07,16.08,15.65,18482,29386788.0,2.72,1.77,0.28,1.35
1339,2023-05-23,300721SZ,16.08,16.04,16.4,15.88,20433,33034146.0,3.24,-0.19,-0.03,1.49
1340,2023-05-24,300721SZ,16.2,17.21,17.49,15.98,72871,123167504.0,9.41,7.29,1.17,5.31
1341,2023-05-25,300721SZ,17.1,16.75,17.1,16.47,42177,70537467.0,3.66,-2.67,-0.46,3.07
1342,2023-05-26,300721SZ,16.62,16.51,16.7,16.24,29514,48645898.0,2.75,-1.43,-0.24,2.15
1343,2023-05-29,300721SZ,16.51,16.25,16.65,16.21,23230,38013828.0,2.67,-1.57,-0.26,1.69
1344,2023-05-30,300721SZ,16.25,16.26,16.39,16.06,20331,33028669.0,2.03,0.06,0.01,1.48
1345,2023-05-31,300721SZ,16.37,15.96,16.37,15.87,21720,34777183.0,3.08,-1.85,-0.3,1.58
1346,2023-06-01,300721SZ,15.96,16.33,16.43,15.89,23719,38555933.0,3.38,2.32,0.37,1.73
1347,2023-06-02,300721SZ,16.25,16.58,16.67,16.25,20164,33204906.0,2.57,1.53,0.25,1.47
1348,2023-06-05,300721SZ,16.58,16.22,16.67,16.13,18445,30054262.0,3.26,-2.17,-0.36,1.34
1349,2023-06-06,300721SZ,16.23,15.71,16.26,15.7,17398,27662523.0,3.45,-3.14,-0.51,1.27
1350,2023-06-07,300721SZ,15.71,15.5,15.8,15.44,14781,23052090.0,2.29,-1.34,-0.21,1.08
1351,2023-06-08,300721SZ,15.55,15.28,15.64,15.25,12632,19439939.0,2.52,-1.42,-0.22,0.92
1352,2023-06-09,300721SZ,15.43,15.1,15.43,14.9,15878,23960646.0,3.47,-1.18,-0.18,1.16
1353,2023-06-12,300721SZ,15.15,15.4,15.5,14.86,16056,24409514.0,4.24,1.99,0.3,1.17
1354,2023-06-13,300721SZ,15.36,15.17,15.46,15.14,12653,19270004.0,2.08,-1.49,-0.23,0.92
1355,2023-06-14,300721SZ,15.17,15.18,15.25,15.02,11019,16683879.0,1.52,0.07,0.01,0.8
1356,2023-06-15,300721SZ,15.17,15.61,16.13,15.05,33315,51859182.0,7.11,2.83,0.43,2.43
1357,2023-06-16,300721SZ,15.58,15.61,15.73,15.41,18974,29562910.0,2.05,0.0,0.0,1.38
1358,2023-06-19,300721SZ,15.69,15.65,15.94,15.5,17545,27518465.0,2.82,0.26,0.04,1.28
1359,2023-06-20,300721SZ,15.78,16.01,16.54,15.71,42883,69266715.0,5.3,2.3,0.36,3.12
1360,2023-06-21,300721SZ,15.88,15.5,16.13,15.48,26457,41635640.0,4.06,-3.19,-0.51,1.93
1361,2023-06-26,300721SZ,15.34,15.3,15.69,15.24,16896,26096865.0,2.9,-1.29,-0.2,1.23
1362,2023-06-27,300721SZ,15.22,15.75,15.78,15.22,18384,28768672.0,3.66,2.94,0.45,1.34
1363,2023-06-28,300721SZ,15.77,15.65,15.77,15.39,11688,18219607.0,2.41,-0.63,-0.1,0.85
1364,2023-06-29,300721SZ,15.72,15.93,15.98,15.53,15865,25190621.0,2.88,1.79,0.28,1.16
1365,2023-06-30,300721SZ,15.96,16.28,16.43,15.81,22025,35823572.0,3.89,2.2,0.35,1.6
1366,2023-07-03,300721SZ,16.48,16.11,16.57,16.09,18195,29581174.0,2.95,-1.04,-0.17,1.33
1367,2023-07-04,300721SZ,16.2,16.1,16.26,16.05,16838,27182885.0,1.3,-0.06,-0.01,1.23
1368,2023-07-05,300721SZ,16.15,15.94,16.22,15.89,13497,21673418.0,2.05,-0.99,-0.16,0.98
1369,2023-07-06,300721SZ,15.9,15.84,15.98,15.74,10948,17361799.0,1.51,-0.63,-0.1,0.8
1370,2023-07-07,300721SZ,15.84,15.76,15.9,15.62,10117,15951652.0,1.77,-0.51,-0.08,0.74
1371,2023-07-10,300721SZ,15.88,15.91,16.01,15.74,11575,18404759.0,1.71,0.95,0.15,0.84
1372,2023-07-11,300721SZ,15.98,16.33,16.36,15.84,20944,33833623.0,3.27,2.64,0.42,1.53
1373,2023-07-12,300721SZ,16.26,16.01,16.47,15.97,14994,24251659.0,3.06,-1.96,-0.32,1.09
1374,2023-07-13,300721SZ,16.07,16.16,16.25,16.05,10755,17395894.0,1.25,0.94,0.15,0.78
1375,2023-07-14,300721SZ,16.25,15.88,16.26,15.87,17359,27733002.0,2.41,-1.73,-0.28,1.26
1376,2023-07-17,300721SZ,15.92,16.19,16.58,15.5,50361,81128973.0,6.8,1.95,0.31,3.67
1377,2023-07-18,300721SZ,16.06,16.59,16.95,15.86,73023,120388118.0,6.73,2.47,0.4,5.32
1378,2023-07-19,300721SZ,17.16,16.92,17.94,16.7,99413,171198427.0,7.47,1.99,0.33,7.24
1379,2023-07-20,300721SZ,17.77,17.66,18.6,17.4,135924,243251369.0,7.09,4.37,0.74,9.9
1380,2023-07-21,300721SZ,17.23,16.68,17.5,16.61,89675,152738547.0,5.04,-5.55,-0.98,6.53
1381,2023-07-24,300721SZ,17.0,17.79,18.3,16.95,113459,200356932.0,8.09,6.65,1.11,8.27
1382,2023-07-25,300721SZ,17.7,17.4,17.7,17.19,76789,133305140.0,2.87,-2.19,-0.39,5.59
1383,2023-07-26,300721SZ,17.31,17.34,18.09,16.86,83229,144593116.0,7.07,-0.34,-0.06,6.06
1384,2023-07-27,300721SZ,17.23,16.67,17.28,16.54,57318,96633895.0,4.27,-3.86,-0.67,4.18
1385,2023-07-28,300721SZ,16.66,16.66,16.68,16.24,45234,74233519.0,2.64,-0.06,-0.01,3.3
1386,2023-07-31,300721SZ,16.66,16.68,16.81,16.52,32396,53929749.0,1.74,0.12,0.02,2.36
1387,2023-08-01,300721SZ,16.7,16.64,16.85,16.35,28891,47888642.0,3.0,-0.24,-0.04,2.1
1388,2023-08-02,300721SZ,16.6,16.53,16.65,16.38,20354,33576992.0,1.62,-0.66,-0.11,1.48
1389,2023-08-03,300721SZ,16.5,16.35,16.5,16.33,17768,29101236.0,1.03,-1.09,-0.18,1.29
1390,2023-08-04,300721SZ,16.35,16.15,16.52,16.08,24343,39519607.0,2.69,-1.22,-0.2,1.77
1391,2023-08-07,300721SZ,16.34,15.93,16.34,15.85,19768,31586824.0,3.03,-1.36,-0.22,1.44
1392,2023-08-08,300721SZ,15.98,16.03,16.14,15.8,15378,24544753.0,2.13,0.63,0.1,1.12
1393,2023-08-09,300721SZ,16.1,15.66,16.1,15.64,17906,28265237.0,2.87,-2.31,-0.37,1.3
1394,2023-08-10,300721SZ,15.65,15.92,15.96,15.65,12017,19058770.0,1.98,1.66,0.26,0.88
1395,2023-08-11,300721SZ,16.0,15.59,16.04,15.53,14861,23361790.0,3.2,-2.07,-0.33,1.08
1396,2023-08-14,300721SZ,15.5,15.46,15.5,15.2,15251,23368034.0,1.92,-0.83,-0.13,1.11
1397,2023-08-15,300721SZ,15.45,15.3,15.5,15.17,13476,20594056.0,2.13,-1.03,-0.16,0.98
1398,2023-08-16,300721SZ,15.3,15.1,15.36,15.1,10102,15373262.6,1.7,-1.31,-0.2,0.74
