,日期,股票代码,开盘价,收盘价,最高价,最低价,成交量,成交金额,振幅,涨跌幅,涨跌额,换手率
0,2010-04-28,601369SH,18.12,19.27,19.98,18.12,646196,1246879964.0,12.0,24.32,3.77,73.93
1,2010-04-29,601369SH,19.55,21.2,21.2,19.55,385272,801278566.0,8.56,10.02,1.93,44.08
2,2010-04-30,601369SH,20.55,20.83,21.21,19.08,369956,733594229.0,10.05,-1.75,-0.37,42.33
3,2010-05-04,601369SH,20.05,19.33,21.5,19.0,296299,587664765.0,12.0,-7.2,-1.5,33.9
4,2010-05-05,601369SH,18.5,18.59,18.88,17.78,199172,365563570.0,5.69,-3.83,-0.74,22.79
5,2010-05-06,601369SH,18.31,18.33,19.45,18.04,178812,336508828.0,7.58,-1.4,-0.26,20.46
6,2010-05-07,601369SH,17.8,18.4,18.67,17.65,126997,232128478.0,5.56,0.38,0.07,14.53
7,2010-05-10,601369SH,18.31,16.79,18.58,16.7,146161,254168059.0,10.22,-8.75,-1.61,16.72
8,2010-05-11,601369SH,17.17,15.83,17.3,15.72,134866,221248619.0,9.41,-5.72,-0.96,15.43
9,2010-05-12,601369SH,15.7,16.06,16.23,15.61,99126,158505595.0,3.92,1.45,0.23,11.34
10,2010-05-13,601369SH,15.97,16.39,16.45,15.47,109920,176110978.0,6.1,2.05,0.33,12.58
11,2010-05-14,601369SH,16.1,15.93,16.17,15.66,74205,118303430.0,3.11,-2.81,-0.46,8.49
12,2010-05-17,601369SH,15.6,15.59,16.2,15.51,85917,136185579.0,4.33,-2.13,-0.34,9.83
13,2010-05-18,601369SH,15.52,15.67,15.8,14.8,101705,155826714.0,6.41,0.51,0.08,11.64
14,2010-05-19,601369SH,15.52,15.86,16.1,15.46,82345,130185176.0,4.08,1.21,0.19,9.42
15,2010-05-20,601369SH,15.6,15.57,15.93,15.15,63044,98145021.0,4.92,-1.83,-0.29,7.21
16,2010-05-21,601369SH,14.97,15.8,15.93,14.9,66783,104135547.0,6.62,1.48,0.23,7.64
17,2010-05-24,601369SH,15.9,16.8,16.98,15.84,127574,210908544.0,7.22,6.33,1.0,14.6
18,2010-05-25,601369SH,16.41,16.4,16.98,16.3,77664,128932545.0,4.05,-2.38,-0.4,8.89
19,2010-05-26,601369SH,16.39,16.52,16.89,16.3,49853,82768649.0,3.6,0.73,0.12,5.7
20,2010-05-27,601369SH,16.57,16.77,16.9,16.22,79100,131283675.0,4.12,1.51,0.25,9.05
21,2010-05-28,601369SH,16.99,16.64,17.08,16.5,80081,134819708.0,3.46,-0.78,-0.13,9.16
22,2010-05-31,601369SH,16.39,15.9,16.54,15.81,62611,101824919.0,4.39,-4.45,-0.74,7.16
23,2010-06-01,601369SH,15.78,15.2,15.81,14.99,69264,106306324.0,5.16,-4.4,-0.7,7.92
24,2010-06-02,601369SH,15.14,15.52,15.55,15.0,37635,57439883.0,3.62,2.11,0.32,4.31
25,2010-06-03,601369SH,15.58,15.23,15.7,15.22,57908,89834080.0,3.09,-1.87,-0.29,6.63
26,2010-06-04,601369SH,15.1,15.19,15.22,14.9,46962,70651847.0,2.1,-0.26,-0.04,5.37
27,2010-06-07,601369SH,14.8,15.04,15.19,14.68,39244,58729593.0,3.36,-0.99,-0.15,4.49
28,2010-06-08,601369SH,15.05,15.35,15.4,15.01,49715,75755804.0,2.59,2.06,0.31,5.69
29,2010-06-09,601369SH,15.41,15.73,15.8,15.22,65109,100600723.0,3.78,2.48,0.38,7.45
30,2010-06-10,601369SH,15.66,15.55,15.8,15.4,54990,85797301.0,2.54,-1.14,-0.18,6.29
31,2010-06-11,601369SH,15.66,16.25,16.95,15.56,102462,168115621.0,8.94,4.5,0.7,11.72
32,2010-06-17,601369SH,16.4,16.26,16.58,16.1,58230,94923464.0,2.95,0.06,0.01,6.66
33,2010-06-18,601369SH,16.2,15.41,16.34,15.22,64219,100778863.0,6.89,-5.23,-0.85,7.35
34,2010-06-22,601369SH,15.82,16.14,16.65,15.8,80300,130047156.0,5.52,4.74,0.73,9.19
35,2010-06-23,601369SH,15.95,16.16,16.29,15.83,40326,64800438.0,2.85,0.12,0.02,4.61
36,2010-06-24,601369SH,16.25,16.21,16.48,16.11,41337,67274458.0,2.29,0.31,0.05,4.73
37,2010-06-25,601369SH,16.2,16.01,16.25,15.68,32642,52245367.0,3.52,-1.23,-0.2,3.73
38,2010-06-28,601369SH,16.05,16.96,17.19,16.02,144858,243399028.0,7.31,5.93,0.95,16.57
39,2010-06-29,601369SH,16.81,16.48,17.07,16.2,100696,167336065.0,5.13,-2.83,-0.48,11.52
40,2010-06-30,601369SH,16.25,17.3,17.6,15.9,134760,227816022.0,10.32,4.98,0.82,15.42
41,2010-07-01,601369SH,17.1,17.25,17.7,16.88,117382,202895859.0,4.74,-0.29,-0.05,13.43
42,2010-07-02,601369SH,17.23,17.31,17.65,16.82,121687,210239174.0,4.81,0.35,0.06,13.92
43,2010-07-05,601369SH,17.17,16.58,17.17,16.5,79194,133179047.0,3.87,-4.22,-0.73,9.06
44,2010-07-06,601369SH,16.4,17.04,17.07,16.35,66802,112436587.0,4.34,2.77,0.46,7.64
45,2010-07-07,601369SH,17.25,17.16,17.25,16.8,59036,100497275.0,2.64,0.7,0.12,6.75
46,2010-07-08,601369SH,17.3,16.89,17.38,16.68,57170,97140130.0,4.08,-1.57,-0.27,6.54
47,2010-07-09,601369SH,16.78,17.58,18.0,16.78,106373,186202344.0,7.22,4.09,0.69,12.17
48,2010-07-12,601369SH,17.4,17.51,17.79,17.35,66769,117271590.0,2.5,-0.4,-0.07,7.64
49,2010-07-13,601369SH,17.35,17.31,17.48,16.91,55124,94786396.0,3.26,-1.14,-0.2,6.31
50,2010-07-14,601369SH,17.36,17.21,17.7,17.05,63497,110078195.0,3.76,-0.58,-0.1,7.26
51,2010-07-15,601369SH,17.25,16.57,17.34,16.52,55846,94928624.0,4.76,-3.72,-0.64,6.39
52,2010-07-16,601369SH,16.36,16.31,16.53,15.9,47921,77741211.0,3.8,-1.57,-0.26,5.48
53,2010-07-19,601369SH,16.14,16.59,16.63,16.1,42214,69320961.0,3.25,1.72,0.28,4.83
54,2010-07-20,601369SH,16.65,17.07,17.16,16.55,58606,99109387.0,3.68,2.89,0.48,6.71
55,2010-07-21,601369SH,17.18,16.95,17.34,16.9,60246,103122014.0,2.58,-0.7,-0.12,6.89
56,2010-07-22,601369SH,16.85,17.1,17.13,16.79,49222,83744340.0,2.01,0.88,0.15,5.63
57,2010-07-23,601369SH,17.07,17.08,17.17,16.7,52510,89044929.0,2.75,-0.12,-0.02,6.01
58,2010-07-26,601369SH,17.09,17.19,17.34,16.89,66231,113559766.0,2.63,0.64,0.11,7.58
59,2010-07-27,601369SH,17.19,16.97,17.28,16.83,65757,111918327.0,2.62,-1.28,-0.22,7.52
60,2010-07-28,601369SH,16.7,17.62,17.7,16.5,240368,409279331.0,7.07,3.83,0.65,22.0
61,2010-07-29,601369SH,17.45,17.54,17.6,17.2,150981,263451521.0,2.27,-0.45,-0.08,13.82
62,2010-07-30,601369SH,17.5,17.57,17.94,17.28,131561,231635033.0,3.76,0.17,0.03,12.04
63,2010-08-02,601369SH,17.45,17.69,17.85,17.36,128318,226586672.0,2.79,0.68,0.12,11.75
64,2010-08-03,601369SH,17.65,17.63,18.19,17.3,128742,227965489.0,5.03,-0.34,-0.06,11.78
65,2010-08-04,601369SH,17.57,18.06,18.1,17.44,113771,202307741.0,3.74,2.44,0.43,10.41
66,2010-08-05,601369SH,17.97,18.12,18.41,17.75,113056,204410826.0,3.65,0.33,0.06,10.35
67,2010-08-06,601369SH,18.01,18.13,18.17,17.65,84813,152259402.0,2.87,0.06,0.01,7.76
68,2010-08-09,601369SH,18.11,18.06,18.15,17.87,69047,124414120.0,1.54,-0.39,-0.07,6.32
69,2010-08-10,601369SH,18.06,17.18,18.1,17.0,89514,157616861.0,6.09,-4.87,-0.88,8.19
70,2010-08-11,601369SH,17.22,17.24,17.47,17.08,46723,80649329.0,2.27,0.35,0.06,4.28
71,2010-08-12,601369SH,16.99,16.9,17.18,16.85,57848,98414280.0,1.91,-1.97,-0.34,5.29
72,2010-08-13,601369SH,16.82,17.28,17.35,16.81,44794,76493869.0,3.2,2.25,0.38,4.1
73,2010-08-16,601369SH,17.24,17.64,17.67,17.13,72322,125926266.0,3.13,2.08,0.36,6.62
74,2010-08-17,601369SH,17.68,17.61,17.71,17.38,71197,124889209.0,1.87,-0.17,-0.03,6.52
75,2010-08-18,601369SH,17.61,17.74,17.92,17.48,76863,136430946.0,2.5,0.74,0.13,7.04
76,2010-08-19,601369SH,17.8,17.63,17.85,17.46,58866,103746851.0,2.2,-0.62,-0.11,5.39
77,2010-08-20,601369SH,17.5,17.23,17.87,17.2,67795,119141491.0,3.8,-2.27,-0.4,6.21
78,2010-08-23,601369SH,17.1,17.1,17.28,17.02,43136,73965438.0,1.51,-0.75,-0.13,3.95
79,2010-08-24,601369SH,17.0,17.17,17.35,16.91,46504,79805453.0,2.57,0.41,0.07,4.26
80,2010-08-25,601369SH,17.02,16.62,17.15,16.6,47961,80843354.0,3.2,-3.2,-0.55,4.39
81,2010-08-26,601369SH,16.57,16.62,16.8,16.51,26576,44165077.0,1.74,0.0,0.0,2.43
82,2010-08-27,601369SH,16.65,16.96,17.08,16.4,35431,59334727.0,4.09,2.05,0.34,3.24
83,2010-08-30,601369SH,16.96,17.34,17.5,16.96,54951,94977623.0,3.18,2.24,0.38,5.03
84,2010-08-31,601369SH,17.2,17.14,17.37,17.0,50053,86074021.0,2.13,-1.15,-0.2,4.58
85,2010-09-01,601369SH,17.14,16.75,17.29,16.64,50802,86039392.0,3.79,-2.28,-0.39,4.65
86,2010-09-02,601369SH,16.91,17.02,17.13,16.84,38921,66142290.0,1.73,1.61,0.27,3.56
87,2010-09-03,601369SH,17.0,17.45,17.75,16.98,95785,167399253.0,4.52,2.53,0.43,8.77
88,2010-09-06,601369SH,17.86,17.65,17.92,17.41,73209,129084543.0,2.92,1.15,0.2,6.7
89,2010-09-07,601369SH,17.61,17.66,17.88,17.51,60997,107792461.0,2.1,0.06,0.01,5.58
90,2010-09-08,601369SH,17.51,17.61,17.63,17.3,49064,85694477.0,1.87,-0.28,-0.05,4.49
91,2010-09-09,601369SH,17.62,17.41,17.9,17.38,65381,115160496.0,2.95,-1.14,-0.2,5.98
92,2010-09-10,601369SH,17.5,18.03,18.08,17.19,83062,146793709.0,5.11,3.56,0.62,7.6
93,2010-09-13,601369SH,18.12,18.18,18.38,17.78,90499,163512665.0,3.33,0.83,0.15,8.28
94,2010-09-14,601369SH,18.18,18.0,18.3,17.92,49810,89915873.0,2.09,-0.99,-0.18,4.56
95,2010-09-15,601369SH,18.01,17.82,18.52,17.55,77585,141056738.0,5.39,-1.0,-0.18,7.1
96,2010-09-16,601369SH,17.7,17.34,17.9,17.1,51558,90091946.0,4.49,-2.69,-0.48,4.72
97,2010-09-17,601369SH,17.33,17.2,17.47,17.13,35854,61955429.0,1.96,-0.81,-0.14,3.28
98,2010-09-20,601369SH,17.21,16.97,17.37,16.88,28591,49052520.0,2.85,-1.34,-0.23,2.62
99,2010-09-21,601369SH,17.05,17.1,17.17,16.87,17625,29980066.0,1.77,0.77,0.13,1.61
100,2010-09-27,601369SH,17.32,17.28,17.38,17.17,22837,39451189.0,1.23,1.05,0.18,2.09
101,2010-09-28,601369SH,17.25,16.85,17.36,16.77,36648,62423587.0,3.41,-2.49,-0.43,3.35
102,2010-09-29,601369SH,16.98,16.82,16.98,16.67,22580,38045097.0,1.84,-0.18,-0.03,2.07
103,2010-09-30,601369SH,16.7,17.04,17.15,16.7,20058,34063209.0,2.68,1.31,0.22,1.84
104,2010-10-08,601369SH,17.17,17.39,17.49,17.03,39236,68072683.0,2.7,2.05,0.35,3.59
105,2010-10-11,601369SH,17.48,17.93,18.42,17.35,89775,160491476.0,6.15,3.11,0.54,8.22
106,2010-10-12,601369SH,17.91,17.9,18.12,17.62,62672,111876369.0,2.79,-0.17,-0.03,5.74
107,2010-10-13,601369SH,17.91,18.41,18.64,17.73,113955,208909722.0,5.08,2.85,0.51,10.43
108,2010-10-14,601369SH,18.5,18.94,19.51,18.45,188180,358338304.0,5.76,2.88,0.53,17.22
109,2010-10-15,601369SH,18.66,19.93,20.55,18.35,205987,404624042.0,11.62,5.23,0.99,18.85
110,2010-10-18,601369SH,20.38,19.99,21.14,19.85,178715,364926387.0,6.47,0.3,0.06,16.36
111,2010-10-19,601369SH,19.9,20.1,20.85,19.6,105084,211085314.0,6.25,0.55,0.11,9.62
112,2010-10-20,601369SH,19.8,20.39,20.59,19.5,107111,215236035.0,5.42,1.44,0.29,9.8
113,2010-10-21,601369SH,20.39,20.01,20.69,19.88,95656,193718666.0,3.97,-1.86,-0.38,8.76
114,2010-10-22,601369SH,20.0,20.39,20.75,19.8,89829,182492588.0,4.75,1.9,0.38,8.22
115,2010-10-25,601369SH,20.29,21.71,21.8,20.2,117129,249061305.0,7.85,6.47,1.32,10.72
116,2010-10-26,601369SH,21.61,21.97,22.09,21.1,80114,171309766.0,4.56,1.2,0.26,7.33
117,2010-10-27,601369SH,21.98,20.66,22.3,20.61,129027,275554129.0,7.69,-5.96,-1.31,11.81
118,2010-10-28,601369SH,20.6,20.67,21.05,19.61,134642,275385138.0,6.97,0.05,0.01,12.32
119,2010-10-29,601369SH,20.33,20.21,20.98,19.99,85512,174052203.0,4.79,-2.23,-0.46,7.83
120,2010-11-01,601369SH,20.04,20.41,20.56,19.88,92233,186812884.0,3.36,0.99,0.2,8.44
121,2010-11-02,601369SH,20.47,20.61,21.44,20.31,100371,209724404.0,5.54,0.98,0.2,9.19
122,2010-11-03,601369SH,20.36,20.35,20.84,20.3,55828,114517033.0,2.62,-1.26,-0.26,5.11
123,2010-11-04,601369SH,20.31,20.58,20.67,20.0,73275,149168885.0,3.29,1.13,0.23,6.71
124,2010-11-05,601369SH,20.67,21.3,21.38,20.5,103760,218921497.0,4.28,3.5,0.72,9.5
125,2010-11-08,601369SH,21.44,21.29,21.89,21.11,97571,209556636.0,3.66,-0.05,-0.01,8.93
126,2010-11-09,601369SH,21.3,22.01,22.05,21.18,93781,202477913.0,4.09,3.38,0.72,8.58
127,2010-11-10,601369SH,22.11,21.99,22.58,21.71,74645,165412326.0,3.95,-0.09,-0.02,6.83
128,2010-11-11,601369SH,21.75,21.86,23.0,21.58,95308,213584938.0,6.46,-0.59,-0.13,8.72
129,2010-11-12,601369SH,21.87,20.35,22.38,20.0,100477,213327665.0,10.89,-6.91,-1.51,9.2
130,2010-11-15,601369SH,20.45,21.89,21.96,20.03,103663,219451127.0,9.48,7.57,1.54,9.49
131,2010-11-16,601369SH,21.6,20.9,21.87,20.5,81820,174166656.0,6.26,-4.52,-0.99,7.49
132,2010-11-17,601369SH,20.7,19.73,20.7,19.53,85321,171224946.0,5.6,-5.6,-1.17,7.81
133,2010-11-18,601369SH,20.1,19.54,20.2,19.08,51605,101212917.0,5.68,-0.96,-0.19,4.72
134,2010-11-19,601369SH,19.62,20.17,20.23,19.43,47355,93668727.0,4.09,3.22,0.63,4.33
135,2010-11-22,601369SH,20.15,20.25,20.69,19.88,46251,93996240.0,4.02,0.4,0.08,4.23
136,2010-11-23,601369SH,20.22,20.04,20.3,19.3,36040,71363710.0,4.94,-1.04,-0.21,3.3
137,2010-11-24,601369SH,19.7,20.43,20.48,19.7,37019,75152617.0,3.89,1.95,0.39,3.39
138,2010-11-25,601369SH,20.6,20.85,21.33,20.6,45726,95684297.0,3.57,2.06,0.42,4.19
139,2010-11-26,601369SH,20.85,20.79,21.05,20.5,28149,58399892.0,2.64,-0.29,-0.06,2.58
140,2010-11-29,601369SH,20.7,20.31,20.75,20.0,35544,72477888.0,3.61,-2.31,-0.48,3.25
141,2010-11-30,601369SH,20.31,21.91,22.29,19.71,131837,275557644.0,12.7,7.88,1.6,12.07
142,2010-12-01,601369SH,22.3,21.98,22.5,21.36,137017,302050150.0,5.2,0.32,0.07,12.54
143,2010-12-02,601369SH,22.13,22.15,22.4,21.66,68311,150432327.0,3.37,0.77,0.17,6.25
144,2010-12-03,601369SH,22.49,21.44,22.69,21.35,57323,125145191.0,6.05,-3.21,-0.71,5.25
145,2010-12-06,601369SH,21.31,20.72,21.6,20.45,44726,93443828.0,5.36,-3.36,-0.72,4.09
146,2010-12-07,601369SH,20.5,20.89,21.12,20.25,26250,54121077.0,4.2,0.82,0.17,2.4
147,2010-12-08,601369SH,20.88,20.75,21.1,20.5,26944,55989157.0,2.87,-0.67,-0.14,2.47
148,2010-12-09,601369SH,20.72,20.76,21.13,20.28,32480,67431912.0,4.1,0.05,0.01,2.97
149,2010-12-10,601369SH,20.55,21.01,21.17,20.35,23501,49069174.0,3.95,1.2,0.25,2.15
150,2010-12-13,601369SH,21.17,22.09,22.23,21.02,75601,165246407.0,5.76,5.14,1.08,6.92
151,2010-12-14,601369SH,22.16,22.07,22.4,21.9,55304,122153317.0,2.26,-0.09,-0.02,5.06
152,2010-12-15,601369SH,21.9,23.08,23.48,21.89,142252,326350230.0,7.2,4.58,1.01,13.02
153,2010-12-16,601369SH,22.9,23.04,23.79,22.8,95168,221779800.0,4.29,-0.17,-0.04,8.71
154,2010-12-17,601369SH,22.82,23.3,23.4,22.71,54269,125156220.0,2.99,1.13,0.26,4.97
155,2010-12-20,601369SH,23.45,23.61,24.15,22.49,127609,300332109.0,7.12,1.33,0.31,11.68
156,2010-12-21,601369SH,23.63,24.37,24.95,23.61,135812,330879157.0,5.68,3.22,0.76,12.43
157,2010-12-22,601369SH,24.15,24.1,24.37,23.7,62533,149789319.0,2.75,-1.11,-0.27,5.72
158,2010-12-23,601369SH,23.92,23.04,24.2,23.0,63122,147652350.0,4.98,-4.4,-1.06,5.78
159,2010-12-24,601369SH,22.85,23.2,23.5,22.8,51060,118343811.0,3.04,0.69,0.16,4.67
160,2010-12-27,601369SH,23.17,22.16,23.69,21.84,60865,139679944.0,7.97,-4.48,-1.04,5.57
161,2010-12-28,601369SH,22.0,22.15,22.43,21.64,43090,95235978.0,3.56,-0.05,-0.01,3.94
162,2010-12-29,601369SH,22.11,23.1,23.17,22.0,39598,89762237.0,5.28,4.29,0.95,3.62
163,2010-12-30,601369SH,22.88,23.63,23.76,22.88,47577,111427495.0,3.81,2.29,0.53,4.35
164,2010-12-31,601369SH,23.85,23.8,23.97,23.42,39382,93430415.0,2.33,0.72,0.17,3.6
165,2011-01-04,601369SH,23.85,23.8,24.39,23.7,43372,104157452.0,2.9,0.0,0.0,3.97
166,2011-01-05,601369SH,23.66,24.55,24.65,23.63,63526,153310250.0,4.29,3.15,0.75,5.81
167,2011-01-06,601369SH,24.62,23.4,24.68,23.35,60758,145008091.0,5.42,-4.68,-1.15,5.56
168,2011-01-07,601369SH,23.42,23.02,23.61,22.95,46809,108773024.0,2.82,-1.62,-0.38,4.28
169,2011-01-10,601369SH,22.92,22.61,23.48,22.35,40076,91665694.0,4.91,-1.78,-0.41,3.67
170,2011-01-11,601369SH,22.61,22.59,22.85,22.0,32802,73402343.0,3.76,-0.09,-0.02,3.0
171,2011-01-12,601369SH,22.8,22.79,22.8,22.1,18342,41304940.0,3.1,0.89,0.2,1.68
172,2011-01-13,601369SH,22.8,22.59,23.22,22.53,30208,69137266.0,3.03,-0.88,-0.2,2.77
173,2011-01-14,601369SH,22.49,21.99,22.49,21.91,28125,62111085.0,2.57,-2.66,-0.6,2.57
174,2011-01-17,601369SH,21.74,20.14,21.79,20.0,52955,109752493.0,8.14,-8.41,-1.85,4.85
175,2011-01-18,601369SH,20.0,20.1,20.28,19.89,18541,37304120.0,1.94,-0.2,-0.04,1.7
176,2011-01-19,601369SH,20.13,20.46,20.71,20.01,26365,53773510.0,3.48,1.79,0.36,2.41
177,2011-01-20,601369SH,20.35,19.56,20.56,19.28,33646,66567921.0,6.26,-4.4,-0.9,3.08
178,2011-01-21,601369SH,19.32,19.77,20.2,19.32,23762,47010053.0,4.5,1.07,0.21,2.17
179,2011-01-24,601369SH,19.99,19.76,20.09,19.5,23501,46558267.0,2.98,-0.05,-0.01,2.15
180,2011-01-25,601369SH,19.6,20.05,20.08,19.55,15880,31539686.0,2.68,1.47,0.29,1.45
181,2011-01-26,601369SH,20.19,20.3,20.52,19.9,18217,36881447.0,3.09,1.25,0.25,1.67
182,2011-01-27,601369SH,20.2,21.54,21.78,20.01,58152,124110544.0,8.72,6.11,1.24,5.32
183,2011-01-28,601369SH,21.31,21.41,21.84,21.3,34182,73678777.0,2.51,-0.6,-0.13,3.13
184,2011-01-31,601369SH,21.45,21.84,21.89,21.01,26830,57908727.0,4.11,2.01,0.43,2.46
185,2011-02-01,601369SH,21.88,21.41,21.89,21.27,15577,33458115.0,2.84,-1.97,-0.43,1.43
186,2011-02-09,601369SH,21.09,21.23,21.66,21.06,17311,36988491.0,2.8,-0.84,-0.18,1.58
187,2011-02-10,601369SH,21.22,21.88,21.92,21.03,25769,55664279.0,4.19,3.06,0.65,2.36
188,2011-02-11,601369SH,21.97,22.08,22.65,21.79,32840,73235730.0,3.93,0.91,0.2,3.01
189,2011-02-14,601369SH,22.4,22.39,22.57,21.99,34419,76849283.0,2.63,1.4,0.31,3.15
190,2011-02-15,601369SH,22.42,22.16,22.61,22.11,40617,90661577.0,2.23,-1.03,-0.23,3.72
191,2011-02-16,601369SH,22.14,22.93,23.04,21.88,47871,108879389.0,5.23,3.47,0.77,4.38
192,2011-02-17,601369SH,23.01,22.9,23.1,22.56,34696,79008164.0,2.35,-0.13,-0.03,3.18
193,2011-02-18,601369SH,22.8,22.24,22.99,22.11,28415,63974673.0,3.84,-2.88,-0.66,2.6
194,2011-02-21,601369SH,22.06,22.55,22.55,22.05,31412,70286452.0,2.25,1.39,0.31,2.88
195,2011-02-22,601369SH,22.58,21.69,22.95,21.55,57926,129407717.0,6.21,-3.81,-0.86,5.3
196,2011-02-23,601369SH,21.61,22.01,22.08,21.52,24771,53852602.0,2.58,1.48,0.32,2.27
197,2011-02-24,601369SH,21.84,21.75,21.98,21.49,24675,53551530.0,2.23,-1.18,-0.26,2.26
198,2011-02-25,601369SH,21.74,21.26,21.8,21.16,39064,83299355.0,2.94,-2.25,-0.49,3.58
199,2011-02-28,601369SH,21.3,21.66,21.69,21.09,32554,69774873.0,2.82,1.88,0.4,2.98
200,2011-03-01,601369SH,21.7,22.14,22.28,21.68,44622,98215867.0,2.77,2.22,0.48,4.08
201,2011-03-02,601369SH,22.12,21.8,22.12,21.4,24359,52970398.0,3.25,-1.54,-0.34,2.23
202,2011-03-03,601369SH,21.8,20.84,21.8,20.73,45773,97078292.0,4.91,-4.4,-0.96,4.19
203,2011-03-04,601369SH,20.85,21.15,21.2,20.8,19885,41746156.0,1.92,1.49,0.31,1.82
204,2011-03-07,601369SH,21.14,21.37,21.38,21.11,33710,71512938.0,1.28,1.04,0.22,3.09
205,2011-03-08,601369SH,21.46,21.63,21.86,21.3,27980,60638514.0,2.62,1.22,0.26,2.56
206,2011-03-09,601369SH,21.8,21.49,21.87,21.28,22962,49349121.0,2.73,-0.65,-0.14,2.1
207,2011-03-10,601369SH,21.49,21.54,21.75,21.25,33541,72290538.0,2.33,0.23,0.05,3.07
208,2011-03-11,601369SH,21.4,21.96,22.3,21.3,58275,128132418.0,4.64,1.95,0.42,5.33
209,2011-03-14,601369SH,22.25,22.6,22.86,22.08,71318,160699985.0,3.55,2.91,0.64,6.53
210,2011-03-15,601369SH,22.83,22.95,23.22,22.2,133483,304739510.0,4.51,1.55,0.35,12.22
211,2011-03-16,601369SH,23.23,22.9,23.4,22.58,80222,183808139.0,3.57,-0.22,-0.05,7.34
212,2011-03-17,601369SH,22.75,22.02,22.75,21.96,56354,125402233.0,3.45,-3.84,-0.88,5.16
213,2011-03-18,601369SH,22.31,22.14,22.43,21.97,26035,57779932.0,2.09,0.54,0.12,2.38
214,2011-03-21,601369SH,22.16,22.36,22.69,22.1,30564,68520003.0,2.66,0.99,0.22,2.8
215,2011-03-22,601369SH,22.36,21.7,22.4,21.61,34456,75156264.0,3.53,-2.95,-0.66,3.15
216,2011-03-23,601369SH,21.65,21.91,22.08,21.53,20981,45811909.0,2.53,0.97,0.21,1.92
217,2011-03-24,601369SH,21.91,21.89,22.09,21.75,19176,42119647.0,1.55,-0.09,-0.02,1.76
218,2011-03-25,601369SH,21.9,22.41,22.6,21.89,41397,92825637.0,3.24,2.38,0.52,3.79
219,2011-03-28,601369SH,22.46,22.57,22.8,22.33,38287,86220683.0,2.1,0.71,0.16,3.5
220,2011-03-29,601369SH,22.57,22.27,23.0,22.22,36954,83558759.0,3.46,-1.33,-0.3,3.38
221,2011-03-30,601369SH,22.09,21.62,22.39,21.6,32711,71331714.0,3.55,-2.92,-0.65,2.99
222,2011-03-31,601369SH,21.63,21.31,21.82,21.14,21915,46975550.0,3.15,-1.43,-0.31,2.01
223,2011-04-01,601369SH,21.32,21.69,21.7,21.26,16137,34635396.0,2.06,1.78,0.38,1.48
224,2011-04-07,601369SH,21.99,21.49,22.04,21.27,32143,69255206.0,3.55,-0.92,-0.2,2.94
225,2011-04-08,601369SH,21.49,21.82,21.85,21.35,17183,37260245.0,2.33,1.54,0.33,1.57
226,2011-04-11,601369SH,21.83,21.32,21.97,21.25,24612,53128172.0,3.3,-2.29,-0.5,2.25
227,2011-04-12,601369SH,21.32,21.5,21.74,21.21,16121,34686934.0,2.49,0.84,0.18,1.48
228,2011-04-13,601369SH,21.55,21.63,21.67,21.24,13459,28874147.0,2.0,0.6,0.13,1.23
229,2011-04-14,601369SH,21.65,21.32,21.65,21.2,18098,38723196.0,2.08,-1.43,-0.31,1.66
230,2011-04-15,601369SH,21.31,20.96,21.44,20.65,30891,64676585.0,3.71,-1.69,-0.36,2.83
231,2011-04-18,601369SH,21.1,22.72,22.98,21.05,83608,187060413.0,9.21,8.4,1.76,7.65
232,2011-04-19,601369SH,22.55,22.6,22.7,22.05,43788,98254279.0,2.86,-0.53,-0.12,4.01
233,2011-04-20,601369SH,22.68,22.82,23.37,22.6,47978,110237741.0,3.41,0.97,0.22,4.39
234,2011-04-21,601369SH,23.0,24.17,24.46,22.76,124636,294515929.0,7.45,5.92,1.35,11.41
235,2011-04-22,601369SH,15.86,15.18,16.17,15.02,91565,141797282.0,4.76,-37.19,-8.99,5.59
236,2011-04-25,601369SH,14.71,13.99,14.73,13.99,95287,134801487.0,4.87,-7.84,-1.19,5.81
237,2011-04-26,601369SH,13.85,13.59,13.95,13.5,44630,61020405.0,3.22,-2.86,-0.4,2.72
238,2011-04-27,601369SH,13.78,13.35,13.78,13.22,42488,57067711.0,4.12,-1.77,-0.24,2.59
239,2011-04-28,601369SH,13.5,13.64,13.79,13.32,41625,56665718.0,3.52,2.17,0.29,0.75
240,2011-04-29,601369SH,13.7,13.78,13.79,13.45,24650,33681931.0,2.49,1.03,0.14,0.45
241,2011-05-03,601369SH,13.7,13.92,13.95,13.61,27225,37704435.0,2.47,1.02,0.14,0.49
242,2011-05-04,601369SH,13.71,13.71,14.13,13.65,37696,52273397.0,3.45,-1.51,-0.21,0.68
243,2011-05-05,601369SH,13.74,13.5,13.85,13.4,37034,50505502.0,3.28,-1.53,-0.21,0.67
244,2011-05-06,601369SH,13.36,13.11,13.36,13.06,41600,54703181.0,2.22,-2.89,-0.39,0.75
245,2011-05-09,601369SH,13.13,13.32,13.45,13.13,24291,32362795.0,2.44,1.6,0.21,0.44
246,2011-05-10,601369SH,13.4,13.36,13.46,13.22,16886,22464185.0,1.8,0.3,0.04,0.31
247,2011-05-11,601369SH,13.36,13.25,13.44,13.11,17414,23064415.0,2.47,-0.82,-0.11,0.31
248,2011-05-12,601369SH,13.24,13.01,13.24,13.0,21887,28715890.0,1.81,-1.81,-0.24,0.4
249,2011-05-13,601369SH,13.04,13.2,13.25,13.02,17287,22752093.0,1.77,1.46,0.19,0.31
250,2011-05-16,601369SH,13.21,13.11,13.25,13.07,16017,21020854.0,1.36,-0.68,-0.09,0.29
251,2011-05-17,601369SH,13.06,13.29,13.38,13.06,20985,27792598.0,2.44,1.37,0.18,0.38
252,2011-05-18,601369SH,13.32,13.21,13.38,13.17,17815,23603001.0,1.58,-0.6,-0.08,0.32
253,2011-05-19,601369SH,13.25,13.11,13.3,13.09,16676,21930288.0,1.59,-0.76,-0.1,0.3
254,2011-05-20,601369SH,13.12,13.05,13.27,13.03,11217,14701556.0,1.83,-0.46,-0.06,0.2
255,2011-05-23,601369SH,13.1,12.53,13.15,12.5,22047,28282400.0,4.98,-3.98,-0.52,0.4
256,2011-05-24,601369SH,12.5,12.28,12.6,12.0,18571,22837291.0,4.79,-2.0,-0.25,0.34
257,2011-05-25,601369SH,12.28,12.16,12.55,12.05,10090,12407691.0,4.07,-0.98,-0.12,0.18
258,2011-05-26,601369SH,12.26,12.0,12.39,12.0,14558,17665367.0,3.21,-1.32,-0.16,0.26
259,2011-05-27,601369SH,12.18,12.0,12.18,11.9,13962,16764933.0,2.33,0.0,0.0,0.25
260,2011-05-30,601369SH,12.1,11.84,12.11,11.81,9976,11869220.0,2.5,-1.33,-0.16,0.18
261,2011-05-31,601369SH,11.84,12.12,12.14,11.81,11816,14199223.0,2.79,2.36,0.28,0.21
262,2011-06-01,601369SH,12.2,12.09,12.2,11.97,12157,14642549.0,1.9,-0.25,-0.03,0.22
263,2011-06-02,601369SH,11.9,12.12,12.18,11.8,17214,20633933.0,3.14,0.25,0.03,0.31
264,2011-06-03,601369SH,12.1,12.19,12.35,12.05,54464,66580899.0,2.48,0.58,0.07,0.98
265,2011-06-07,601369SH,12.15,11.95,12.19,11.88,55999,67044744.0,2.54,-1.97,-0.24,1.01
266,2011-06-08,601369SH,11.95,11.88,11.97,11.63,29388,34694254.0,2.85,-0.59,-0.07,0.53
267,2011-06-09,601369SH,11.88,11.75,12.04,11.74,21759,25808138.0,2.53,-1.09,-0.13,0.39
268,2011-06-10,601369SH,11.74,11.86,11.88,11.66,13277,15630823.0,1.87,0.94,0.11,0.24
269,2011-06-13,601369SH,11.87,11.65,11.87,11.48,24891,28966601.0,3.29,-1.77,-0.21,0.45
270,2011-06-14,601369SH,11.69,11.66,11.79,11.63,33685,39419012.0,1.37,0.09,0.01,0.61
271,2011-06-15,601369SH,11.6,11.4,11.66,11.3,39612,45430588.0,3.09,-2.23,-0.26,0.72
272,2011-06-16,601369SH,11.33,10.91,11.33,10.88,28740,31749631.0,3.95,-4.3,-0.49,0.52
273,2011-06-17,601369SH,11.01,10.49,11.04,10.45,39491,42364187.0,5.41,-3.85,-0.42,0.71
274,2011-06-20,601369SH,10.5,10.53,10.58,10.32,25231,26470080.0,2.48,0.38,0.04,0.46
275,2011-06-21,601369SH,10.53,10.67,10.74,10.53,19734,20987297.0,1.99,1.33,0.14,0.36
276,2011-06-22,601369SH,10.65,10.55,10.7,10.43,19083,20172088.0,2.53,-1.12,-0.12,0.35
277,2011-06-23,601369SH,10.56,10.76,10.82,10.52,35361,37943117.0,2.84,1.99,0.21,0.64
278,2011-06-24,601369SH,10.7,10.95,11.08,10.7,94851,103276827.0,3.53,1.77,0.19,1.71
279,2011-06-27,601369SH,10.9,11.28,11.36,10.88,99786,111570656.0,4.38,3.01,0.33,1.8
280,2011-06-28,601369SH,11.2,11.21,11.28,10.98,60218,66844104.0,2.66,-0.62,-0.07,1.09
281,2011-06-29,601369SH,11.13,10.91,11.17,10.91,39197,43184528.0,2.32,-2.68,-0.3,0.71
282,2011-06-30,601369SH,10.88,10.97,11.1,10.88,42215,46485849.0,2.02,0.55,0.06,0.76
283,2011-07-01,601369SH,11.06,11.2,11.35,10.9,66209,73856392.0,4.1,2.1,0.23,1.2
284,2011-07-04,601369SH,11.26,11.49,11.49,11.16,102216,115747705.0,2.95,2.59,0.29,1.85
285,2011-07-05,601369SH,11.52,11.74,11.85,11.45,109268,127761848.0,3.48,2.18,0.25,1.98
286,2011-07-06,601369SH,11.7,11.76,11.79,11.48,57867,67414804.0,2.64,0.17,0.02,1.05
287,2011-07-07,601369SH,11.71,11.54,11.97,11.51,124288,146101265.0,3.91,-1.87,-0.22,2.25
288,2011-07-08,601369SH,11.51,11.54,11.6,11.21,112104,127575227.0,3.38,0.0,0.0,2.03
289,2011-07-11,601369SH,11.42,11.79,11.85,11.37,76211,89249240.0,4.16,2.17,0.25,1.38
290,2011-07-12,601369SH,11.64,11.39,11.65,11.36,99236,113674546.0,2.46,-3.39,-0.4,1.79
291,2011-07-13,601369SH,11.43,11.69,11.78,11.34,75758,87841347.0,3.86,2.63,0.3,1.37
292,2011-07-14,601369SH,11.71,12.26,12.48,11.58,145455,173985117.0,7.7,4.88,0.57,2.63
293,2011-07-15,601369SH,12.29,12.25,12.39,12.14,100240,122886631.0,2.04,-0.08,-0.01,1.81
294,2011-07-18,601369SH,12.24,12.43,12.54,12.24,63102,78054071.0,2.45,1.47,0.18,1.14
295,2011-07-19,601369SH,12.4,12.52,12.53,12.16,73218,90332638.0,2.98,0.72,0.09,1.32
296,2011-07-20,601369SH,12.55,12.77,12.96,12.55,130542,166919974.0,3.27,2.0,0.25,2.36
297,2011-07-21,601369SH,12.82,12.5,12.89,12.45,64705,81237559.0,3.45,-2.11,-0.27,1.17
298,2011-07-22,601369SH,12.5,12.48,12.63,12.42,45631,57018381.0,1.68,-0.16,-0.02,0.83
299,2011-07-25,601369SH,12.2,11.89,12.42,11.8,77872,93977025.0,4.97,-4.73,-0.59,1.41
300,2011-07-26,601369SH,11.8,11.96,11.97,11.77,22855,27138169.0,1.68,0.59,0.07,0.41
301,2011-07-27,601369SH,11.8,12.07,12.23,11.73,40462,48727408.0,4.18,0.92,0.11,0.73
302,2011-07-28,601369SH,11.85,12.17,12.37,11.85,55677,67592637.0,4.31,0.83,0.1,1.01
303,2011-07-29,601369SH,12.17,11.98,12.2,11.82,26605,31912985.0,3.12,-1.56,-0.19,0.48
304,2011-08-01,601369SH,12.01,12.01,12.11,11.9,22328,26834274.0,1.75,0.25,0.03,0.4
305,2011-08-02,601369SH,11.96,11.99,12.02,11.58,34401,40646244.0,3.66,-0.17,-0.02,0.62
306,2011-08-03,601369SH,11.8,12.05,12.06,11.71,27185,32390930.0,2.92,0.5,0.06,0.49
307,2011-08-04,601369SH,12.05,12.08,12.27,12.01,56831,68979248.0,2.16,0.25,0.03,1.03
308,2011-08-05,601369SH,11.72,11.85,11.98,11.62,45279,53809637.0,2.98,-1.9,-0.23,0.82
309,2011-08-08,601369SH,11.72,11.28,11.94,11.01,70798,81447051.0,7.85,-4.81,-0.57,1.28
310,2011-08-09,601369SH,11.0,11.48,11.58,10.89,63663,71869595.0,6.12,1.77,0.2,1.15
311,2011-08-10,601369SH,11.8,12.61,12.63,11.8,299255,375307495.0,7.23,9.84,1.13,5.41
312,2011-08-11,601369SH,12.3,12.64,12.78,12.2,182193,228493776.0,4.6,0.24,0.03,3.29
313,2011-08-12,601369SH,12.63,12.51,12.86,12.44,124590,157163045.0,3.32,-1.03,-0.13,2.25
314,2011-08-15,601369SH,12.58,12.9,13.09,12.43,164751,211856228.0,5.28,3.12,0.39,2.98
315,2011-08-16,601369SH,13.07,12.77,13.15,12.72,117862,152506665.0,3.33,-1.01,-0.13,2.13
316,2011-08-17,601369SH,12.68,12.9,13.24,12.62,129475,168479724.0,4.86,1.02,0.13,2.34
317,2011-08-18,601369SH,12.91,12.52,13.05,12.51,80254,102040050.0,4.19,-2.95,-0.38,1.45
318,2011-08-19,601369SH,12.35,12.69,12.75,12.27,45171,56532553.0,3.83,1.36,0.17,0.82
319,2011-08-22,601369SH,12.68,12.75,13.01,12.61,80178,102900338.0,3.15,0.47,0.06,1.45
320,2011-08-23,601369SH,12.76,13.0,13.06,12.58,57003,73454175.0,3.76,1.96,0.25,1.03
321,2011-08-24,601369SH,13.01,12.87,13.3,12.85,95315,125188469.0,3.46,-1.0,-0.13,1.72
322,2011-08-25,601369SH,12.84,12.97,13.09,12.65,65510,84528508.0,3.42,0.78,0.1,1.18
323,2011-08-26,601369SH,13.01,13.11,13.15,12.91,51920,67702964.0,1.85,1.08,0.14,0.94
324,2011-08-29,601369SH,13.0,13.18,13.33,12.89,105499,138669461.0,3.36,0.53,0.07,1.91
325,2011-08-30,601369SH,13.2,12.96,13.5,12.94,101045,134259326.0,4.25,-1.67,-0.22,1.83
326,2011-08-31,601369SH,12.94,12.98,13.06,12.71,60942,78533171.0,2.7,0.15,0.02,1.1
327,2011-09-01,601369SH,12.97,12.65,13.04,12.64,41848,53578024.0,3.08,-2.54,-0.33,0.76
328,2011-09-02,601369SH,12.75,12.68,12.87,12.59,26524,33724979.0,2.21,0.24,0.03,0.48
329,2011-09-05,601369SH,12.58,12.36,12.58,12.3,24210,30088570.0,2.21,-2.52,-0.32,0.44
330,2011-09-06,601369SH,12.34,12.41,12.51,12.0,37412,45978196.0,4.13,0.4,0.05,0.68
331,2011-09-07,601369SH,12.46,12.61,12.63,12.15,45152,56157464.0,3.87,1.61,0.2,0.82
332,2011-09-08,601369SH,12.61,12.69,12.94,12.61,43771,56086328.0,2.62,0.63,0.08,0.79
333,2011-09-09,601369SH,12.59,12.61,12.86,12.51,21582,27324881.0,2.76,-0.63,-0.08,0.39
334,2011-09-13,601369SH,12.45,12.47,12.62,12.18,38049,47511531.0,3.49,-1.11,-0.14,0.69
335,2011-09-14,601369SH,12.6,12.95,12.96,12.38,35082,44400770.0,4.65,3.85,0.48,0.63
336,2011-09-15,601369SH,13.0,12.79,13.07,12.77,35960,46296169.0,2.32,-1.24,-0.16,0.65
337,2011-09-16,601369SH,12.85,12.56,12.94,12.52,30112,38299689.0,3.28,-1.8,-0.23,0.54
338,2011-09-19,601369SH,12.44,12.37,12.57,12.26,17622,21829137.0,2.47,-1.51,-0.19,0.32
339,2011-09-21,601369SH,12.42,12.8,12.86,12.3,41493,52420628.0,4.53,3.48,0.43,0.75
340,2011-09-22,601369SH,12.65,12.32,12.79,12.3,36409,45578801.0,3.83,-3.75,-0.48,0.66
341,2011-09-23,601369SH,11.97,11.81,12.13,11.6,74945,89126917.0,4.3,-4.14,-0.51,1.35
342,2011-09-26,601369SH,11.67,11.51,11.89,11.5,23399,27351425.0,3.3,-2.54,-0.3,0.42
343,2011-09-27,601369SH,11.69,11.6,11.83,11.54,16448,19205206.0,2.52,0.78,0.09,0.3
344,2011-09-28,601369SH,11.68,11.41,11.78,11.4,21418,24748009.0,3.28,-1.64,-0.19,0.39
345,2011-09-29,601369SH,11.42,11.23,11.5,10.81,29019,32495873.0,6.05,-1.58,-0.18,0.52
346,2011-09-30,601369SH,11.42,11.15,11.43,10.98,17259,19224181.0,4.01,-0.71,-0.08,0.31
347,2011-10-10,601369SH,11.18,11.08,11.3,11.05,13956,15610680.0,2.24,-0.63,-0.07,0.25
348,2011-10-11,601369SH,11.32,11.17,11.5,11.09,16131,18215277.0,3.7,0.81,0.09,0.29
349,2011-10-12,601369SH,11.16,11.79,11.84,11.03,30961,35857217.0,7.25,5.55,0.62,0.56
350,2011-10-13,601369SH,11.7,11.86,12.1,11.7,64395,76670570.0,3.39,0.59,0.07,1.16
351,2011-10-14,601369SH,11.98,11.75,11.98,11.68,17267,20352312.0,2.53,-0.93,-0.11,0.31
352,2011-10-17,601369SH,11.83,11.65,11.88,11.64,12385,14515412.0,2.04,-0.85,-0.1,0.22
353,2011-10-18,601369SH,11.63,10.99,11.72,10.95,26009,29770289.0,6.61,-5.67,-0.66,0.47
354,2011-10-19,601369SH,11.09,11.04,11.29,10.9,16576,18388041.0,3.55,0.45,0.05,0.3
355,2011-10-20,601369SH,11.0,10.76,11.14,10.52,25783,27626352.0,5.62,-2.54,-0.28,0.47
356,2011-10-21,601369SH,10.78,10.79,10.87,10.58,25160,27132758.0,2.7,0.28,0.03,0.45
357,2011-10-24,601369SH,10.84,11.11,11.25,10.61,14230,15615026.0,5.93,2.97,0.32,0.26
358,2011-10-25,601369SH,10.96,11.38,11.65,10.95,27419,31158263.0,6.3,2.43,0.27,0.5
359,2011-10-26,601369SH,11.23,11.68,11.99,11.23,114687,134328650.0,6.68,2.64,0.3,2.07
360,2011-10-27,601369SH,11.6,11.67,11.75,11.4,43158,50018784.0,3.0,-0.09,-0.01,0.78
361,2011-10-28,601369SH,11.78,11.69,11.81,11.5,72321,84107677.0,2.66,0.17,0.02,1.31
362,2011-10-31,601369SH,11.61,11.72,11.89,11.59,59534,69709863.0,2.57,0.26,0.03,1.08
363,2011-11-01,601369SH,11.59,12.12,12.69,11.53,118233,141774645.0,9.9,3.41,0.4,2.14
364,2011-11-02,601369SH,11.98,12.27,12.36,11.6,156681,187776104.0,6.27,1.24,0.15,2.83
365,2011-11-03,601369SH,12.21,12.56,12.93,12.14,271677,338072992.0,6.44,2.36,0.29,4.91
366,2011-11-04,601369SH,12.6,12.58,12.8,12.42,287221,362532400.0,3.03,0.16,0.02,5.19
367,2011-11-07,601369SH,12.58,12.37,12.68,12.25,194133,241414104.0,3.42,-1.67,-0.21,3.51
368,2011-11-08,601369SH,12.53,12.73,12.89,12.27,301962,382113392.0,5.01,2.91,0.36,5.46
369,2011-11-09,601369SH,12.89,13.13,13.28,12.58,266886,346432208.0,5.5,3.14,0.4,4.83
370,2011-11-10,601369SH,13.02,13.1,13.5,12.9,262025,346924464.0,4.57,-0.23,-0.03,4.74
371,2011-11-11,601369SH,13.3,13.0,13.3,12.59,230750,297379168.0,5.42,-0.76,-0.1,4.17
372,2011-11-14,601369SH,13.17,13.29,13.38,12.76,295972,386494720.0,4.77,2.23,0.29,5.35
373,2011-11-15,601369SH,13.6,13.52,13.6,13.21,321494,432517472.0,2.93,1.73,0.23,5.81
374,2011-11-16,601369SH,13.57,13.25,13.57,13.15,284358,378970432.0,3.11,-2.0,-0.27,5.14
375,2011-11-17,601369SH,13.35,13.18,13.4,13.1,108425,143907878.0,2.26,-0.53,-0.07,1.96
376,2011-11-18,601369SH,13.19,13.17,13.6,12.68,365191,476274784.0,6.98,-0.08,-0.01,6.6
377,2011-11-21,601369SH,13.19,13.19,13.31,12.83,291453,382934608.0,3.64,0.15,0.02,5.27
378,2011-11-22,601369SH,13.18,13.22,13.43,12.89,269460,355838544.0,4.09,0.23,0.03,4.87
379,2011-11-23,601369SH,13.43,12.75,13.8,12.74,325242,426440080.0,8.02,-3.56,-0.47,5.88
380,2011-11-24,601369SH,12.4,12.08,12.51,12.01,189399,231272933.0,3.92,-5.25,-0.67,3.42
381,2011-11-25,601369SH,12.08,12.39,12.5,12.03,116546,143954969.0,3.89,2.57,0.31,2.11
382,2011-11-28,601369SH,12.39,12.4,12.65,12.23,59489,74221011.0,3.39,0.08,0.01,1.08
383,2011-11-29,601369SH,12.43,12.77,12.8,12.43,78930,100203028.0,2.98,2.98,0.37,1.43
384,2011-11-30,601369SH,12.67,12.34,12.78,12.01,77536,96300093.0,6.03,-3.37,-0.43,1.4
385,2011-12-01,601369SH,12.69,12.49,12.76,12.48,68957,87101080.0,2.27,1.22,0.15,1.25
386,2011-12-02,601369SH,12.34,12.07,12.5,12.01,68539,83359657.0,3.92,-3.36,-0.42,1.24
387,2011-12-05,601369SH,12.19,11.67,12.19,11.67,61116,72265646.0,4.31,-3.31,-0.4,1.1
388,2011-12-06,601369SH,11.67,11.74,11.85,11.5,31465,36907624.0,3.0,0.6,0.07,0.57
389,2011-12-07,601369SH,11.74,11.84,11.9,11.73,28023,33173702.0,1.45,0.85,0.1,0.51
390,2011-12-08,601369SH,11.84,12.0,12.15,11.69,37960,45314583.0,3.89,1.35,0.16,0.69
391,2011-12-09,601369SH,11.88,12.04,12.1,11.77,28647,34111001.0,2.75,0.33,0.04,0.52
392,2011-12-12,601369SH,11.9,11.61,12.05,11.6,22229,26265866.0,3.74,-3.57,-0.43,0.4
393,2011-12-13,601369SH,11.63,11.51,11.65,11.2,45816,52495000.0,3.88,-0.86,-0.1,0.83
394,2011-12-14,601369SH,11.35,11.16,11.61,11.14,18900,21410484.0,4.08,-3.04,-0.35,0.34
395,2011-12-15,601369SH,11.15,11.21,11.41,10.93,46295,51746104.0,4.3,0.45,0.05,0.84
396,2011-12-16,601369SH,11.21,11.55,11.58,11.17,29516,33571248.0,3.66,3.03,0.34,0.53
397,2011-12-19,601369SH,11.55,11.74,11.84,11.38,31217,36159460.0,3.98,1.65,0.19,0.56
398,2011-12-20,601369SH,11.74,11.59,11.96,11.56,27414,32339708.0,3.41,-1.28,-0.15,0.5
399,2011-12-21,601369SH,11.68,11.38,11.88,11.37,24399,28523088.0,4.4,-1.81,-0.21,0.44
400,2011-12-22,601369SH,11.26,11.58,11.68,11.15,27666,31482937.0,4.66,1.76,0.2,0.5
401,2011-12-23,601369SH,11.43,11.76,11.87,11.43,27118,31860093.0,3.8,1.55,0.18,0.49
402,2011-12-26,601369SH,11.6,11.87,11.94,11.6,31655,37595550.0,2.89,0.94,0.11,0.57
403,2011-12-27,601369SH,11.89,11.46,11.94,11.4,26869,31736707.0,4.55,-3.45,-0.41,0.49
404,2011-12-28,601369SH,11.3,11.26,11.5,11.12,24526,27669585.0,3.32,-1.75,-0.2,0.44
405,2011-12-29,601369SH,11.27,11.21,11.54,11.15,27582,31354199.0,3.46,-0.44,-0.05,0.5
406,2011-12-30,601369SH,11.3,11.46,11.48,11.25,19488,22203086.0,2.05,2.23,0.25,0.35
407,2012-01-04,601369SH,11.53,11.22,11.68,11.2,24837,28348912.0,4.19,-2.09,-0.24,0.45
408,2012-01-05,601369SH,11.22,10.9,11.29,10.88,32435,35776867.0,3.65,-2.85,-0.32,0.59
409,2012-01-06,601369SH,10.95,10.61,10.99,10.22,41232,43327318.0,7.06,-2.66,-0.29,0.75
410,2012-01-09,601369SH,10.61,10.95,10.95,10.42,28034,30141748.0,5.0,3.2,0.34,0.51
411,2012-01-10,601369SH,10.95,11.37,11.4,10.82,41339,46346993.0,5.3,3.84,0.42,0.75
412,2012-01-11,601369SH,11.39,11.59,11.72,11.35,55105,63540422.0,3.25,1.93,0.22,1.0
413,2012-01-12,601369SH,11.5,11.36,11.68,11.31,29148,33465742.0,3.19,-1.98,-0.23,0.53
414,2012-01-13,601369SH,11.45,10.93,11.45,10.91,33153,36703921.0,4.75,-3.79,-0.43,0.6
415,2012-01-16,601369SH,10.9,10.0,11.1,9.99,41583,43615154.0,10.16,-8.51,-0.93,0.75
416,2012-01-17,601369SH,10.14,10.67,10.75,9.98,49525,51261094.0,7.7,6.7,0.67,0.9
417,2012-01-18,601369SH,10.73,10.33,10.97,10.3,34697,36964399.0,6.28,-3.19,-0.34,0.63
418,2012-01-19,601369SH,10.49,10.5,10.65,10.3,23108,24194987.0,3.39,1.65,0.17,0.42
419,2012-01-20,601369SH,10.53,10.68,10.7,10.45,17982,19071979.0,2.38,1.71,0.18,0.33
420,2012-01-30,601369SH,10.8,10.55,10.84,10.48,14276,15110605.0,3.37,-1.22,-0.13,0.26
421,2012-01-31,601369SH,10.6,10.84,10.88,10.39,18188,19276953.0,4.64,2.75,0.29,0.33
422,2012-02-01,601369SH,10.83,10.67,10.93,10.6,27620,29836941.0,3.04,-1.57,-0.17,0.5
423,2012-02-02,601369SH,10.7,10.85,10.9,10.63,15120,16300145.0,2.53,1.69,0.18,0.27
424,2012-02-03,601369SH,10.88,11.01,11.07,10.76,26606,29097630.0,2.86,1.47,0.16,0.48
425,2012-02-06,601369SH,11.04,11.09,11.13,10.93,27651,30540488.0,1.82,0.73,0.08,0.5
426,2012-02-07,601369SH,10.95,10.91,11.1,10.77,23042,25140276.0,2.98,-1.62,-0.18,0.42
427,2012-02-08,601369SH,10.95,11.14,11.16,10.82,22557,24933178.0,3.12,2.11,0.23,0.41
428,2012-02-09,601369SH,11.1,11.08,11.24,11.01,32348,35986702.0,2.06,-0.54,-0.06,0.58
429,2012-02-10,601369SH,11.07,11.19,11.2,11.04,36900,41018893.0,1.44,0.99,0.11,0.67
430,2012-02-13,601369SH,11.03,11.11,11.28,11.03,23870,26626499.0,2.23,-0.71,-0.08,0.43
431,2012-02-14,601369SH,11.11,11.21,11.4,11.11,33079,37320062.0,2.61,0.9,0.1,0.6
432,2012-02-15,601369SH,11.21,11.42,11.47,11.18,44237,50356315.0,2.59,1.87,0.21,0.8
433,2012-02-16,601369SH,11.36,11.23,11.54,11.1,33273,37604481.0,3.85,-1.66,-0.19,0.6
434,2012-02-17,601369SH,11.4,11.15,11.4,11.03,40321,44937940.0,3.29,-0.71,-0.08,0.73
435,2012-02-20,601369SH,11.28,11.08,11.35,11.05,38165,42651147.0,2.69,-0.63,-0.07,0.69
436,2012-02-21,601369SH,11.15,11.3,11.31,11.04,33071,36995585.0,2.44,1.99,0.22,0.6
437,2012-02-22,601369SH,11.3,11.49,11.54,11.19,76665,87305916.0,3.1,1.68,0.19,1.39
438,2012-02-23,601369SH,11.46,11.52,11.8,11.4,82843,96009453.0,3.48,0.26,0.03,1.5
439,2012-02-24,601369SH,11.52,11.72,11.8,11.47,81729,95007432.0,2.86,1.74,0.2,1.48
440,2012-02-27,601369SH,11.77,11.91,12.02,11.67,78645,93374083.0,2.99,1.62,0.19,1.42
441,2012-02-28,601369SH,11.89,12.18,12.19,11.8,131619,158622535.0,3.27,2.27,0.27,2.38
442,2012-02-29,601369SH,12.0,11.61,12.0,11.6,99699,117811602.0,3.28,-4.68,-0.57,1.8
443,2012-03-01,601369SH,11.6,11.65,11.72,11.46,40194,46574781.0,2.24,0.34,0.04,0.73
444,2012-03-02,601369SH,11.69,11.75,11.78,11.65,75477,88404876.0,1.12,0.86,0.1,1.36
445,2012-03-05,601369SH,11.81,11.72,11.9,11.67,117856,138590974.0,1.96,-0.26,-0.03,2.13
446,2012-03-06,601369SH,11.75,11.68,11.76,11.43,74118,85638972.0,2.82,-0.34,-0.04,1.34
447,2012-03-07,601369SH,11.58,11.5,11.77,11.43,75594,87768983.0,2.91,-1.54,-0.18,1.37
448,2012-03-08,601369SH,11.58,11.81,11.89,11.58,138987,163461276.0,2.7,2.7,0.31,2.51
449,2012-03-09,601369SH,11.9,12.08,12.2,11.86,219087,264487587.0,2.88,2.29,0.27,3.96
450,2012-03-12,601369SH,12.22,12.0,12.24,11.9,127028,152882531.0,2.81,-0.66,-0.08,2.3
451,2012-03-13,601369SH,12.0,12.16,12.23,12.0,110395,133478752.0,1.92,1.33,0.16,2.0
452,2012-03-14,601369SH,12.18,11.7,12.24,11.53,184133,219051818.0,5.84,-3.78,-0.46,3.33
453,2012-03-15,601369SH,11.7,11.41,11.77,11.36,100778,115748393.0,3.5,-2.48,-0.29,1.82
454,2012-03-16,601369SH,11.5,11.63,11.73,11.39,104849,121208335.0,2.98,1.93,0.22,1.9
455,2012-03-19,601369SH,11.65,11.81,11.83,11.49,84378,98260006.0,2.92,1.55,0.18,1.53
456,2012-03-20,601369SH,11.76,11.51,11.9,11.48,81507,94826230.0,3.56,-2.54,-0.3,1.47
457,2012-03-21,601369SH,11.74,11.75,11.94,11.6,142568,167670307.0,2.95,2.09,0.24,2.58
458,2012-03-22,601369SH,11.75,11.56,11.79,11.49,62330,72406000.0,2.55,-1.62,-0.19,1.13
459,2012-03-23,601369SH,11.53,11.5,11.68,11.42,58071,67176307.0,2.25,-0.52,-0.06,1.05
460,2012-03-26,601369SH,11.54,11.45,11.6,11.35,59627,68276063.0,2.17,-0.43,-0.05,1.08
461,2012-03-27,601369SH,11.53,11.61,11.85,11.48,127653,149588953.0,3.23,1.4,0.16,2.31
462,2012-03-28,601369SH,11.52,11.12,11.57,11.03,88716,100144738.0,4.65,-4.22,-0.49,1.6
463,2012-03-29,601369SH,11.01,10.94,11.15,10.81,46230,50823627.0,3.06,-1.62,-0.18,0.84
464,2012-03-30,601369SH,10.94,10.97,11.09,10.84,36547,39973306.0,2.29,0.27,0.03,0.66
465,2012-04-05,601369SH,10.98,11.22,11.23,10.91,51341,57101268.0,2.92,2.28,0.25,0.93
466,2012-04-06,601369SH,11.25,11.31,11.33,11.12,58447,65528131.0,1.87,0.8,0.09,1.06
467,2012-04-09,601369SH,11.32,11.04,11.32,11.0,42738,47689173.0,2.83,-2.39,-0.27,0.77
468,2012-04-10,601369SH,11.06,11.11,11.18,10.8,46139,50681948.0,3.44,0.63,0.07,0.83
469,2012-04-11,601369SH,10.92,10.98,11.11,10.89,49693,54473172.0,1.98,-1.17,-0.13,0.9
470,2012-04-12,601369SH,10.9,11.2,11.25,10.9,97757,108321722.0,3.19,2.0,0.22,1.77
471,2012-04-13,601369SH,11.21,11.23,11.33,11.13,95604,107340294.0,1.79,0.27,0.03,1.73
472,2012-04-16,601369SH,11.19,11.32,11.45,11.15,94301,106578676.0,2.67,0.8,0.09,1.7
473,2012-04-17,601369SH,11.29,11.01,11.45,11.0,87246,97673812.0,3.98,-2.74,-0.31,1.58
474,2012-04-19,601369SH,11.33,11.24,11.35,11.18,106748,120320218.0,1.54,2.09,0.23,1.93
475,2012-04-20,601369SH,11.23,11.4,11.41,11.16,95796,108466668.0,2.22,1.42,0.16,1.73
476,2012-04-23,601369SH,11.39,11.31,11.46,11.26,86724,98473727.0,1.75,-0.79,-0.09,1.57
477,2012-04-24,601369SH,11.21,11.23,11.41,10.92,75288,84328592.0,4.33,-0.71,-0.08,1.36
478,2012-04-25,601369SH,11.2,11.29,11.31,11.07,54202,60846463.0,2.14,0.53,0.06,0.98
479,2012-04-26,601369SH,11.27,11.17,11.36,11.13,56674,63706647.0,2.04,-1.06,-0.12,1.02
480,2012-04-27,601369SH,11.1,11.23,11.28,11.1,41241,46259362.0,1.61,0.54,0.06,0.75
481,2012-05-02,601369SH,11.36,11.49,11.58,11.27,108387,124020935.0,2.76,2.32,0.26,1.96
482,2012-05-03,601369SH,11.51,11.53,11.58,11.44,70651,81309258.0,1.22,0.35,0.04,1.28
483,2012-05-04,601369SH,11.55,11.79,11.8,11.5,117635,137547194.0,2.6,2.25,0.26,2.13
484,2012-05-07,601369SH,11.46,11.47,11.49,11.3,62749,71416032.0,1.61,-2.71,-0.32,1.13
485,2012-05-08,601369SH,11.47,11.42,11.49,11.28,64077,73022808.0,1.83,-0.44,-0.05,1.16
486,2012-05-09,601369SH,11.3,11.08,11.33,11.04,86831,96805129.0,2.54,-2.98,-0.34,1.57
487,2012-05-10,601369SH,11.07,11.01,11.14,10.9,57190,63079680.0,2.17,-0.63,-0.07,1.03
488,2012-05-11,601369SH,11.01,10.96,11.08,10.94,40432,44435880.0,1.27,-0.45,-0.05,0.73
489,2012-05-14,601369SH,11.01,10.87,11.07,10.85,49125,53881954.0,2.01,-0.82,-0.09,0.89
490,2012-05-15,601369SH,10.8,10.7,10.85,10.54,58708,62728742.0,2.85,-1.56,-0.17,1.06
491,2012-05-16,601369SH,10.69,10.54,10.74,10.52,48885,51875417.0,2.06,-1.5,-0.16,0.88
492,2012-05-17,601369SH,10.6,10.68,10.74,10.53,46176,49211391.0,1.99,1.33,0.14,0.83
493,2012-05-18,601369SH,10.6,10.34,10.67,10.24,106421,110467780.0,4.03,-3.18,-0.34,1.92
494,2012-05-21,601369SH,10.38,10.39,10.41,10.19,59608,61461720.0,2.13,0.48,0.05,1.08
495,2012-05-22,601369SH,10.4,10.5,10.53,10.4,44495,46607238.0,1.25,1.06,0.11,0.8
496,2012-05-23,601369SH,10.5,10.49,10.53,10.33,41345,43104002.0,1.9,-0.1,-0.01,0.75
497,2012-05-24,601369SH,10.45,10.41,10.51,10.36,34379,35919178.0,1.43,-0.76,-0.08,0.62
498,2012-05-25,601369SH,10.43,10.5,10.63,10.4,59359,62598304.0,2.21,0.86,0.09,1.07
499,2012-05-28,601369SH,10.5,10.78,10.79,10.4,63785,68001598.0,3.71,2.67,0.28,1.15
500,2012-05-29,601369SH,10.83,10.86,10.93,10.61,80010,86783627.0,2.97,0.74,0.08,1.45
501,2012-05-30,601369SH,10.78,10.77,10.83,10.71,37141,40037886.0,1.1,-0.83,-0.09,0.67
502,2012-05-31,601369SH,10.7,10.76,10.79,10.65,32193,34567035.0,1.3,-0.09,-0.01,0.58
503,2012-06-01,601369SH,10.8,10.69,10.92,10.64,29030,31211018.0,2.6,-0.65,-0.07,0.52
504,2012-06-04,601369SH,10.5,10.21,10.5,10.2,59236,61134339.0,2.81,-4.49,-0.48,1.07
505,2012-06-05,601369SH,10.21,10.07,10.28,9.98,58137,58550938.0,2.94,-1.37,-0.14,1.05
506,2012-06-06,601369SH,10.1,10.04,10.13,9.98,35401,35540234.0,1.49,-0.3,-0.03,0.64
507,2012-06-07,601369SH,10.12,10.04,10.2,9.98,27863,28026656.0,2.19,0.0,0.0,0.5
508,2012-06-08,601369SH,10.1,10.1,10.19,9.99,32589,32876102.0,1.99,0.6,0.06,0.59
509,2012-06-11,601369SH,10.16,10.25,10.27,10.06,27078,27582442.0,2.08,1.49,0.15,0.49
510,2012-06-12,601369SH,10.17,10.13,10.21,10.11,31593,32062859.0,0.98,-1.17,-0.12,0.57
511,2012-06-13,601369SH,10.33,10.3,10.33,10.12,39368,40258935.0,2.07,1.68,0.17,0.71
512,2012-06-14,601369SH,10.25,10.2,10.34,10.2,30754,31498517.0,1.36,-0.97,-0.1,0.56
513,2012-06-15,601369SH,10.18,10.18,10.29,10.13,28576,29131673.0,1.57,-0.2,-0.02,0.52
514,2012-06-18,601369SH,10.26,10.21,10.28,10.15,26146,26704361.0,1.28,0.29,0.03,0.47
515,2012-06-19,601369SH,10.21,10.13,10.22,10.09,28731,29101979.0,1.27,-0.78,-0.08,0.52
516,2012-06-20,601369SH,10.15,10.14,10.18,10.12,14264,14477785.0,0.59,0.1,0.01,0.26
517,2012-06-21,601369SH,10.15,10.04,10.15,9.99,27406,27502688.0,1.58,-0.99,-0.1,0.5
518,2012-06-25,601369SH,10.01,9.8,10.03,9.78,35918,35716448.0,2.49,-2.39,-0.24,0.65
519,2012-06-26,601369SH,9.79,9.84,9.88,9.71,14385,14073393.0,1.73,0.41,0.04,0.26
520,2012-06-27,601369SH,9.84,9.57,9.87,9.55,35265,34296164.0,3.25,-2.74,-0.27,0.64
521,2012-06-28,601369SH,9.6,9.17,9.63,9.16,44446,41457107.0,4.91,-4.18,-0.4,0.8
522,2012-06-29,601369SH,9.13,9.26,9.3,8.9,60648,54948971.0,4.36,0.98,0.09,1.1
523,2012-07-02,601369SH,9.35,9.2,9.35,9.15,33203,30564310.0,2.16,-0.65,-0.06,0.6
524,2012-07-03,601369SH,9.29,9.17,9.29,9.15,25795,23771239.0,1.52,-0.33,-0.03,0.47
525,2012-07-04,601369SH,9.2,9.29,9.34,9.17,23517,21734543.0,1.85,1.31,0.12,0.43
526,2012-07-05,601369SH,9.23,8.99,9.23,8.93,30438,27397807.0,3.23,-3.23,-0.3,0.55
527,2012-07-06,601369SH,8.99,9.12,9.13,8.76,49367,44060782.0,4.12,1.45,0.13,0.89
528,2012-07-09,601369SH,8.99,8.62,8.99,8.6,54517,48046891.0,4.28,-5.48,-0.5,0.99
529,2012-07-10,601369SH,8.57,8.54,8.57,8.34,48083,40628065.0,2.67,-0.93,-0.08,0.87
530,2012-07-11,601369SH,8.48,8.72,8.74,8.45,32798,28421159.0,3.4,2.11,0.18,0.59
531,2012-07-12,601369SH,8.7,8.77,8.87,8.54,23093,20173982.0,3.78,0.57,0.05,0.42
532,2012-07-13,601369SH,8.7,8.8,8.88,8.67,25722,22721579.0,2.39,0.34,0.03,0.47
533,2012-07-16,601369SH,8.84,8.5,8.84,8.48,25374,21877286.0,4.09,-3.41,-0.3,0.46
534,2012-07-17,601369SH,8.49,8.58,8.6,8.45,15783,13494344.0,1.76,0.94,0.08,0.29
535,2012-07-18,601369SH,8.43,8.5,8.6,8.42,28690,24402216.0,2.1,-0.93,-0.08,0.52
536,2012-07-19,601369SH,8.54,8.67,8.87,8.45,49835,43123032.0,4.94,2.0,0.17,0.9
537,2012-07-20,601369SH,8.65,8.65,8.75,8.57,30638,26465891.0,2.08,-0.23,-0.02,0.55
538,2012-07-23,601369SH,8.67,8.58,8.67,8.48,17469,14945078.0,2.2,-0.81,-0.07,0.32
539,2012-07-24,601369SH,8.51,8.63,8.68,8.51,19335,16638027.0,1.98,0.58,0.05,0.35
540,2012-07-25,601369SH,8.54,8.53,8.65,8.49,18269,15629503.0,1.85,-1.16,-0.1,0.33
541,2012-07-26,601369SH,8.54,8.54,8.61,8.45,22010,18850833.0,1.88,0.12,0.01,0.4
542,2012-07-27,601369SH,8.56,8.62,8.64,8.5,17864,15303635.0,1.64,0.94,0.08,0.32
543,2012-07-30,601369SH,8.66,8.61,8.72,8.54,23396,20227637.0,2.09,-0.12,-0.01,0.42
544,2012-07-31,601369SH,8.63,8.63,8.72,8.55,35081,30338102.0,1.97,0.23,0.02,0.63
545,2012-08-01,601369SH,8.68,8.84,8.86,8.62,31220,27470527.0,2.78,2.43,0.21,0.56
546,2012-08-02,601369SH,8.84,8.73,8.88,8.7,16647,14572199.0,2.04,-1.24,-0.11,0.3
547,2012-08-03,601369SH,8.79,8.85,8.86,8.69,19692,17320273.0,1.95,1.37,0.12,0.36
548,2012-08-06,601369SH,8.84,8.96,9.01,8.74,40089,35803333.0,3.05,1.24,0.11,0.72
549,2012-08-07,601369SH,8.97,8.98,9.06,8.95,30900,27777504.0,1.23,0.22,0.02,0.56
550,2012-08-08,601369SH,8.99,8.95,9.0,8.91,22381,20046594.0,1.0,-0.33,-0.03,0.4
551,2012-08-09,601369SH,8.95,9.05,9.07,8.06,79789,70273888.0,11.28,1.12,0.1,1.44
552,2012-08-10,601369SH,8.94,8.97,9.03,8.9,44150,39595592.0,1.44,-0.88,-0.08,0.8
553,2012-08-13,601369SH,8.9,8.77,8.95,8.74,37270,32861844.0,2.34,-2.23,-0.2,0.67
554,2012-08-14,601369SH,8.76,8.84,8.86,8.5,38116,33122916.0,4.1,0.8,0.07,0.69
555,2012-08-15,601369SH,8.9,8.74,9.03,8.68,73535,65330359.0,3.96,-1.13,-0.1,1.33
556,2012-08-16,601369SH,8.7,8.61,8.72,8.53,18954,16360715.0,2.17,-1.49,-0.13,0.34
557,2012-08-17,601369SH,8.57,8.69,8.7,8.57,15775,13637131.0,1.51,0.93,0.08,0.29
558,2012-08-20,601369SH,8.66,8.47,8.66,8.28,40789,34515279.0,4.37,-2.53,-0.22,0.74
559,2012-08-21,601369SH,8.42,8.58,8.59,8.42,25953,22176413.0,2.01,1.3,0.11,0.47
560,2012-08-22,601369SH,8.65,8.65,8.72,8.63,31370,27187906.0,1.05,0.82,0.07,0.57
561,2012-08-23,601369SH,8.67,8.78,8.79,8.6,31663,27573615.0,2.2,1.5,0.13,0.57
562,2012-08-24,601369SH,8.76,8.65,8.77,8.63,24006,20861824.0,1.59,-1.48,-0.13,0.43
563,2012-08-27,601369SH,8.61,8.42,8.61,8.4,21950,18543406.0,2.43,-2.66,-0.23,0.4
564,2012-08-28,601369SH,8.36,8.56,8.59,8.36,29398,24976833.0,2.73,1.66,0.14,0.53
565,2012-08-29,601369SH,8.45,8.46,8.58,8.44,18782,15962019.0,1.64,-1.17,-0.1,0.34
566,2012-08-30,601369SH,8.51,8.52,8.56,8.43,19952,16934243.0,1.54,0.71,0.06,0.36
567,2012-08-31,601369SH,8.49,8.5,8.65,8.46,17479,14905905.0,2.23,-0.23,-0.02,0.32
568,2012-09-03,601369SH,8.48,8.62,8.65,8.4,28529,24384467.0,2.94,1.41,0.12,0.52
569,2012-09-04,601369SH,8.58,8.43,8.62,8.39,31665,26926045.0,2.67,-2.2,-0.19,0.57
570,2012-09-05,601369SH,8.41,8.43,8.46,8.36,22178,18646371.0,1.19,0.0,0.0,0.4
571,2012-09-06,601369SH,8.48,8.61,8.62,8.45,36358,31162922.0,2.02,2.14,0.18,0.66
572,2012-09-07,601369SH,8.71,9.08,9.17,8.71,116811,105254674.0,5.34,5.46,0.47,2.11
573,2012-09-10,601369SH,9.15,9.39,9.57,9.14,144541,135845401.0,4.74,3.41,0.31,2.61
574,2012-09-11,601369SH,9.29,9.3,9.36,9.22,41670,38700597.0,1.49,-0.96,-0.09,0.75
575,2012-09-12,601369SH,9.39,9.27,9.39,9.17,62864,58086931.0,2.37,-0.32,-0.03,1.14
576,2012-09-13,601369SH,9.27,9.33,9.52,9.19,116528,109369658.0,3.56,0.65,0.06,2.11
577,2012-09-14,601369SH,9.35,9.31,9.5,9.17,101703,95211874.0,3.54,-0.21,-0.02,1.84
578,2012-09-17,601369SH,9.28,8.91,9.28,8.89,44665,40554245.0,4.19,-4.3,-0.4,0.81
579,2012-09-18,601369SH,8.89,8.87,8.97,8.8,29453,26127141.0,1.91,-0.45,-0.04,0.53
580,2012-09-19,601369SH,8.9,8.99,9.03,8.84,25374,22717408.0,2.14,1.35,0.12,0.46
581,2012-09-20,601369SH,8.91,8.47,8.96,8.45,53776,46461421.0,5.67,-5.78,-0.52,0.97
582,2012-09-21,601369SH,8.51,8.54,8.59,8.32,41625,35006614.0,3.19,0.83,0.07,0.75
583,2012-09-24,601369SH,8.45,8.59,8.65,8.35,24195,20623207.0,3.51,0.59,0.05,0.44
584,2012-09-25,601369SH,8.52,8.53,8.61,8.46,25445,21744764.0,1.75,-0.7,-0.06,0.46
585,2012-09-26,601369SH,8.54,8.71,8.74,8.46,42135,36167828.0,3.28,2.11,0.18,0.76
586,2012-09-27,601369SH,8.7,8.96,9.03,8.62,68783,61010587.0,4.71,2.87,0.25,1.24
587,2012-09-28,601369SH,8.91,8.99,9.09,8.82,64760,58229424.0,3.01,0.33,0.03,1.17
588,2012-10-08,601369SH,8.98,8.75,9.06,8.1,45287,39752388.0,10.68,-2.67,-0.24,0.82
589,2012-10-09,601369SH,8.81,8.99,9.11,8.81,67332,60678203.0,3.43,2.74,0.24,1.22
590,2012-10-10,601369SH,9.01,9.17,9.18,8.89,69441,62814607.0,3.23,2.0,0.18,1.26
591,2012-10-11,601369SH,9.15,9.01,9.27,9.0,62032,56514664.0,2.94,-1.74,-0.16,1.12
592,2012-10-12,601369SH,9.08,8.96,9.13,8.89,29296,26338082.0,2.66,-0.55,-0.05,0.53
593,2012-10-15,601369SH,8.92,9.09,9.1,8.89,37465,33723506.0,2.34,1.45,0.13,0.68
594,2012-10-16,601369SH,9.06,9.0,9.14,8.98,31851,28860033.0,1.76,-0.99,-0.09,0.58
595,2012-10-17,601369SH,8.99,8.98,9.17,8.96,65638,59482992.0,2.33,-0.22,-0.02,1.19
596,2012-10-18,601369SH,9.05,9.09,9.1,8.89,55915,50555299.0,2.34,1.22,0.11,1.01
597,2012-10-19,601369SH,9.08,9.06,9.12,9.01,31864,28884387.0,1.21,-0.33,-0.03,0.58
598,2012-10-22,601369SH,9.02,9.04,9.07,8.91,26841,24145326.0,1.77,-0.22,-0.02,0.49
599,2012-10-23,601369SH,9.04,8.8,9.05,8.78,40420,36094750.0,2.99,-2.65,-0.24,0.73
600,2012-10-24,601369SH,8.78,8.71,8.8,8.6,42259,36779889.0,2.27,-1.02,-0.09,0.76
601,2012-10-25,601369SH,8.81,8.56,8.9,8.5,61024,52967535.0,4.59,-1.72,-0.15,1.1
602,2012-10-26,601369SH,8.54,8.5,8.64,8.41,39677,33814732.0,2.69,-0.7,-0.06,0.72
603,2012-10-29,601369SH,8.55,8.53,8.58,8.44,19545,16643302.0,1.65,0.35,0.03,0.35
604,2012-10-30,601369SH,8.52,8.59,8.68,8.51,25995,22330024.0,1.99,0.7,0.06,0.47
605,2012-10-31,601369SH,8.65,8.58,8.65,8.53,20672,17739232.0,1.4,-0.12,-0.01,0.37
606,2012-11-01,601369SH,8.67,8.8,8.84,8.59,90120,78179854.0,2.91,2.56,0.22,1.63
607,2012-11-02,601369SH,8.72,8.79,8.84,8.72,46414,40704194.0,1.36,-0.11,-0.01,0.84
608,2012-11-05,601369SH,8.76,8.79,8.85,8.72,25192,22133312.0,1.48,0.0,0.0,0.46
609,2012-11-06,601369SH,8.8,8.64,8.82,8.52,35950,31051152.0,3.41,-1.71,-0.15,0.65
610,2012-11-07,601369SH,8.63,8.68,8.69,8.56,32819,28244370.0,1.5,0.46,0.04,0.59
611,2012-11-08,601369SH,9.4,9.01,9.55,8.86,242767,222604501.0,7.95,3.8,0.33,4.39
612,2012-11-09,601369SH,8.89,9.02,9.28,8.75,231952,209805672.0,5.88,0.11,0.01,4.19
613,2012-11-12,601369SH,8.9,8.98,9.11,8.83,107660,96540493.0,3.1,-0.44,-0.04,1.95
614,2012-11-13,601369SH,8.96,8.57,9.13,8.54,104756,93130856.0,6.57,-4.57,-0.41,1.89
615,2012-11-14,601369SH,8.57,8.52,8.61,8.41,66806,56784681.0,2.33,-0.58,-0.05,1.21
616,2012-11-15,601369SH,8.46,8.42,8.54,8.4,40518,34275348.0,1.64,-1.17,-0.1,0.73
617,2012-11-16,601369SH,8.41,8.37,8.43,8.25,33286,27683540.0,2.14,-0.59,-0.05,0.6
618,2012-11-19,601369SH,8.4,8.43,8.45,8.3,25346,21205754.0,1.79,0.72,0.06,0.46
619,2012-11-20,601369SH,8.47,8.47,8.54,8.37,30185,25571087.0,2.02,0.47,0.04,0.55
620,2012-11-21,601369SH,8.48,8.58,8.59,8.36,37013,31471925.0,2.72,1.3,0.11,0.67
621,2012-11-22,601369SH,8.55,8.45,8.55,8.44,20092,17030376.0,1.28,-1.52,-0.13,0.36
622,2012-11-23,601369SH,8.5,8.49,8.58,8.44,29775,25370429.0,1.66,0.47,0.04,0.54
623,2012-11-26,601369SH,8.52,8.29,8.52,8.28,29430,24698262.0,2.83,-2.36,-0.2,0.53
624,2012-11-27,601369SH,8.27,8.15,8.3,8.1,33252,27165529.0,2.41,-1.69,-0.14,0.6
625,2012-11-28,601369SH,8.09,7.89,8.15,7.87,34895,27688486.0,3.44,-3.19,-0.26,0.63
626,2012-11-29,601369SH,7.97,7.77,7.98,7.76,27526,21663716.0,2.79,-1.52,-0.12,0.5
627,2012-11-30,601369SH,7.75,7.87,7.93,7.75,24942,19560584.0,2.32,1.29,0.1,0.45
628,2012-12-03,601369SH,7.89,7.64,7.92,7.58,32044,24859316.0,4.32,-2.92,-0.23,0.58
629,2012-12-04,601369SH,7.69,7.77,7.81,7.56,25367,19430490.0,3.27,1.7,0.13,0.46
630,2012-12-05,601369SH,7.77,8.07,8.14,7.74,45930,36783276.0,5.15,3.86,0.3,0.83
631,2012-12-06,601369SH,8.07,8.0,8.11,7.98,31315,25166792.0,1.61,-0.87,-0.07,0.57
632,2012-12-07,601369SH,7.99,8.16,8.22,7.94,40534,32990310.0,3.5,2.0,0.16,0.73
633,2012-12-10,601369SH,8.33,8.43,8.57,8.33,84274,71431330.0,2.94,3.31,0.27,1.52
634,2012-12-11,601369SH,8.35,8.33,8.42,8.29,38344,32038232.0,1.54,-1.19,-0.1,0.69
635,2012-12-12,601369SH,8.33,8.35,8.42,8.29,27910,23282879.0,1.56,0.24,0.02,0.5
636,2012-12-13,601369SH,8.35,8.25,8.38,8.23,27318,22691327.0,1.8,-1.2,-0.1,0.49
637,2012-12-14,601369SH,8.32,8.58,8.61,8.26,92799,79110001.0,4.24,4.0,0.33,1.68
638,2012-12-17,601369SH,8.57,8.59,8.69,8.54,59426,51067877.0,1.75,0.12,0.01,1.07
639,2012-12-18,601369SH,8.6,8.59,8.69,8.53,50440,43384478.0,1.86,0.0,0.0,0.91
640,2012-12-19,601369SH,8.59,8.67,8.7,8.55,60118,51824865.0,1.75,0.93,0.08,1.09
641,2012-12-20,601369SH,8.68,8.77,8.89,8.65,89205,78174599.0,2.77,1.15,0.1,1.61
642,2012-12-21,601369SH,8.75,8.75,8.83,8.68,48270,42286713.0,1.71,-0.23,-0.02,0.87
643,2012-12-24,601369SH,8.72,8.75,8.83,8.7,47185,41288594.0,1.49,0.0,0.0,0.85
644,2012-12-25,601369SH,8.75,8.96,8.98,8.64,91691,81299916.0,3.89,2.4,0.21,1.66
645,2012-12-26,601369SH,8.94,9.0,9.0,8.87,49493,44262568.0,1.45,0.45,0.04,0.89
646,2012-12-27,601369SH,9.09,8.76,9.1,8.75,57444,51081657.0,3.89,-2.67,-0.24,1.04
647,2012-12-28,601369SH,8.75,8.84,8.88,8.7,42667,37480656.0,2.05,0.91,0.08,0.77
648,2012-12-31,601369SH,8.87,9.02,9.07,8.82,98553,88622782.0,2.83,2.04,0.18,1.78
649,2013-01-04,601369SH,9.05,9.02,9.13,8.85,58330,52525809.0,3.1,0.0,0.0,1.05
650,2013-01-07,601369SH,9.02,9.02,9.03,8.95,50020,44983343.0,0.89,0.0,0.0,0.9
651,2013-01-08,601369SH,9.02,9.19,9.22,9.0,73561,67009542.0,2.44,1.88,0.17,1.33
652,2013-01-09,601369SH,9.14,9.19,9.33,9.1,56981,52521141.0,2.5,0.0,0.0,1.03
653,2013-01-10,601369SH,9.18,9.25,9.32,9.13,48068,44359060.0,2.07,0.65,0.06,0.87
654,2013-01-11,601369SH,9.24,8.95,9.29,8.89,83622,75514140.0,4.32,-3.24,-0.3,1.51
655,2013-01-14,601369SH,8.93,9.3,9.38,8.92,74556,68422203.0,5.14,3.91,0.35,1.35
656,2013-01-15,601369SH,9.28,9.37,9.38,9.27,77358,72183014.0,1.18,0.75,0.07,1.4
657,2013-01-16,601369SH,9.37,9.42,9.46,9.27,72528,67855587.0,2.03,0.53,0.05,1.31
658,2013-01-17,601369SH,9.36,9.17,9.45,9.16,57092,52780573.0,3.08,-2.65,-0.25,1.03
659,2013-01-18,601369SH,9.28,9.28,9.33,9.15,41070,38002140.0,1.96,1.2,0.11,0.74
660,2013-01-21,601369SH,9.28,9.55,9.63,9.24,73542,69514922.0,4.2,2.91,0.27,1.33
661,2013-01-22,601369SH,9.51,9.29,9.54,9.24,57616,53984354.0,3.14,-2.72,-0.26,1.04
662,2013-01-23,601369SH,9.27,9.2,9.32,9.1,35787,32902072.0,2.37,-0.97,-0.09,0.65
663,2013-01-24,601369SH,9.23,8.9,9.35,8.83,80810,73405901.0,5.65,-3.26,-0.3,1.46
664,2013-01-25,601369SH,8.92,9.0,9.08,8.89,28257,25455475.0,2.13,1.12,0.1,0.51
665,2013-01-28,601369SH,9.04,9.19,9.19,9.02,33057,30171171.0,1.89,2.11,0.19,0.6
666,2013-01-29,601369SH,9.2,9.29,9.34,9.15,46999,43433706.0,2.07,1.09,0.1,0.85
667,2013-01-30,601369SH,9.29,9.32,9.37,9.24,37298,34694455.0,1.4,0.32,0.03,0.67
668,2013-01-31,601369SH,9.4,9.35,9.4,9.26,30788,28697985.0,1.5,0.32,0.03,0.56
669,2013-02-01,601369SH,9.34,9.3,9.37,9.26,48686,45293966.0,1.18,-0.53,-0.05,0.88
670,2013-02-04,601369SH,9.31,9.34,9.47,9.31,55259,51889336.0,1.72,0.43,0.04,1.0
671,2013-02-05,601369SH,9.33,9.64,9.88,9.2,171111,163293329.0,7.28,3.21,0.3,3.09
672,2013-02-06,601369SH,9.55,9.52,9.69,9.4,87240,83342348.0,3.01,-1.24,-0.12,1.58
673,2013-02-07,601369SH,9.55,9.51,9.62,9.45,82452,78564891.0,1.79,-0.11,-0.01,1.49
674,2013-02-08,601369SH,9.5,9.63,9.69,9.48,55631,53463306.0,2.21,1.26,0.12,1.01
675,2013-02-18,601369SH,9.63,9.79,9.86,9.63,78559,76857947.0,2.39,1.66,0.16,1.42
676,2013-02-19,601369SH,9.79,9.56,9.84,9.47,67042,64470596.0,3.78,-2.35,-0.23,1.21
677,2013-02-20,601369SH,9.51,9.86,9.95,9.51,100246,98081243.0,4.6,3.14,0.3,1.81
678,2013-02-21,601369SH,9.83,9.55,10.11,9.53,133963,131592628.0,5.88,-3.14,-0.31,2.42
679,2013-02-22,601369SH,9.6,9.42,9.68,9.3,105248,99509079.0,3.98,-1.36,-0.13,1.9
680,2013-02-25,601369SH,9.42,9.35,9.54,9.24,62229,58265069.0,3.18,-0.74,-0.07,1.13
681,2013-02-26,601369SH,9.28,9.08,9.35,9.04,87278,80103602.0,3.32,-2.89,-0.27,1.58
682,2013-02-27,601369SH,9.15,9.13,9.24,9.03,62538,57051139.0,2.31,0.55,0.05,1.13
683,2013-02-28,601369SH,9.13,9.29,9.3,9.11,98270,90625688.0,2.08,1.75,0.16,1.78
684,2013-03-01,601369SH,9.32,9.39,9.43,9.24,81250,75810511.0,2.05,1.08,0.1,1.47
685,2013-03-04,601369SH,9.28,8.95,9.28,8.9,140708,127367407.0,4.05,-4.69,-0.44,2.54
686,2013-03-05,601369SH,8.94,9.09,9.13,8.9,75904,68374531.0,2.57,1.56,0.14,1.37
687,2013-03-06,601369SH,9.1,9.15,9.17,9.05,64785,59103496.0,1.32,0.66,0.06,1.17
688,2013-03-07,601369SH,9.1,9.18,9.26,9.06,69884,64036811.0,2.19,0.33,0.03,1.26
689,2013-03-08,601369SH,9.22,9.02,9.23,8.99,56372,51044329.0,2.61,-1.74,-0.16,1.02
690,2013-03-11,601369SH,9.04,9.04,9.08,8.98,29395,26547163.0,1.11,0.22,0.02,0.53
691,2013-03-12,601369SH,9.08,9.04,9.23,8.9,84356,76544730.0,3.65,0.0,0.0,1.53
692,2013-03-13,601369SH,8.98,8.81,8.98,8.29,57169,50236392.0,7.63,-2.54,-0.23,1.03
693,2013-03-14,601369SH,8.82,8.74,8.87,8.7,35523,31169704.0,1.93,-0.79,-0.07,0.64
694,2013-03-15,601369SH,8.75,8.66,8.88,8.6,45182,39468454.0,3.2,-0.92,-0.08,0.82
695,2013-03-18,601369SH,8.64,8.64,8.74,8.61,28309,24550642.0,1.5,-0.23,-0.02,0.51
696,2013-03-19,601369SH,8.77,8.74,8.77,8.65,26838,23364543.0,1.39,1.16,0.1,0.49
697,2013-03-20,601369SH,8.75,8.93,8.95,8.68,67114,59418989.0,3.09,2.17,0.19,1.21
698,2013-03-21,601369SH,8.93,9.02,9.07,8.86,79973,71594808.0,2.35,1.01,0.09,1.45
699,2013-03-22,601369SH,9.14,9.19,9.39,9.12,111133,102418338.0,2.99,1.88,0.17,2.01
700,2013-03-25,601369SH,9.2,9.15,9.28,9.12,52493,48161504.0,1.74,-0.44,-0.04,0.95
701,2013-03-26,601369SH,9.11,8.96,9.11,8.89,64260,57783014.0,2.4,-2.08,-0.19,1.16
702,2013-03-27,601369SH,8.96,8.95,9.07,8.85,42217,37830991.0,2.46,-0.11,-0.01,0.76
703,2013-03-28,601369SH,8.84,8.59,8.84,8.58,65176,56524932.0,2.91,-4.02,-0.36,1.18
704,2013-03-29,601369SH,8.7,8.6,8.7,8.54,24605,21195238.0,1.86,0.12,0.01,0.44
705,2013-04-01,601369SH,8.55,8.49,8.62,8.29,38588,32752844.0,3.84,-1.28,-0.11,0.7
706,2013-04-02,601369SH,8.52,8.45,8.57,8.43,31660,26893426.0,1.65,-0.47,-0.04,0.57
707,2013-04-03,601369SH,8.52,8.39,8.55,8.33,29301,24672641.0,2.6,-0.71,-0.06,0.53
708,2013-04-08,601369SH,8.3,8.36,8.37,8.2,35254,29186233.0,2.03,-0.36,-0.03,0.64
709,2013-04-09,601369SH,8.42,8.47,8.49,8.36,26290,22213007.0,1.56,1.32,0.11,0.48
710,2013-04-10,601369SH,8.49,8.39,8.49,8.36,26076,21913876.0,1.53,-0.94,-0.08,0.47
711,2013-04-11,601369SH,8.41,8.39,8.47,8.37,22800,19208404.0,1.19,0.0,0.0,0.41
712,2013-04-12,601369SH,8.39,8.28,8.45,8.26,27401,22893848.0,2.26,-1.31,-0.11,0.5
713,2013-04-15,601369SH,8.27,8.1,8.32,8.07,28108,22845551.0,3.02,-2.17,-0.18,0.51
714,2013-04-16,601369SH,8.08,8.24,8.25,8.08,28764,23524378.0,2.1,1.73,0.14,0.52
715,2013-04-17,601369SH,8.23,8.32,8.33,8.22,22257,18395367.0,1.33,0.97,0.08,0.4
716,2013-04-18,601369SH,8.29,8.38,8.39,8.25,28416,23677565.0,1.68,0.72,0.06,0.51
717,2013-04-19,601369SH,8.33,8.53,8.53,8.32,54083,45773837.0,2.51,1.79,0.15,0.98
718,2013-04-22,601369SH,8.2,8.0,8.2,7.92,66478,53303503.0,3.28,-6.21,-0.53,1.2
719,2013-04-23,601369SH,7.99,7.7,7.99,7.64,59752,46519513.0,4.38,-3.75,-0.3,1.08
720,2013-04-24,601369SH,7.76,7.83,7.84,7.64,69384,53655846.0,2.6,1.69,0.13,1.25
721,2013-04-25,601369SH,7.8,7.53,7.81,7.4,83602,63242197.0,5.24,-3.83,-0.3,1.51
722,2013-04-26,601369SH,7.55,7.3,7.6,7.22,76076,56321790.0,5.05,-3.05,-0.23,1.38
723,2013-05-02,601369SH,7.2,7.26,7.32,7.14,50512,36503501.0,2.47,-0.55,-0.04,0.31
724,2013-05-03,601369SH,7.28,7.34,7.39,7.25,51084,37531879.0,1.93,1.1,0.08,0.31
725,2013-05-06,601369SH,7.38,7.44,7.47,7.29,55821,41238021.0,2.45,1.36,0.1,0.34
726,2013-05-07,601369SH,7.39,7.64,7.73,7.39,77332,58554231.0,4.57,2.69,0.2,0.47
727,2013-05-08,601369SH,7.69,7.66,7.72,7.61,48414,37119202.0,1.44,0.26,0.02,0.3
728,2013-05-09,601369SH,7.66,7.59,7.67,7.45,47494,35892097.0,2.87,-0.91,-0.07,0.29
729,2013-05-10,601369SH,7.54,7.61,7.63,7.48,43317,32771204.0,1.98,0.26,0.02,0.26
730,2013-05-13,601369SH,7.6,7.59,7.65,7.56,28101,21315692.0,1.18,-0.26,-0.02,0.17
731,2013-05-14,601369SH,7.57,7.42,7.57,7.36,40271,29968819.0,2.77,-2.24,-0.17,0.25
732,2013-05-15,601369SH,7.41,7.45,7.48,7.39,27571,20523863.0,1.21,0.4,0.03,0.17
733,2013-05-16,601369SH,7.47,7.55,7.55,7.39,67438,50406423.0,2.15,1.34,0.1,0.41
734,2013-05-17,601369SH,7.55,7.62,7.67,7.52,73286,55694539.0,1.99,0.93,0.07,0.45
735,2013-05-20,601369SH,7.63,7.85,7.91,7.63,96061,74993485.0,3.67,3.02,0.23,0.59
736,2013-05-21,601369SH,7.85,7.9,8.0,7.78,72966,57420642.0,2.8,0.64,0.05,0.45
737,2013-05-22,601369SH,7.9,7.83,7.97,7.77,64365,50587551.0,2.53,-0.89,-0.07,0.39
738,2013-05-23,601369SH,7.8,7.75,7.88,7.74,45514,35493030.0,1.79,-1.02,-0.08,0.28
739,2013-05-24,601369SH,7.77,7.81,7.82,7.68,41769,32432444.0,1.81,0.77,0.06,0.25
740,2013-05-27,601369SH,7.81,8.09,8.17,7.76,140651,112965272.0,5.25,3.59,0.28,0.86
741,2013-05-28,601369SH,8.06,8.14,8.25,8.05,100284,81843943.0,2.47,0.62,0.05,0.61
742,2013-05-29,601369SH,8.15,8.15,8.25,8.07,66767,54364125.0,2.21,0.12,0.01,0.41
743,2013-05-30,601369SH,8.1,8.23,8.29,8.08,73687,60329730.0,2.58,0.98,0.08,0.45
744,2013-05-31,601369SH,8.27,8.38,8.51,8.22,132380,111391910.0,3.52,1.82,0.15,0.81
745,2013-06-03,601369SH,8.39,8.36,8.67,8.26,190849,162216273.0,4.89,-0.24,-0.02,1.16
746,2013-06-04,601369SH,8.34,8.18,8.34,8.1,108429,89196519.0,2.87,-2.15,-0.18,0.66
747,2013-06-05,601369SH,8.21,8.26,8.33,8.18,58526,48304073.0,1.83,0.98,0.08,0.36
748,2013-06-06,601369SH,8.22,7.9,8.28,7.88,59584,47996603.0,4.84,-4.36,-0.36,0.36
749,2013-06-07,601369SH,7.9,7.87,8.01,7.77,46942,36969557.0,3.04,-0.38,-0.03,0.29
750,2013-06-13,601369SH,7.71,7.65,7.8,7.55,40919,31207863.0,3.18,-2.8,-0.22,0.25
751,2013-06-14,601369SH,7.63,7.73,7.74,7.63,38142,29352013.0,1.44,1.05,0.08,0.23
752,2013-06-17,601369SH,7.8,7.6,7.84,7.58,29972,23043796.0,3.36,-1.68,-0.13,0.18
753,2013-06-18,601369SH,7.62,7.53,7.69,7.51,25338,19193575.0,2.37,-0.92,-0.07,0.15
754,2013-06-19,601369SH,7.5,7.42,7.5,7.3,31262,23089092.0,2.66,-1.46,-0.11,0.19
755,2013-06-20,601369SH,7.43,7.29,7.46,7.28,30596,22516226.0,2.43,-1.75,-0.13,0.19
756,2013-06-21,601369SH,7.23,7.3,7.37,7.15,33698,24450693.0,3.02,0.14,0.01,0.21
757,2013-06-24,601369SH,7.26,6.79,7.28,6.72,72466,50296104.0,7.67,-6.99,-0.51,0.44
758,2013-06-25,601369SH,6.78,6.6,6.81,6.2,65990,43148925.0,8.98,-2.8,-0.19,0.4
759,2013-06-26,601369SH,6.6,6.51,6.66,6.42,71912,46875176.0,3.64,-1.36,-0.09,0.44
760,2013-06-27,601369SH,6.65,6.72,6.97,6.65,97543,66070176.0,4.92,3.23,0.21,0.6
761,2013-06-28,601369SH,6.65,6.75,6.85,6.58,45733,30681889.0,4.02,0.45,0.03,0.28
762,2013-07-01,601369SH,6.76,6.94,6.96,6.65,54197,37260645.0,4.59,2.81,0.19,0.33
763,2013-07-02,601369SH,6.98,6.94,6.98,6.82,25978,17921588.0,2.31,0.0,0.0,0.16
764,2013-07-03,601369SH,6.95,6.9,6.95,6.81,24497,16812953.0,2.02,-0.58,-0.04,0.15
765,2013-07-04,601369SH,6.86,6.94,7.03,6.79,42601,29403867.0,3.48,0.58,0.04,0.26
766,2013-07-05,601369SH,6.98,6.81,6.98,6.8,33239,22865767.0,2.59,-1.87,-0.13,0.2
767,2013-07-08,601369SH,6.73,6.51,6.75,6.5,27720,18278871.0,3.67,-4.41,-0.3,0.17
768,2013-07-09,601369SH,6.5,6.58,6.59,6.5,15404,10067762.0,1.38,1.08,0.07,0.09
769,2013-07-10,601369SH,6.54,6.77,6.77,6.54,26868,17923624.0,3.5,2.89,0.19,0.16
770,2013-07-11,601369SH,6.77,7.06,7.11,6.75,51910,36179190.0,5.32,4.28,0.29,0.32
771,2013-07-12,601369SH,7.01,6.88,7.13,6.86,50643,35286625.0,3.82,-2.55,-0.18,0.31
772,2013-07-15,601369SH,6.92,7.04,7.11,6.86,35748,25085949.0,3.63,2.33,0.16,0.22
773,2013-07-16,601369SH,7.1,7.08,7.1,6.95,20266,14232798.0,2.13,0.57,0.04,0.12
774,2013-07-17,601369SH,7.05,6.95,7.15,6.93,26309,18476275.0,3.11,-1.84,-0.13,0.16
775,2013-07-18,601369SH,6.94,6.78,6.98,6.77,31285,21429917.0,3.02,-2.45,-0.17,0.19
776,2013-07-19,601369SH,6.85,6.87,6.99,6.76,85336,58675516.0,3.39,1.33,0.09,0.52
777,2013-07-22,601369SH,6.83,6.81,6.85,6.69,44233,29831978.0,2.33,-0.87,-0.06,0.27
778,2013-07-23,601369SH,6.81,6.91,6.96,6.71,67946,46710656.0,3.67,1.47,0.1,0.41
779,2013-07-24,601369SH,6.86,6.88,6.91,6.75,66223,45172928.0,2.32,-0.43,-0.03,0.4
780,2013-07-25,601369SH,6.88,6.91,6.97,6.74,55651,38171435.0,3.34,0.44,0.03,0.34
781,2013-07-26,601369SH,6.83,6.8,6.87,6.74,25469,17332490.0,1.88,-1.59,-0.11,0.16
782,2013-07-29,601369SH,6.75,6.62,6.75,6.61,28374,18920101.0,2.06,-2.65,-0.18,0.17
783,2013-07-30,601369SH,6.67,6.66,6.75,6.59,19632,13095750.0,2.42,0.6,0.04,0.12
784,2013-07-31,601369SH,6.67,6.66,6.77,6.64,17724,11854714.0,1.95,0.0,0.0,0.11
785,2013-08-01,601369SH,6.69,6.8,6.85,6.65,41877,28360061.0,3.0,2.1,0.14,0.26
786,2013-08-02,601369SH,6.87,6.76,6.87,6.74,34048,23170056.0,1.91,-0.59,-0.04,0.21
787,2013-08-05,601369SH,6.74,6.85,6.85,6.7,46941,31908798.0,2.22,1.33,0.09,0.29
788,2013-08-06,601369SH,6.83,6.95,6.99,6.8,69910,48358497.0,2.77,1.46,0.1,0.43
789,2013-08-07,601369SH,6.96,6.86,7.08,6.84,102643,71484180.0,3.45,-1.29,-0.09,0.63
790,2013-08-08,601369SH,6.87,6.81,6.9,6.77,52102,35572326.0,1.9,-0.73,-0.05,0.32
791,2013-08-09,601369SH,6.85,6.83,6.88,6.72,37757,25633970.0,2.35,0.29,0.02,0.23
792,2013-08-12,601369SH,6.88,7.06,7.08,6.87,90700,63563164.0,3.07,3.37,0.23,0.55
793,2013-08-13,601369SH,7.05,7.06,7.09,6.99,49465,34776820.0,1.42,0.0,0.0,0.3
794,2013-08-14,601369SH,7.06,7.1,7.21,7.06,77630,55339960.0,2.12,0.57,0.04,0.47
795,2013-08-15,601369SH,7.09,7.04,7.18,7.01,75132,53297831.0,2.39,-0.85,-0.06,0.46
796,2013-08-16,601369SH,7.04,6.98,7.26,6.91,91279,64384417.0,4.97,-0.85,-0.06,0.56
797,2013-08-19,601369SH,6.91,7.04,7.06,6.91,38645,27023612.0,2.15,0.86,0.06,0.24
798,2013-08-20,601369SH,7.04,6.97,7.06,6.93,40254,28164460.0,1.85,-0.99,-0.07,0.25
799,2013-08-21,601369SH,7.02,7.03,7.05,6.96,34568,24217394.0,1.29,0.86,0.06,0.21
800,2013-08-22,601369SH,7.02,7.03,7.09,6.99,42155,29707560.0,1.42,0.0,0.0,0.26
801,2013-08-23,601369SH,7.06,6.97,7.08,6.83,50472,35140645.0,3.56,-0.85,-0.06,0.31
802,2013-08-26,601369SH,6.99,7.08,7.09,6.93,51591,36293497.0,2.3,1.58,0.11,0.31
803,2013-08-27,601369SH,7.1,7.08,7.1,7.04,59738,42290214.0,0.85,0.0,0.0,0.36
804,2013-08-28,601369SH,7.05,7.18,7.25,7.04,102548,73365816.0,2.97,1.41,0.1,0.63
805,2013-08-29,601369SH,7.2,7.08,7.25,7.06,67642,48104056.0,2.65,-1.39,-0.1,0.41
806,2013-08-30,601369SH,7.07,7.02,7.19,6.98,77710,54986723.0,2.97,-0.85,-0.06,0.47
807,2013-09-02,601369SH,7.0,7.18,7.19,6.97,85385,60723034.0,3.13,2.28,0.16,0.52
808,2013-09-03,601369SH,7.18,7.31,7.32,7.13,86958,63134571.0,2.65,1.81,0.13,0.53
809,2013-09-04,601369SH,7.3,7.41,7.48,7.25,154368,114077065.0,3.15,1.37,0.1,0.94
810,2013-09-05,601369SH,7.39,7.45,7.53,7.31,122825,91170337.0,2.97,0.54,0.04,0.75
811,2013-09-06,601369SH,7.37,7.5,7.65,7.36,165882,123887158.0,3.89,0.67,0.05,1.01
812,2013-09-09,601369SH,7.49,7.52,7.57,7.42,95028,71252817.0,2.0,0.27,0.02,0.58
813,2013-09-10,601369SH,7.5,7.5,7.6,7.41,87858,65754551.0,2.53,-0.27,-0.02,0.54
814,2013-09-11,601369SH,7.52,7.64,7.73,7.44,126776,96375343.0,3.87,1.87,0.14,0.77
815,2013-09-12,601369SH,7.65,7.56,7.72,7.55,71293,54230149.0,2.23,-1.05,-0.08,0.44
816,2013-09-13,601369SH,7.58,7.39,7.64,7.36,86051,64146100.0,3.7,-2.25,-0.17,0.53
817,2013-09-16,601369SH,7.38,7.33,7.46,7.28,61243,45002531.0,2.44,-0.81,-0.06,0.37
818,2013-09-17,601369SH,7.33,7.25,7.38,7.25,49125,35982303.0,1.77,-1.09,-0.08,0.3
819,2013-09-18,601369SH,7.28,7.32,7.35,7.27,30006,21937826.0,1.1,0.97,0.07,0.18
820,2013-09-23,601369SH,7.4,7.44,7.44,7.35,48131,35616125.0,1.23,1.64,0.12,0.29
821,2013-09-24,601369SH,7.44,7.34,7.44,7.31,50578,37207866.0,1.75,-1.34,-0.1,0.31
822,2013-09-25,601369SH,7.36,7.25,7.4,7.23,50967,37213658.0,2.32,-1.23,-0.09,0.31
823,2013-09-26,601369SH,7.25,7.11,7.3,7.09,53423,38322472.0,2.9,-1.93,-0.14,0.33
824,2013-09-27,601369SH,7.12,7.15,7.19,7.06,39696,28232650.0,1.83,0.56,0.04,0.24
825,2013-09-30,601369SH,7.19,7.18,7.2,7.14,23552,16880769.0,0.84,0.42,0.03,0.14
826,2013-10-08,601369SH,7.16,7.29,7.29,7.11,33970,24590062.0,2.51,1.53,0.11,0.21
827,2013-10-09,601369SH,7.25,7.34,7.34,7.22,38991,28393032.0,1.65,0.69,0.05,0.24
828,2013-10-10,601369SH,7.34,7.21,7.34,7.2,40349,29288322.0,1.91,-1.77,-0.13,0.25
829,2013-10-11,601369SH,7.24,7.47,7.47,7.22,80184,59077561.0,3.47,3.61,0.26,0.49
830,2013-10-14,601369SH,7.45,7.49,7.58,7.41,71537,53666036.0,2.28,0.27,0.02,0.44
831,2013-10-15,601369SH,7.48,7.51,7.56,7.42,68944,51716547.0,1.87,0.27,0.02,0.42
832,2013-10-16,601369SH,7.53,7.26,7.53,7.19,55418,40748272.0,4.53,-3.33,-0.25,0.34
833,2013-10-17,601369SH,7.29,7.45,7.57,7.28,69517,51735972.0,3.99,2.62,0.19,0.42
834,2013-10-18,601369SH,7.45,7.34,7.49,7.3,51570,38032938.0,2.55,-1.48,-0.11,0.31
835,2013-10-21,601369SH,7.35,7.45,7.48,7.28,55797,41142843.0,2.72,1.5,0.11,0.34
836,2013-10-22,601369SH,7.45,7.49,7.55,7.35,81840,61081970.0,2.68,0.54,0.04,0.5
837,2013-10-23,601369SH,7.53,7.3,7.55,7.29,53986,39854904.0,3.47,-2.54,-0.19,0.33
838,2013-10-24,601369SH,7.34,7.24,7.42,7.19,50808,37072263.0,3.15,-0.82,-0.06,0.31
839,2013-10-25,601369SH,7.17,6.85,7.17,6.81,119394,83080154.0,4.97,-5.39,-0.39,0.73
840,2013-10-28,601369SH,6.88,6.84,6.92,6.76,37213,25410454.0,2.34,-0.15,-0.01,0.23
841,2013-10-29,601369SH,6.88,6.69,6.9,6.6,52037,34969417.0,4.39,-2.19,-0.15,0.32
842,2013-10-30,601369SH,6.68,6.77,6.78,6.62,40789,27416397.0,2.39,1.2,0.08,0.25
843,2013-10-31,601369SH,6.76,6.74,6.79,6.68,35601,23928492.0,1.62,-0.44,-0.03,0.22
844,2013-11-01,601369SH,6.79,6.78,6.79,6.69,20843,14057840.0,1.48,0.59,0.04,0.13
845,2013-11-04,601369SH,6.83,6.84,6.86,6.77,36034,24577731.0,1.33,0.88,0.06,0.22
846,2013-11-05,601369SH,6.82,6.91,6.93,6.77,53498,36726323.0,2.34,1.02,0.07,0.33
847,2013-11-06,601369SH,6.9,6.83,6.96,6.82,54266,37381048.0,2.03,-1.16,-0.08,0.33
848,2013-11-07,601369SH,6.82,6.83,6.95,6.7,57873,39472785.0,3.66,0.0,0.0,0.35
849,2013-11-08,601369SH,6.8,6.69,6.84,6.64,41351,27838486.0,2.93,-2.05,-0.14,0.25
850,2013-11-11,601369SH,6.71,6.8,6.87,6.69,40246,27365626.0,2.69,1.64,0.11,0.25
851,2013-11-12,601369SH,6.8,6.79,6.86,6.68,33368,22598094.0,2.65,-0.15,-0.01,0.2
852,2013-11-13,601369SH,6.73,6.66,6.76,6.64,32499,21731886.0,1.77,-1.91,-0.13,0.2
853,2013-11-14,601369SH,6.7,6.7,6.71,6.63,26248,17521240.0,1.2,0.6,0.04,0.16
854,2013-11-15,601369SH,6.75,6.97,7.0,6.73,113782,78684898.0,4.03,4.03,0.27,0.69
855,2013-11-18,601369SH,7.02,7.05,7.07,6.96,64034,44926061.0,1.58,1.15,0.08,0.39
856,2013-11-19,601369SH,7.06,6.94,7.08,6.91,85305,59578294.0,2.41,-1.56,-0.11,0.52
857,2013-11-20,601369SH,6.97,7.04,7.05,6.93,71779,50186179.0,1.73,1.44,0.1,0.44
858,2013-11-21,601369SH,7.02,6.95,7.03,6.91,48796,33968223.0,1.7,-1.28,-0.09,0.3
859,2013-11-22,601369SH,6.98,6.99,7.03,6.95,38552,26932297.0,1.15,0.58,0.04,0.24
860,2013-11-25,601369SH,6.94,7.0,7.07,6.93,54736,38427009.0,2.0,0.14,0.01,0.33
861,2013-11-26,601369SH,7.01,7.05,7.05,6.99,40049,28099820.0,0.86,0.71,0.05,0.24
862,2013-11-27,601369SH,7.05,7.2,7.23,7.03,99047,71078682.0,2.84,2.13,0.15,0.6
863,2013-11-28,601369SH,7.2,7.17,7.31,7.15,84410,61034351.0,2.22,-0.42,-0.03,0.52
864,2013-11-29,601369SH,7.19,7.25,7.3,7.18,61599,44637911.0,1.67,1.12,0.08,0.38
865,2013-12-02,601369SH,7.13,6.99,7.19,6.93,92738,65191856.0,3.59,-3.59,-0.26,0.57
866,2013-12-03,601369SH,6.98,7.15,7.15,6.97,54262,38463603.0,2.58,2.29,0.16,0.33
867,2013-12-04,601369SH,7.17,7.33,7.38,7.13,119409,87070133.0,3.5,2.52,0.18,0.73
868,2013-12-05,601369SH,7.33,7.38,7.43,7.27,97609,71668883.0,2.18,0.68,0.05,0.6
869,2013-12-06,601369SH,7.37,7.33,7.37,7.28,43451,31788394.0,1.22,-0.68,-0.05,0.27
870,2013-12-09,601369SH,7.33,7.4,7.48,7.31,59955,44439429.0,2.32,0.95,0.07,0.37
871,2013-12-10,601369SH,7.4,7.35,7.45,7.33,44887,33144995.0,1.62,-0.68,-0.05,0.27
872,2013-12-11,601369SH,7.36,7.19,7.36,7.14,61741,44561684.0,2.99,-2.18,-0.16,0.38
873,2013-12-12,601369SH,7.18,7.27,7.28,7.16,38603,27875452.0,1.67,1.11,0.08,0.24
874,2013-12-13,601369SH,7.18,7.35,7.36,7.16,43120,31482286.0,2.75,1.1,0.08,0.26
875,2013-12-16,601369SH,7.37,7.26,7.38,7.19,56053,40934150.0,2.59,-1.22,-0.09,0.34
876,2013-12-17,601369SH,7.25,7.26,7.29,7.14,43848,31686087.0,2.07,0.0,0.0,0.27
877,2013-12-18,601369SH,7.26,7.29,7.31,7.21,29820,21679623.0,1.38,0.41,0.03,0.18
878,2013-12-19,601369SH,7.32,7.13,7.32,7.12,35030,25202524.0,2.74,-2.19,-0.16,0.21
879,2013-12-20,601369SH,6.78,6.64,6.87,6.6,141801,95162919.0,3.79,-6.87,-0.49,0.87
880,2013-12-23,601369SH,6.64,6.62,6.69,6.43,59129,38675550.0,3.92,-0.3,-0.02,0.36
881,2013-12-24,601369SH,6.61,6.58,6.65,6.48,39643,26102655.0,2.57,-0.6,-0.04,0.24
882,2013-12-25,601369SH,6.61,6.65,6.65,6.53,15919,10510732.0,1.82,1.06,0.07,0.1
883,2013-12-26,601369SH,6.61,6.48,6.65,6.46,34638,22648893.0,2.86,-2.56,-0.17,0.21
884,2013-12-27,601369SH,6.48,6.53,6.58,6.43,31190,20303836.0,2.31,0.77,0.05,0.19
885,2013-12-30,601369SH,6.56,6.65,6.67,6.52,31373,20740410.0,2.3,1.84,0.12,0.19
886,2013-12-31,601369SH,6.6,6.65,6.67,6.58,33484,22218285.0,1.35,0.0,0.0,0.2
887,2014-01-02,601369SH,6.66,6.65,6.75,6.6,50950,33932025.0,2.26,0.0,0.0,0.31
888,2014-01-03,601369SH,6.6,6.47,6.67,6.44,54150,35161533.0,3.46,-2.71,-0.18,0.33
889,2014-01-06,601369SH,6.48,6.23,6.48,6.22,41542,26205826.0,4.02,-3.71,-0.24,0.25
890,2014-01-07,601369SH,6.21,6.26,6.29,6.2,28366,17710273.0,1.44,0.48,0.03,0.17
891,2014-01-08,601369SH,6.29,6.11,6.29,6.07,64253,39446209.0,3.51,-2.4,-0.15,0.39
892,2014-01-09,601369SH,6.07,5.96,6.11,5.93,55057,33139781.0,2.95,-2.45,-0.15,0.34
893,2014-01-10,601369SH,5.94,5.73,5.94,5.71,77531,44828380.0,3.86,-3.86,-0.23,0.47
894,2014-01-13,601369SH,5.76,5.79,5.82,5.73,34424,19896445.0,1.57,1.05,0.06,0.21
895,2014-01-14,601369SH,5.79,6.03,6.05,5.78,36435,21636026.0,4.66,4.15,0.24,0.22
896,2014-01-15,601369SH,6.0,6.02,6.03,5.92,26219,15625443.0,1.82,-0.17,-0.01,0.16
897,2014-01-16,601369SH,6.03,5.99,6.05,5.9,25007,15008096.0,2.49,-0.5,-0.03,0.15
898,2014-01-17,601369SH,5.92,5.91,6.02,5.9,26147,15495700.0,2.0,-1.34,-0.08,0.16
899,2014-01-20,601369SH,5.95,6.18,6.42,5.95,104623,65137463.0,7.95,4.57,0.27,0.64
900,2014-01-21,601369SH,6.15,6.24,6.28,6.12,43898,27355123.0,2.59,0.97,0.06,0.27
901,2014-01-22,601369SH,6.24,6.31,6.33,6.21,43604,27394750.0,1.92,1.12,0.07,0.27
902,2014-01-23,601369SH,6.3,6.27,6.31,6.22,25140,15756999.0,1.43,-0.63,-0.04,0.15
903,2014-01-24,601369SH,6.26,6.34,6.4,6.21,41960,26542659.0,3.03,1.12,0.07,0.26
904,2014-01-27,601369SH,6.3,6.2,6.3,6.18,37809,23521104.0,1.89,-2.21,-0.14,0.23
905,2014-01-28,601369SH,6.25,6.24,6.29,6.18,29111,18103945.0,1.77,0.65,0.04,0.18
906,2014-01-29,601369SH,6.24,6.17,6.28,6.13,38210,23571007.0,2.4,-1.12,-0.07,0.23
907,2014-01-30,601369SH,6.13,6.17,6.22,6.11,17224,10600021.0,1.78,0.0,0.0,0.11
908,2014-02-07,601369SH,6.11,6.4,6.41,6.03,51597,32405719.0,6.16,3.73,0.23,0.31
909,2014-02-10,601369SH,6.47,6.56,6.59,6.42,69607,45262347.0,2.66,2.5,0.16,0.42
910,2014-02-11,601369SH,6.46,7.01,7.03,6.45,167834,114300778.0,8.84,6.86,0.45,1.02
911,2014-02-12,601369SH,6.95,6.99,7.11,6.93,96334,67517582.0,2.57,-0.29,-0.02,0.59
912,2014-02-13,601369SH,6.99,6.83,6.99,6.8,60672,41854073.0,2.72,-2.29,-0.16,0.37
913,2014-02-14,601369SH,6.84,7.05,7.12,6.81,98997,69719379.0,4.54,3.22,0.22,0.6
914,2014-02-17,601369SH,7.07,7.15,7.2,7.0,65332,46631834.0,2.84,1.42,0.1,0.4
915,2014-02-18,601369SH,7.11,7.02,7.16,6.98,56464,39684416.0,2.52,-1.82,-0.13,0.34
916,2014-02-19,601369SH,7.02,7.07,7.13,6.99,63356,44678929.0,1.99,0.71,0.05,0.39
917,2014-02-20,601369SH,7.08,7.22,7.58,7.08,198445,146554944.0,7.07,2.12,0.15,1.21
918,2014-02-21,601369SH,7.22,7.22,7.5,7.12,90460,65897630.0,5.26,0.0,0.0,0.55
919,2014-02-24,601369SH,7.22,7.41,7.48,7.02,108050,78269034.0,6.37,2.63,0.19,0.66
920,2014-02-25,601369SH,7.4,7.05,7.48,7.02,92559,67270499.0,6.21,-4.86,-0.36,0.56
921,2014-02-26,601369SH,7.06,6.87,7.06,6.81,109729,75518042.0,3.55,-2.55,-0.18,0.67
922,2014-02-27,601369SH,6.88,6.9,7.08,6.88,102306,71383545.0,2.91,0.44,0.03,0.62
923,2014-02-28,601369SH,6.9,6.8,6.95,6.68,90693,61554150.0,3.91,-1.45,-0.1,0.55
924,2014-03-03,601369SH,6.9,7.11,7.15,6.79,79859,56079330.0,5.29,4.56,0.31,0.49
925,2014-03-04,601369SH,7.06,7.0,7.13,6.93,51510,36044190.0,2.81,-1.55,-0.11,0.31
926,2014-03-05,601369SH,7.05,6.99,7.17,6.96,48298,34028699.0,3.0,-0.14,-0.01,0.29
927,2014-03-06,601369SH,6.97,6.93,6.98,6.76,61612,42392928.0,3.15,-0.86,-0.06,0.38
928,2014-03-07,601369SH,6.88,6.84,6.99,6.79,38302,26303669.0,2.89,-1.3,-0.09,0.23
929,2014-03-10,601369SH,6.83,6.6,6.83,6.58,56062,37472205.0,3.65,-3.51,-0.24,0.34
930,2014-03-11,601369SH,6.6,6.47,6.66,6.45,58784,38316446.0,3.18,-1.97,-0.13,0.36
931,2014-03-12,601369SH,6.44,6.48,6.56,6.38,46764,30149057.0,2.78,0.15,0.01,0.29
932,2014-03-13,601369SH,6.51,6.55,6.61,6.46,29785,19496049.0,2.31,1.08,0.07,0.18
933,2014-03-14,601369SH,6.54,6.65,6.66,6.44,57633,38022616.0,3.36,1.53,0.1,0.35
934,2014-03-17,601369SH,6.63,6.69,6.7,6.58,30486,20269740.0,1.8,0.6,0.04,0.19
935,2014-03-18,601369SH,6.7,6.75,6.78,6.62,57183,38241916.0,2.39,0.9,0.06,0.35
936,2014-03-19,601369SH,6.8,6.91,6.98,6.75,80825,55550243.0,3.41,2.37,0.16,0.49
937,2014-03-20,601369SH,6.95,6.5,6.96,6.49,88410,59468938.0,6.8,-5.93,-0.41,0.54
938,2014-03-21,601369SH,6.5,6.73,6.8,6.48,54135,35962075.0,4.92,3.54,0.23,0.33
939,2014-03-24,601369SH,6.72,6.83,6.88,6.69,47547,32322253.0,2.82,1.49,0.1,0.29
940,2014-03-25,601369SH,6.8,6.75,6.85,6.72,39073,26448167.0,1.9,-1.17,-0.08,0.24
941,2014-03-26,601369SH,6.75,6.71,6.78,6.66,32353,21755359.0,1.78,-0.59,-0.04,0.2
942,2014-03-27,601369SH,6.66,6.61,6.72,6.6,30088,20010405.0,1.79,-1.49,-0.1,0.18
943,2014-03-28,601369SH,6.61,6.71,6.82,6.59,45384,30545076.0,3.48,1.51,0.1,0.28
944,2014-03-31,601369SH,6.74,6.76,6.77,6.62,40623,27202193.0,2.24,0.75,0.05,0.25
945,2014-04-01,601369SH,6.73,6.86,6.88,6.73,46061,31482963.0,2.22,1.48,0.1,0.28
946,2014-04-02,601369SH,6.86,6.85,6.89,6.78,34097,23345430.0,1.6,-0.15,-0.01,0.21
947,2014-04-03,601369SH,6.88,6.69,6.89,6.6,65448,43968938.0,4.23,-2.34,-0.16,0.4
948,2014-04-04,601369SH,6.66,6.72,6.73,6.62,23106,15460383.0,1.64,0.45,0.03,0.14
949,2014-04-08,601369SH,6.71,6.85,6.89,6.69,61615,41977857.0,2.98,1.93,0.13,0.38
950,2014-04-09,601369SH,6.85,6.86,6.92,6.82,45908,31507426.0,1.46,0.15,0.01,0.28
951,2014-04-10,601369SH,6.88,7.07,7.12,6.85,114645,80725385.0,3.94,3.06,0.21,0.7
952,2014-04-11,601369SH,7.09,7.08,7.1,6.98,52268,36866102.0,1.7,0.14,0.01,0.32
953,2014-04-14,601369SH,7.1,7.1,7.16,7.0,43952,30979586.0,2.26,0.28,0.02,0.27
954,2014-04-15,601369SH,7.01,6.99,7.08,6.95,48315,33852157.0,1.83,-1.55,-0.11,0.29
955,2014-04-16,601369SH,7.0,6.97,7.03,6.93,36957,25770867.0,1.43,-0.29,-0.02,0.23
956,2014-04-17,601369SH,6.97,6.91,7.01,6.9,30766,21368689.0,1.58,-0.86,-0.06,0.19
957,2014-04-18,601369SH,6.92,7.06,7.12,6.91,74531,52517659.0,3.04,2.17,0.15,0.45
958,2014-04-21,601369SH,7.04,7.03,7.18,7.0,60265,42754190.0,2.55,-0.42,-0.03,0.37
959,2014-04-22,601369SH,7.03,7.02,7.11,6.79,70903,49190401.0,4.55,-0.14,-0.01,0.43
960,2014-04-23,601369SH,7.02,7.11,7.13,6.94,52423,36975643.0,2.71,1.28,0.09,0.32
961,2014-04-24,601369SH,7.11,7.05,7.14,7.02,55208,39141964.0,1.69,-0.84,-0.06,0.34
962,2014-04-25,601369SH,6.52,6.08,6.52,6.03,130670,81582096.0,6.95,-13.76,-0.97,0.8
963,2014-04-28,601369SH,5.93,5.84,6.04,5.79,65654,38620291.0,4.11,-3.95,-0.24,0.4
964,2014-04-29,601369SH,5.83,5.91,5.94,5.81,28673,16871034.0,2.23,1.2,0.07,0.17
965,2014-04-30,601369SH,5.95,6.0,6.15,5.91,51406,31025707.0,4.06,1.52,0.09,0.31
966,2014-05-05,601369SH,6.0,6.06,6.12,5.91,28565,17075598.0,3.5,1.0,0.06,0.17
967,2014-05-06,601369SH,6.06,6.0,6.11,5.98,21563,12987993.0,2.15,-0.99,-0.06,0.13
968,2014-05-07,601369SH,6.0,5.87,6.0,5.8,32568,19201443.0,3.33,-2.17,-0.13,0.2
969,2014-05-08,601369SH,5.9,5.88,5.94,5.86,21872,12911825.0,1.36,0.17,0.01,0.13
970,2014-05-09,601369SH,5.89,5.87,5.91,5.86,18452,10851349.0,0.85,-0.17,-0.01,0.11
971,2014-05-12,601369SH,5.91,5.99,6.01,5.9,30074,17942739.0,1.87,2.04,0.12,0.18
972,2014-05-13,601369SH,6.0,5.98,6.03,5.96,18020,10797358.0,1.17,-0.17,-0.01,0.11
973,2014-05-14,601369SH,5.98,5.95,5.99,5.92,17460,10389236.0,1.17,-0.5,-0.03,0.11
974,2014-05-15,601369SH,5.95,5.88,5.96,5.88,24742,14620349.0,1.34,-1.18,-0.07,0.15
975,2014-05-16,601369SH,5.88,5.85,5.91,5.84,18380,10804872.0,1.19,-0.51,-0.03,0.11
976,2014-05-19,601369SH,5.8,5.77,5.83,5.73,27606,15950821.0,1.71,-1.37,-0.08,0.17
977,2014-05-20,601369SH,5.77,5.76,5.86,5.75,19104,11066565.0,1.91,-0.17,-0.01,0.12
978,2014-05-21,601369SH,5.75,5.84,5.85,5.72,15005,8684421.0,2.26,1.39,0.08,0.09
979,2014-05-22,601369SH,5.85,5.83,5.96,5.82,26191,15463891.0,2.4,-0.17,-0.01,0.16
980,2014-05-23,601369SH,5.83,5.9,5.91,5.82,23558,13799023.0,1.54,1.2,0.07,0.14
981,2014-05-26,601369SH,5.95,5.88,5.95,5.84,37401,21964748.0,1.86,-0.34,-0.02,0.23
982,2014-05-27,601369SH,5.89,5.81,5.89,5.79,35276,20566141.0,1.7,-1.19,-0.07,0.22
983,2014-05-28,601369SH,5.82,5.81,5.83,5.76,48866,28289835.0,1.2,0.0,0.0,0.3
984,2014-05-29,601369SH,5.8,5.7,5.81,5.69,63489,36440612.0,2.07,-1.89,-0.11,0.39
985,2014-05-30,601369SH,5.7,5.69,5.72,5.67,40853,23270701.0,0.88,-0.18,-0.01,0.25
986,2014-06-03,601369SH,5.68,5.68,5.73,5.65,30262,17241732.0,1.41,-0.18,-0.01,0.18
987,2014-06-04,601369SH,5.69,5.64,5.69,5.61,29869,16841613.0,1.41,-0.7,-0.04,0.18
988,2014-06-05,601369SH,5.64,5.69,5.69,5.62,28184,15918163.0,1.24,0.89,0.05,0.17
989,2014-06-06,601369SH,5.69,5.84,5.92,5.62,88493,51195340.0,5.27,2.64,0.15,0.54
990,2014-06-09,601369SH,5.82,5.89,5.99,5.75,125607,73452791.0,4.11,0.86,0.05,0.77
991,2014-06-10,601369SH,5.87,5.87,5.89,5.82,46219,27059598.0,1.19,-0.34,-0.02,0.28
992,2014-06-11,601369SH,5.85,5.86,5.95,5.82,149619,87749103.0,2.21,-0.17,-0.01,0.91
993,2014-06-12,601369SH,5.88,5.84,6.12,5.81,180235,106782970.0,5.29,-0.34,-0.02,1.1
994,2014-06-13,601369SH,5.79,5.8,5.85,5.71,120593,69648987.0,2.4,-0.68,-0.04,0.74
995,2014-06-16,601369SH,5.8,5.91,6.02,5.76,151655,89176440.0,4.48,1.9,0.11,0.93
996,2014-06-17,601369SH,5.86,5.85,5.97,5.81,134979,79534519.0,2.71,-1.02,-0.06,0.82
997,2014-06-18,601369SH,5.84,5.66,5.88,5.6,118452,67395067.0,4.79,-3.25,-0.19,0.72
998,2014-06-19,601369SH,5.62,5.49,5.66,5.47,62861,35040610.0,3.36,-3.0,-0.17,0.38
999,2014-06-20,601369SH,5.51,5.51,5.54,5.46,36538,20095540.0,1.46,0.36,0.02,0.22
1000,2014-06-23,601369SH,5.54,5.52,5.57,5.51,29234,16157778.0,1.09,0.18,0.01,0.18
1001,2014-06-24,601369SH,5.52,5.53,5.55,5.47,38089,21005844.0,1.45,0.18,0.01,0.23
1002,2014-06-25,601369SH,5.52,5.46,5.52,5.43,35658,19486571.0,1.63,-1.27,-0.07,0.22
1003,2014-06-26,601369SH,5.47,5.52,5.54,5.44,50954,28039475.0,1.83,1.1,0.06,0.31
1004,2014-06-27,601369SH,5.53,5.57,5.59,5.5,44422,24687699.0,1.63,0.91,0.05,0.27
1005,2014-06-30,601369SH,5.56,5.61,5.64,5.54,42142,23652394.0,1.8,0.72,0.04,0.26
1006,2014-07-01,601369SH,5.62,5.62,5.66,5.58,35600,19969223.0,1.43,0.18,0.01,0.22
1007,2014-07-02,601369SH,5.65,5.63,5.65,5.58,40513,22745174.0,1.25,0.18,0.01,0.25
1008,2014-07-03,601369SH,5.63,5.63,5.66,5.6,46720,26295776.0,1.07,0.0,0.0,0.29
1009,2014-07-04,601369SH,5.62,5.61,5.65,5.6,36371,20463684.0,0.89,-0.36,-0.02,0.22
1010,2014-07-07,601369SH,5.73,5.69,5.8,5.66,76756,43890746.0,2.5,1.43,0.08,0.47
1011,2014-07-08,601369SH,5.66,5.68,5.69,5.61,46102,26031886.0,1.41,-0.18,-0.01,0.28
1012,2014-07-09,601369SH,5.67,5.56,5.68,5.55,45576,25584279.0,2.29,-2.11,-0.12,0.28
1013,2014-07-10,601369SH,5.58,5.57,5.61,5.53,39355,21878431.0,1.44,0.18,0.01,0.24
1014,2014-07-11,601369SH,5.57,5.62,5.63,5.53,34032,19042515.0,1.8,0.9,0.05,0.21
1015,2014-07-14,601369SH,5.64,5.7,5.71,5.59,51512,29075222.0,2.14,1.42,0.08,0.31
1016,2014-07-15,601369SH,5.67,5.71,5.76,5.66,101281,57917327.0,1.75,0.18,0.01,0.62
1017,2014-07-16,601369SH,5.74,5.74,5.81,5.71,77704,44743045.0,1.75,0.53,0.03,0.47
1018,2014-07-17,601369SH,5.76,5.69,5.76,5.64,54355,30982109.0,2.09,-0.87,-0.05,0.33
1019,2014-07-18,601369SH,5.69,5.71,5.77,5.68,58162,33355677.0,1.58,0.35,0.02,0.35
1020,2014-07-21,601369SH,5.7,5.74,5.75,5.68,41358,23672905.0,1.23,0.53,0.03,0.25
1021,2014-07-22,601369SH,5.73,5.76,5.79,5.69,66663,38394194.0,1.74,0.35,0.02,0.41
1022,2014-07-23,601369SH,5.77,5.77,5.81,5.76,66306,38396752.0,0.87,0.17,0.01,0.4
1023,2014-07-24,601369SH,5.79,5.92,5.96,5.77,193170,113477945.0,3.29,2.6,0.15,1.18
1024,2014-07-25,601369SH,5.92,5.93,5.94,5.86,85952,50765428.0,1.35,0.17,0.01,0.52
1025,2014-07-28,601369SH,5.92,6.06,6.09,5.91,144432,86781842.0,3.04,2.19,0.13,0.88
1026,2014-07-29,601369SH,6.06,6.05,6.09,6.0,100143,60515651.0,1.49,-0.17,-0.01,0.61
1027,2014-07-30,601369SH,6.04,6.05,6.06,5.99,79779,48069099.0,1.16,0.0,0.0,0.49
1028,2014-07-31,601369SH,6.05,6.07,6.1,6.02,57815,34998941.0,1.32,0.33,0.02,0.35
1029,2014-08-01,601369SH,6.06,6.0,6.16,5.99,86288,52470366.0,2.8,-1.15,-0.07,0.53
1030,2014-08-04,601369SH,6.0,6.08,6.08,5.97,68136,41122694.0,1.83,1.33,0.08,0.42
1031,2014-08-05,601369SH,6.08,6.17,6.2,6.06,103502,63388052.0,2.3,1.48,0.09,0.63
1032,2014-08-06,601369SH,6.15,6.18,6.21,6.1,68148,41927187.0,1.78,0.16,0.01,0.42
1033,2014-08-07,601369SH,6.18,6.06,6.18,6.05,62859,38398981.0,2.1,-1.94,-0.12,0.38
1034,2014-08-08,601369SH,6.06,6.08,6.11,6.02,47027,28489677.0,1.49,0.33,0.02,0.29
1035,2014-08-11,601369SH,6.08,6.16,6.16,6.06,52314,32046339.0,1.64,1.32,0.08,0.32
1036,2014-08-12,601369SH,6.16,6.12,6.16,6.09,49642,30361721.0,1.14,-0.65,-0.04,0.3
1037,2014-08-13,601369SH,6.12,5.96,6.15,5.92,226838,136015336.0,3.76,-2.61,-0.16,1.38
1038,2014-08-14,601369SH,5.96,5.97,6.03,5.93,101519,60821803.0,1.68,0.17,0.01,0.62
1039,2014-08-15,601369SH,5.97,6.1,6.11,5.95,122609,74155750.0,2.68,2.18,0.13,0.75
1040,2014-08-18,601369SH,6.13,6.27,6.29,6.13,132427,82437898.0,2.62,2.79,0.17,0.81
1041,2014-08-19,601369SH,6.28,6.24,6.3,6.18,82185,51159779.0,1.91,-0.48,-0.03,0.5
1042,2014-08-20,601369SH,6.23,6.28,6.34,6.21,161343,101077246.0,2.08,0.64,0.04,0.98
1043,2014-08-21,601369SH,6.24,6.19,6.25,6.14,80987,50095814.0,1.75,-1.43,-0.09,0.49
1044,2014-08-22,601369SH,6.18,6.22,6.23,6.15,63789,39538241.0,1.29,0.48,0.03,0.39
1045,2014-08-25,601369SH,6.15,6.07,6.15,6.04,130457,79514196.0,1.77,-2.41,-0.15,0.8
1046,2014-08-26,601369SH,6.04,5.96,6.11,5.94,76656,46042226.0,2.8,-1.81,-0.11,0.47
1047,2014-08-27,601369SH,5.94,5.98,6.01,5.94,43934,26232300.0,1.17,0.34,0.02,0.27
1048,2014-08-28,601369SH,5.99,5.9,6.02,5.9,51260,30537277.0,2.01,-1.34,-0.08,0.31
1049,2014-08-29,601369SH,5.9,5.97,5.98,5.88,37688,22388462.0,1.69,1.19,0.07,0.23
1050,2014-09-01,601369SH,5.95,6.04,6.05,5.94,46243,27794336.0,1.84,1.17,0.07,0.28
1051,2014-09-02,601369SH,6.05,6.12,6.12,6.04,80369,48875230.0,1.32,1.32,0.08,0.49
1052,2014-09-03,601369SH,6.12,6.16,6.18,6.12,84761,52126486.0,0.98,0.65,0.04,0.52
1053,2014-09-04,601369SH,6.17,6.17,6.18,6.12,101350,62382138.0,0.97,0.16,0.01,0.62
1054,2014-09-05,601369SH,6.18,6.28,6.29,6.16,143142,88920912.0,2.11,1.78,0.11,0.87
1055,2014-09-09,601369SH,6.28,6.31,6.38,6.26,152928,96479203.0,1.91,0.48,0.03,0.93
1056,2014-09-10,601369SH,6.29,6.27,6.29,6.2,84166,52629630.0,1.43,-0.63,-0.04,0.51
1057,2014-09-11,601369SH,6.26,6.26,6.37,6.21,140916,88707036.0,2.55,-0.16,-0.01,0.86
1058,2014-09-12,601369SH,6.24,6.45,6.48,6.23,190509,121383275.0,3.99,3.04,0.19,1.16
1059,2014-09-15,601369SH,6.44,6.57,6.63,6.4,182888,119569469.0,3.57,1.86,0.12,1.12
1060,2014-09-16,601369SH,6.54,6.31,6.6,6.3,202825,130751007.0,4.57,-3.96,-0.26,1.24
1061,2014-09-17,601369SH,6.33,6.45,6.46,6.26,116633,74333186.0,3.17,2.22,0.14,0.71
1062,2014-09-18,601369SH,6.41,6.5,6.58,6.4,119315,77447851.0,2.79,0.78,0.05,0.73
1063,2014-09-19,601369SH,6.5,6.51,6.56,6.41,109155,70783687.0,2.31,0.15,0.01,0.67
1064,2014-09-22,601369SH,6.54,6.64,6.69,6.51,211148,139230750.0,2.76,2.0,0.13,1.29
1065,2014-09-23,601369SH,6.61,6.73,6.76,6.61,192392,128765049.0,2.26,1.36,0.09,1.17
1066,2014-09-24,601369SH,6.76,6.73,6.81,6.68,216591,146079144.0,1.93,0.0,0.0,1.32
1067,2014-09-25,601369SH,6.73,6.89,7.07,6.7,291601,201162138.0,5.5,2.38,0.16,1.78
1068,2014-09-26,601369SH,6.81,6.91,7.13,6.81,201535,140539660.0,4.64,0.29,0.02,1.23
1069,2014-09-29,601369SH,6.96,6.97,7.07,6.87,150652,104660300.0,2.89,0.87,0.06,0.92
1070,2014-09-30,601369SH,7.0,6.92,7.02,6.88,107675,74646902.0,2.01,-0.72,-0.05,0.66
1071,2014-10-08,601369SH,6.93,6.95,6.97,6.78,141757,97691497.0,2.75,0.43,0.03,0.87
1072,2014-10-09,601369SH,6.94,7.02,7.1,6.88,186895,130855481.0,3.17,1.01,0.07,1.14
1073,2014-10-10,601369SH,6.98,6.97,7.01,6.91,103710,72144424.0,1.42,-0.71,-0.05,0.63
1074,2014-10-13,601369SH,6.96,6.89,6.96,6.73,144472,99006347.0,3.3,-1.15,-0.08,0.88
1075,2014-10-14,601369SH,6.9,6.84,6.94,6.73,136878,93586071.0,3.05,-0.73,-0.05,0.84
1076,2014-10-15,601369SH,6.84,6.82,6.87,6.7,129464,87842528.0,2.49,-0.29,-0.02,0.79
1077,2014-10-16,601369SH,6.8,6.77,6.92,6.73,112811,77292324.0,2.79,-0.73,-0.05,0.69
1078,2014-10-17,601369SH,6.77,6.91,6.93,6.63,145646,99155634.0,4.43,2.07,0.14,0.89
1079,2014-10-20,601369SH,6.94,6.87,6.98,6.84,108215,74586563.0,2.03,-0.58,-0.04,0.66
1080,2014-10-21,601369SH,6.87,6.73,6.95,6.7,104451,71467027.0,3.64,-2.04,-0.14,0.64
1081,2014-10-22,601369SH,6.73,6.64,6.79,6.59,87440,58461124.0,2.97,-1.34,-0.09,0.53
1082,2014-10-23,601369SH,6.59,6.51,6.65,6.46,87731,57237535.0,2.86,-1.96,-0.13,0.54
1083,2014-10-24,601369SH,6.55,6.4,6.56,6.38,90895,58770745.0,2.76,-1.69,-0.11,0.55
1084,2014-10-27,601369SH,6.35,6.47,6.52,6.32,63445,40880792.0,3.13,1.09,0.07,0.39
1085,2014-10-28,601369SH,6.56,6.67,6.68,6.48,92627,61264396.0,3.09,3.09,0.2,0.57
1086,2014-10-29,601369SH,6.65,6.79,6.88,6.65,140444,95157388.0,3.45,1.8,0.12,0.86
1087,2014-10-30,601369SH,6.79,6.8,6.9,6.74,114022,77555800.0,2.36,0.15,0.01,0.7
1088,2014-10-31,601369SH,6.8,6.91,6.98,6.77,186676,128476662.0,3.09,1.62,0.11,1.14
1089,2014-11-03,601369SH,6.94,6.89,6.98,6.84,132847,91725004.0,2.03,-0.29,-0.02,0.81
1090,2014-11-04,601369SH,6.91,7.1,7.1,6.87,299755,210846987.0,3.34,3.05,0.21,1.83
1091,2014-11-05,601369SH,7.12,7.23,7.52,7.12,399495,292360912.0,5.63,1.83,0.13,2.44
1092,2014-11-06,601369SH,7.18,7.32,7.37,7.12,226434,164033941.0,3.46,1.24,0.09,1.38
1093,2014-11-07,601369SH,7.28,7.27,7.6,7.19,325106,239770168.0,5.6,-0.68,-0.05,1.98
1094,2014-11-10,601369SH,7.28,7.52,7.55,7.21,324545,240405501.0,4.68,3.44,0.25,1.98
1095,2014-11-11,601369SH,7.55,7.13,7.55,7.05,308451,224745994.0,6.65,-5.19,-0.39,1.88
1096,2014-11-12,601369SH,7.14,7.2,7.23,7.05,131150,93650940.0,2.52,0.98,0.07,0.8
1097,2014-11-13,601369SH,7.2,7.04,7.3,7.01,172209,122780160.0,4.03,-2.22,-0.16,1.05
1098,2014-11-14,601369SH,7.0,6.97,7.13,6.93,129525,90916196.0,2.84,-0.99,-0.07,0.79
1099,2014-11-17,601369SH,7.0,7.09,7.17,6.9,108778,77087967.0,3.87,1.72,0.12,0.66
1100,2014-11-18,601369SH,7.09,7.17,7.22,7.03,118747,84822898.0,2.68,1.13,0.08,0.72
1101,2014-11-19,601369SH,7.18,7.2,7.27,7.13,114414,82528676.0,1.95,0.42,0.03,0.7
1102,2014-11-20,601369SH,7.18,7.1,7.18,7.07,92597,65835022.0,1.53,-1.39,-0.1,0.57
1103,2014-11-21,601369SH,7.07,7.17,7.19,7.06,85778,61099538.0,1.83,0.99,0.07,0.52
1104,2014-11-24,601369SH,7.2,7.3,7.36,7.15,228481,165770033.0,2.93,1.81,0.13,1.39
1105,2014-11-25,601369SH,7.28,7.44,7.53,7.25,211123,155958062.0,3.84,1.92,0.14,1.29
1106,2014-11-26,601369SH,7.44,7.44,7.47,7.29,187123,137891568.0,2.42,0.0,0.0,1.14
1107,2014-11-27,601369SH,7.41,7.42,7.5,7.34,179845,133214883.0,2.15,-0.27,-0.02,1.1
1108,2014-11-28,601369SH,7.44,7.59,7.78,7.31,344447,260960177.0,6.33,2.29,0.17,2.1
1109,2014-12-01,601369SH,7.56,7.66,7.83,7.5,249352,190847510.0,4.35,0.92,0.07,1.52
1110,2014-12-02,601369SH,7.65,7.67,7.75,7.57,191718,146882651.0,2.35,0.13,0.01,1.17
1111,2014-12-03,601369SH,7.67,7.57,7.74,7.48,300395,228379315.0,3.39,-1.3,-0.1,1.83
1112,2014-12-04,601369SH,7.53,7.78,7.85,7.53,297479,228938415.0,4.23,2.77,0.21,1.82
1113,2014-12-05,601369SH,7.77,7.55,8.03,7.31,346077,265959949.0,9.25,-2.96,-0.23,2.11
1114,2014-12-08,601369SH,7.45,7.88,7.93,7.39,335527,257251342.0,7.15,4.37,0.33,2.05
1115,2014-12-09,601369SH,8.28,8.56,8.67,8.28,672307,577705088.0,4.95,8.63,0.68,4.1
1116,2014-12-10,601369SH,8.5,9.07,9.23,8.41,805405,712637200.0,9.58,5.96,0.51,4.91
1117,2014-12-11,601369SH,8.85,8.83,9.07,8.68,396406,350525360.0,4.3,-2.65,-0.24,2.42
1118,2014-12-12,601369SH,8.8,8.86,8.94,8.7,228633,201796812.0,2.72,0.34,0.03,1.4
1119,2014-12-15,601369SH,8.76,8.72,8.85,8.6,256156,222391032.0,2.82,-1.58,-0.14,1.56
1120,2014-12-16,601369SH,8.7,8.8,9.08,8.65,291209,259085010.0,4.93,0.92,0.08,1.78
1121,2014-12-17,601369SH,8.76,8.61,8.78,8.5,198870,171746966.0,3.18,-2.16,-0.19,1.21
1122,2014-12-18,601369SH,8.63,9.0,9.19,8.63,336893,300927728.0,6.5,4.53,0.39,2.06
1123,2014-12-19,601369SH,8.93,9.29,9.46,8.7,411772,374318320.0,8.44,3.22,0.29,2.51
1124,2014-12-22,601369SH,9.26,9.01,9.65,8.78,352189,323352992.0,9.36,-3.01,-0.28,2.15
1125,2014-12-23,601369SH,8.93,8.44,8.93,8.11,218244,187950764.0,9.1,-6.33,-0.57,1.33
1126,2014-12-24,601369SH,8.43,8.53,8.59,8.32,152634,128858383.0,3.2,1.07,0.09,0.93
1127,2014-12-25,601369SH,8.58,8.92,9.13,8.57,211506,187670985.0,6.57,4.57,0.39,1.29
1128,2014-12-26,601369SH,8.99,8.98,9.24,8.92,217038,196744349.0,3.59,0.67,0.06,1.32
1129,2014-12-29,601369SH,8.91,8.98,9.29,8.81,234497,211657752.0,5.35,0.0,0.0,1.43
1130,2014-12-30,601369SH,8.88,8.63,8.99,8.57,177757,154992086.0,4.68,-3.9,-0.35,1.08
1131,2014-12-31,601369SH,8.58,8.7,8.88,8.5,119724,104269756.0,4.4,0.81,0.07,0.73
1132,2015-01-05,601369SH,8.69,9.18,9.21,8.6,304684,274673424.0,7.01,5.52,0.48,1.86
1133,2015-01-06,601369SH,9.1,9.23,9.26,8.96,208491,189673874.0,3.27,0.54,0.05,1.27
1134,2015-01-07,601369SH,9.25,9.78,9.9,9.14,456938,435681632.0,8.23,5.96,0.55,2.79
1135,2015-01-08,601369SH,9.6,9.37,9.72,9.35,252561,240355117.0,3.78,-4.19,-0.41,1.54
1136,2015-01-09,601369SH,9.38,9.1,9.52,9.03,233912,218383048.0,5.23,-2.88,-0.27,1.43
1137,2015-01-12,601369SH,9.08,8.85,9.08,8.63,166070,146611142.0,4.95,-2.75,-0.25,1.01
1138,2015-01-13,601369SH,8.8,8.87,8.93,8.7,101702,89678224.0,2.6,0.23,0.02,0.62
1139,2015-01-14,601369SH,8.82,8.5,8.9,8.36,171357,147678933.0,6.09,-4.17,-0.37,1.05
1140,2015-01-15,601369SH,8.57,8.77,8.78,8.42,117234,101178460.0,4.24,3.18,0.27,0.72
1141,2015-01-16,601369SH,8.89,8.72,8.98,8.68,140821,124260417.0,3.42,-0.57,-0.05,0.86
1142,2015-01-19,601369SH,8.4,8.12,8.53,7.88,287199,236511726.0,7.45,-6.88,-0.6,1.75
1143,2015-01-20,601369SH,8.12,8.31,8.39,8.12,124384,102817612.0,3.33,2.34,0.19,0.76
1144,2015-01-21,601369SH,8.37,8.56,8.61,8.2,156528,132976134.0,4.93,3.01,0.25,0.96
1145,2015-01-22,601369SH,8.58,8.67,8.68,8.51,108378,93407306.0,1.99,1.29,0.11,0.66
1146,2015-01-23,601369SH,8.98,8.86,9.15,8.74,239516,213030512.0,4.73,2.19,0.19,1.46
1147,2015-01-26,601369SH,8.85,8.97,8.98,8.69,162889,144156313.0,3.27,1.24,0.11,0.99
1148,2015-01-27,601369SH,9.0,8.88,9.03,8.67,170755,150890525.0,4.01,-1.0,-0.09,1.04
1149,2015-01-28,601369SH,8.83,8.77,8.88,8.72,95258,83753546.0,1.8,-1.24,-0.11,0.58
1150,2015-01-29,601369SH,8.68,8.54,8.74,8.51,110977,95642021.0,2.62,-2.62,-0.23,0.68
1151,2015-01-30,601369SH,8.47,8.42,8.63,8.42,79692,67701185.0,2.46,-1.41,-0.12,0.49
1152,2015-02-02,601369SH,8.37,8.51,8.52,8.2,72984,61074787.0,3.8,1.07,0.09,0.45
1153,2015-02-03,601369SH,8.51,8.61,8.62,8.46,69956,59837478.0,1.88,1.18,0.1,0.43
1154,2015-02-04,601369SH,8.6,8.39,8.62,8.35,83073,70427904.0,3.14,-2.56,-0.22,0.51
1155,2015-02-05,601369SH,8.52,8.3,8.53,8.29,72928,61306925.0,2.86,-1.07,-0.09,0.45
1156,2015-02-06,601369SH,8.23,8.03,8.31,8.0,96843,78609758.0,3.73,-3.25,-0.27,0.59
1157,2015-02-09,601369SH,8.0,7.99,8.07,7.96,55367,44359523.0,1.37,-0.5,-0.04,0.34
1158,2015-02-10,601369SH,7.99,8.11,8.12,7.99,46510,37537237.0,1.63,1.5,0.12,0.28
1159,2015-02-11,601369SH,8.19,8.29,8.31,8.12,82231,67680244.0,2.34,2.22,0.18,0.5
1160,2015-02-12,601369SH,8.27,8.28,8.31,8.17,51835,42730991.0,1.69,-0.12,-0.01,0.32
1161,2015-02-13,601369SH,8.35,8.3,8.41,8.29,75762,63280805.0,1.45,0.24,0.02,0.46
1162,2015-02-16,601369SH,8.29,8.41,8.43,8.24,72092,60214606.0,2.29,1.33,0.11,0.44
1163,2015-02-17,601369SH,8.45,8.43,8.46,8.36,62545,52692099.0,1.19,0.24,0.02,0.38
1164,2015-02-25,601369SH,8.42,8.34,8.48,8.33,76991,64644043.0,1.78,-1.07,-0.09,0.47
1165,2015-02-26,601369SH,8.35,8.49,8.49,8.28,96296,80894248.0,2.52,1.8,0.15,0.59
1166,2015-02-27,601369SH,8.49,8.63,8.64,8.45,132920,113895617.0,2.24,1.65,0.14,0.81
1167,2015-03-02,601369SH,8.63,8.83,8.88,8.63,174271,153181008.0,2.9,2.32,0.2,1.06
1168,2015-03-03,601369SH,8.84,8.75,8.95,8.74,202211,179145403.0,2.38,-0.91,-0.08,1.23
1169,2015-03-04,601369SH,8.75,8.84,8.91,8.74,131576,116151618.0,1.94,1.03,0.09,0.8
1170,2015-03-05,601369SH,8.87,8.85,8.95,8.75,135789,120358084.0,2.26,0.11,0.01,0.83
1171,2015-03-06,601369SH,8.83,8.66,8.85,8.58,106656,92683752.0,3.05,-2.15,-0.19,0.65
1172,2015-03-09,601369SH,8.65,9.1,9.15,8.55,269142,241330803.0,6.93,5.08,0.44,1.64
1173,2015-03-10,601369SH,9.04,9.11,9.22,9.02,192268,175600170.0,2.2,0.11,0.01,1.17
1174,2015-03-11,601369SH,9.1,9.05,9.14,8.94,122951,111308420.0,2.2,-0.66,-0.06,0.75
1175,2015-03-12,601369SH,9.08,9.11,9.22,9.01,141669,129195952.0,2.32,0.66,0.06,0.86
1176,2015-03-13,601369SH,9.19,9.25,9.28,9.11,130250,119609256.0,1.87,1.54,0.14,0.79
1177,2015-03-16,601369SH,9.27,9.4,9.45,9.27,194910,182544873.0,1.95,1.62,0.15,1.19
1178,2015-03-17,601369SH,9.4,9.38,9.49,9.28,234030,219197166.0,2.23,-0.21,-0.02,1.43
1179,2015-03-18,601369SH,9.38,9.66,9.66,9.32,258671,246522508.0,3.62,2.99,0.28,1.58
1180,2015-03-19,601369SH,9.66,9.88,9.9,9.59,259531,252011414.0,3.21,2.28,0.22,1.58
1181,2015-03-20,601369SH,9.88,9.79,10.05,9.72,231812,229073118.0,3.34,-0.91,-0.09,1.41
1182,2015-03-23,601369SH,9.9,10.01,10.11,9.81,216706,215797787.0,3.06,2.25,0.22,1.32
1183,2015-03-24,601369SH,10.0,9.82,10.01,9.53,312369,305252656.0,4.8,-1.9,-0.19,1.91
1184,2015-03-25,601369SH,9.75,9.98,10.0,9.61,269740,263823683.0,3.97,1.63,0.16,1.65
1185,2015-03-26,601369SH,9.94,9.93,10.19,9.82,251991,252046491.0,3.71,-0.5,-0.05,1.54
1186,2015-03-27,601369SH,9.95,9.84,10.03,9.7,182803,180205529.0,3.32,-0.91,-0.09,1.12
1187,2015-03-30,601369SH,9.84,10.23,10.3,9.84,341579,346320288.0,4.67,3.96,0.39,2.08
1188,2015-03-31,601369SH,10.23,10.03,10.3,9.99,228271,231066991.0,3.03,-1.96,-0.2,1.39
1189,2015-04-01,601369SH,10.05,10.15,10.23,10.03,172869,175485886.0,1.99,1.2,0.12,1.05
1190,2015-04-02,601369SH,10.35,10.71,10.88,10.35,373898,398929968.0,5.22,5.52,0.56,2.28
1191,2015-04-03,601369SH,10.63,10.78,10.86,10.52,292767,313373232.0,3.17,0.65,0.07,1.79
1192,2015-04-07,601369SH,10.8,10.86,10.96,10.71,276678,299021904.0,2.32,0.74,0.08,1.69
1193,2015-04-08,601369SH,10.86,10.58,10.9,10.48,267985,285140992.0,3.87,-2.58,-0.28,1.64
1194,2015-04-09,601369SH,10.58,10.16,10.62,9.91,266313,271972688.0,6.71,-3.97,-0.42,1.63
1195,2015-04-10,601369SH,10.17,10.69,10.78,10.12,235109,246449527.0,6.5,5.22,0.53,1.43
1196,2015-04-13,601369SH,10.69,10.89,10.95,10.54,245581,263922934.0,3.84,1.87,0.2,1.5
1197,2015-04-14,601369SH,10.9,11.32,11.87,10.78,361524,411739904.0,10.01,3.95,0.43,2.21
1198,2015-04-15,601369SH,11.31,10.88,11.47,10.77,302860,333453120.0,6.18,-3.89,-0.44,1.85
1199,2015-04-16,601369SH,10.89,11.46,11.65,10.78,342475,387604704.0,8.0,5.33,0.58,2.09
1200,2015-04-17,601369SH,11.66,11.48,11.89,11.43,447182,521604944.0,4.01,0.17,0.02,2.73
1201,2015-04-20,601369SH,11.28,10.99,11.4,10.95,365830,408050896.0,3.92,-4.27,-0.49,2.23
1202,2015-04-21,601369SH,11.0,11.29,11.3,10.92,209473,232978377.0,3.46,2.73,0.3,1.28
1203,2015-04-22,601369SH,11.38,11.78,11.82,11.36,340734,397874768.0,4.07,4.34,0.49,2.08
1204,2015-04-23,601369SH,11.88,11.91,12.29,11.68,436230,523662656.0,5.18,1.1,0.13,2.66
1205,2015-04-24,601369SH,11.7,11.93,12.06,11.53,299097,352860960.0,4.45,0.17,0.02,1.83
1206,2015-04-27,601369SH,11.99,12.28,12.35,11.8,417822,505707088.0,4.61,2.93,0.35,2.55
1207,2015-04-28,601369SH,12.2,11.79,12.27,11.58,321081,382413328.0,5.62,-3.99,-0.49,1.96
1208,2015-04-29,601369SH,11.68,12.19,12.2,11.61,253166,304186720.0,5.0,3.39,0.4,1.54
1209,2015-04-30,601369SH,12.07,11.52,12.07,11.5,245663,287856704.0,4.68,-5.5,-0.67,1.5
1210,2015-05-04,601369SH,11.51,11.56,11.57,11.11,220379,250633499.0,3.99,0.35,0.04,1.34
1211,2015-05-05,601369SH,11.51,10.8,11.56,10.72,283519,314215888.0,7.27,-6.57,-0.76,1.73
1212,2015-05-06,601369SH,10.83,10.33,11.05,10.2,269755,289924592.0,7.87,-4.35,-0.47,1.65
1213,2015-05-07,601369SH,10.32,10.35,10.48,10.22,163074,168731977.0,2.52,0.19,0.02,1.0
1214,2015-05-08,601369SH,10.59,10.58,10.68,10.38,136995,144016736.0,2.9,2.22,0.23,0.84
1215,2015-05-11,601369SH,10.65,11.04,11.06,10.61,226153,246739210.0,4.25,4.35,0.46,1.38
1216,2015-05-12,601369SH,11.05,11.17,11.35,11.01,233035,260751030.0,3.08,1.18,0.13,1.42
1217,2015-05-13,601369SH,11.09,11.26,11.34,10.88,258472,285102992.0,4.12,0.81,0.09,1.58
1218,2015-05-14,601369SH,11.24,11.33,11.5,11.09,215781,243515024.0,3.64,0.62,0.07,1.32
1219,2015-05-15,601369SH,11.27,11.49,11.64,11.1,301831,344517392.0,4.77,1.41,0.16,1.84
1220,2015-05-18,601369SH,11.5,11.39,11.6,11.28,226134,258361013.0,2.79,-0.87,-0.1,1.38
1221,2015-05-19,601369SH,11.39,11.77,11.79,11.28,324076,374884864.0,4.48,3.34,0.38,1.98
1222,2015-05-20,601369SH,11.88,12.19,12.58,11.81,464432,571250016.0,6.54,3.57,0.42,2.83
1223,2015-05-21,601369SH,12.29,12.88,13.0,12.24,364014,461541488.0,6.23,5.66,0.69,2.22
1224,2015-05-22,601369SH,13.12,12.97,13.27,12.6,379344,487120736.0,5.2,0.7,0.09,2.31
1225,2015-05-25,601369SH,12.97,13.2,13.27,12.73,376745,492407728.0,4.16,1.77,0.23,2.3
1226,2015-05-26,601369SH,13.29,13.48,13.6,12.96,389548,519072592.0,4.85,2.12,0.28,2.38
1227,2015-05-27,601369SH,13.38,13.25,13.38,12.95,394786,519748688.0,3.19,-1.71,-0.23,2.41
1228,2015-05-28,601369SH,13.16,12.03,13.53,11.99,444199,575002640.0,11.62,-9.21,-1.22,2.71
1229,2015-05-29,601369SH,12.0,12.08,12.36,11.5,291877,349558800.0,7.15,0.42,0.05,1.78
1230,2015-06-01,601369SH,12.19,13.29,13.29,12.19,324936,417890960.0,9.11,10.02,1.21,1.98
1231,2015-06-02,601369SH,13.6,14.02,14.18,13.51,444649,617604352.0,5.04,5.49,0.73,2.71
1232,2015-06-03,601369SH,14.0,13.73,14.0,13.45,309587,425424672.0,3.92,-2.07,-0.29,1.89
1233,2015-06-04,601369SH,13.75,14.99,15.05,13.01,491792,705875488.0,14.86,9.18,1.26,3.0
1234,2015-06-05,601369SH,15.65,15.12,15.77,14.5,537616,818832160.0,8.47,0.87,0.13,3.28
1235,2015-06-08,601369SH,15.1,14.92,15.12,14.7,317778,472517776.0,2.78,-1.32,-0.2,1.94
1236,2015-06-09,601369SH,14.95,15.73,15.97,14.76,451498,687860064.0,8.11,5.43,0.81,2.76
1237,2015-06-10,601369SH,15.4,15.28,15.56,15.01,332831,511131040.0,3.5,-2.86,-0.45,2.03
1238,2015-06-11,601369SH,15.15,15.15,15.28,14.82,281676,423137584.0,3.01,-0.85,-0.13,1.72
1239,2015-06-12,601369SH,15.21,15.39,15.79,15.21,371148,576707344.0,3.83,1.58,0.24,2.26
1240,2015-06-15,601369SH,15.41,15.79,16.26,15.31,432329,683626576.0,6.17,2.6,0.4,2.64
1241,2015-06-16,601369SH,15.46,14.66,15.57,14.56,349679,528278208.0,6.4,-7.16,-1.13,2.13
1242,2015-06-17,601369SH,14.6,15.05,15.13,14.1,276741,403021088.0,7.03,2.66,0.39,1.69
1243,2015-06-18,601369SH,14.99,14.65,15.6,14.58,248303,376218976.0,6.78,-2.66,-0.4,1.52
1244,2015-06-19,601369SH,14.2,13.19,14.6,13.19,273595,377723968.0,9.62,-9.97,-1.46,1.67
1245,2015-06-23,601369SH,12.81,13.38,13.55,12.08,246638,317514736.0,11.14,1.44,0.19,1.51
1246,2015-06-24,601369SH,13.5,13.55,13.78,13.04,283094,381528160.0,5.53,1.27,0.17,1.73
1247,2015-06-25,601369SH,13.73,13.3,14.2,13.15,305556,420190848.0,7.75,-1.85,-0.25,1.86
1248,2015-06-26,601369SH,12.9,11.97,12.95,11.97,313830,388011216.0,7.37,-10.0,-1.33,1.92
1249,2015-06-29,601369SH,12.4,10.92,12.51,10.77,358907,411320384.0,14.54,-8.77,-1.05,2.19
1250,2015-06-30,601369SH,10.92,11.71,11.84,9.97,323406,353972192.0,17.12,7.23,0.79,1.97
1251,2015-07-01,601369SH,11.5,10.7,12.09,10.54,281256,326162720.0,13.24,-8.63,-1.01,1.72
1252,2015-07-02,601369SH,10.95,9.66,11.12,9.63,351526,360001680.0,13.93,-9.72,-1.04,2.15
1253,2015-07-03,601369SH,9.32,8.69,10.0,8.69,368959,333879824.0,13.56,-10.04,-0.97,2.25
1254,2015-07-06,601369SH,9.56,8.91,9.56,7.83,457871,398113200.0,19.91,2.53,0.22,2.79
1255,2015-07-07,601369SH,8.44,8.02,8.66,8.02,309948,252883351.0,7.18,-9.99,-0.89,1.89
1256,2015-07-08,601369SH,7.22,7.6,7.98,7.22,886898,668684608.0,9.48,-5.24,-0.42,5.41
1257,2015-07-09,601369SH,7.65,8.36,8.36,7.65,237265,194336940.0,9.34,10.0,0.76,1.45
1258,2015-07-10,601369SH,8.73,9.2,9.2,8.42,165822,150743693.0,9.33,10.05,0.84,1.01
1259,2015-07-13,601369SH,9.64,10.12,10.12,9.57,457110,452911552.0,5.98,10.0,0.92,2.79
1260,2015-07-14,601369SH,10.09,9.89,10.65,9.7,457455,463184400.0,9.39,-2.27,-0.23,2.79
1261,2015-07-15,601369SH,9.78,8.9,9.78,8.9,286166,263474399.0,8.9,-10.01,-0.99,1.75
1262,2015-07-16,601369SH,8.9,9.31,9.65,8.45,270960,248587670.0,13.48,4.61,0.41,1.65
1263,2015-07-17,601369SH,9.37,9.94,10.06,9.35,289415,283267280.0,7.63,6.77,0.63,1.77
1264,2015-07-20,601369SH,9.94,9.96,10.34,9.7,297362,297291600.0,6.44,0.2,0.02,1.81
1265,2015-07-21,601369SH,9.77,10.15,10.22,9.7,240806,241193805.0,5.22,1.91,0.19,1.47
1266,2015-07-22,601369SH,10.34,10.17,10.38,9.9,261401,266232106.0,4.73,0.2,0.02,1.6
1267,2015-07-23,601369SH,10.15,10.41,10.49,10.05,310231,319195072.0,4.33,2.36,0.24,1.89
1268,2015-07-24,601369SH,10.48,10.03,10.55,9.83,353257,362438608.0,6.92,-3.65,-0.38,2.16
1269,2015-07-27,601369SH,9.81,9.03,10.17,9.03,248707,241685961.0,11.37,-9.97,-1.0,1.52
1270,2015-07-28,601369SH,8.84,9.26,9.49,8.37,330440,296857344.0,12.4,2.55,0.23,2.02
1271,2015-07-29,601369SH,9.35,9.81,9.85,9.07,200415,187527030.0,8.42,5.94,0.55,1.22
1272,2015-07-30,601369SH,9.79,9.32,9.99,9.22,198503,193354933.0,7.85,-4.99,-0.49,1.21
1273,2015-07-31,601369SH,9.28,9.38,9.49,9.15,142088,132286542.0,3.65,0.64,0.06,0.87
1274,2015-08-03,601369SH,9.21,9.78,9.8,9.19,169743,159108331.0,6.5,4.26,0.4,1.04
1275,2015-08-04,601369SH,9.75,10.25,10.27,9.73,232328,233257757.0,5.52,4.81,0.47,1.42
1276,2015-08-05,601369SH,10.2,9.98,10.41,9.89,185370,187946492.0,5.07,-2.63,-0.27,1.13
1277,2015-08-06,601369SH,9.71,9.7,9.98,9.6,126172,123677442.0,3.81,-2.81,-0.28,0.77
1278,2015-08-07,601369SH,9.75,10.04,10.16,9.75,146883,147002967.0,4.23,3.51,0.34,0.9
1279,2015-08-10,601369SH,10.14,10.52,10.66,10.05,263422,273735552.0,6.08,4.78,0.48,1.61
1280,2015-08-11,601369SH,10.49,10.6,10.8,10.36,256086,271044928.0,4.18,0.76,0.08,1.56
1281,2015-08-12,601369SH,10.4,10.32,10.79,10.26,205916,216547181.0,5.0,-2.64,-0.28,1.26
1282,2015-08-13,601369SH,10.41,10.62,10.64,10.24,184714,193850501.0,3.88,2.91,0.3,1.13
1283,2015-08-14,601369SH,10.82,10.68,10.98,10.61,227717,245179331.0,3.48,0.56,0.06,1.39
1284,2015-08-17,601369SH,10.67,11.2,11.24,10.6,256700,281625456.0,5.99,4.87,0.52,1.57
1285,2015-08-18,601369SH,11.23,10.08,11.55,10.08,320820,348975920.0,13.13,-10.0,-1.12,1.96
1286,2015-08-19,601369SH,9.6,10.34,10.39,9.21,210663,207820164.0,11.71,2.58,0.26,1.29
1287,2015-08-20,601369SH,10.08,9.75,10.38,9.74,147048,148544410.0,6.19,-5.71,-0.59,0.9
1288,2015-08-21,601369SH,9.51,8.89,9.71,8.88,204959,189492558.0,8.51,-8.82,-0.86,1.25
1289,2015-08-24,601369SH,8.41,8.0,8.6,8.0,165855,134307899.0,6.75,-10.01,-0.89,1.01
1290,2015-08-25,601369SH,7.22,7.25,7.45,7.2,295397,213677975.0,3.13,-9.38,-0.75,1.8
1291,2015-08-26,601369SH,7.54,7.27,7.77,6.96,209893,156434685.0,11.17,0.28,0.02,1.28
1292,2015-08-27,601369SH,7.5,7.74,7.88,7.18,170015,126598594.0,9.63,6.46,0.47,1.04
1293,2015-08-28,601369SH,7.9,8.19,8.26,7.67,197622,157173073.0,7.62,5.81,0.45,1.21
1294,2015-08-31,601369SH,8.08,7.78,8.1,7.72,137885,108650152.0,4.64,-5.01,-0.41,0.84
1295,2015-09-01,601369SH,7.77,7.15,7.77,7.1,145191,106499114.0,8.61,-8.1,-0.63,0.89
1296,2015-09-02,601369SH,6.95,7.57,7.69,6.78,255344,186523943.0,12.73,5.87,0.42,1.56
1297,2015-09-07,601369SH,7.6,7.34,7.98,7.18,200250,152067246.0,10.57,-3.04,-0.23,1.22
1298,2015-09-08,601369SH,7.25,7.68,7.77,7.21,107714,80189520.0,7.63,4.63,0.34,0.66
1299,2015-09-09,601369SH,7.7,7.96,8.06,7.65,170608,134459602.0,5.34,3.65,0.28,1.04
1300,2015-09-10,601369SH,7.8,7.73,8.0,7.7,118489,92807196.0,3.77,-2.89,-0.23,0.72
1301,2015-09-11,601369SH,7.74,7.8,7.87,7.62,82450,64033242.0,3.23,0.91,0.07,0.5
1302,2015-09-14,601369SH,7.92,7.11,7.95,7.02,145137,106625527.0,11.92,-8.85,-0.69,0.89
1303,2015-09-15,601369SH,7.12,6.58,7.14,6.5,111570,76276663.0,9.0,-7.45,-0.53,0.68
1304,2015-09-16,601369SH,6.6,7.24,7.24,6.6,115694,79856537.0,9.73,10.03,0.66,0.71
1305,2015-09-17,601369SH,7.18,7.0,7.42,6.99,140224,100977594.0,5.94,-3.31,-0.24,0.86
1306,2015-09-18,601369SH,7.11,7.06,7.17,6.96,70419,49547948.0,3.0,0.86,0.06,0.43
1307,2015-09-21,601369SH,7.0,7.31,7.37,6.95,89514,64307708.0,5.95,3.54,0.25,0.55
1308,2015-09-22,601369SH,7.32,7.35,7.44,7.25,102426,75146334.0,2.6,0.55,0.04,0.63
1309,2015-09-23,601369SH,7.26,7.1,7.29,7.05,100111,71613207.0,3.27,-3.4,-0.25,0.61
1310,2015-09-24,601369SH,7.14,7.25,7.26,7.09,68573,49220402.0,2.39,2.11,0.15,0.42
1311,2015-09-25,601369SH,7.22,7.03,7.29,6.98,84252,59809672.0,4.28,-3.03,-0.22,0.51
1312,2015-09-28,601369SH,7.08,7.12,7.15,6.91,47877,33788198.0,3.41,1.28,0.09,0.29
1313,2015-09-29,601369SH,7.05,6.97,7.05,6.9,49282,34387261.0,2.11,-2.11,-0.15,0.3
1314,2015-09-30,601369SH,7.0,7.0,7.07,6.95,36831,25848469.0,1.72,0.43,0.03,0.22
1315,2015-10-08,601369SH,7.27,7.3,7.37,7.17,109772,80003011.0,2.86,4.29,0.3,0.67
1316,2015-10-09,601369SH,7.27,7.47,7.48,7.27,112374,83117864.0,2.88,2.33,0.17,0.69
1317,2015-10-12,601369SH,7.5,7.87,7.92,7.45,161590,125229879.0,6.29,5.35,0.4,0.99
1318,2015-10-13,601369SH,7.82,8.01,8.08,7.79,145942,115862143.0,3.68,1.78,0.14,0.89
1319,2015-10-14,601369SH,7.98,7.77,8.08,7.74,115124,91059437.0,4.24,-3.0,-0.24,0.7
1320,2015-10-15,601369SH,7.78,8.04,8.06,7.72,128082,101629472.0,4.38,3.47,0.27,0.78
1321,2015-10-16,601369SH,8.12,8.3,8.35,7.96,157863,127847552.0,4.85,3.23,0.26,0.96
1322,2015-10-19,601369SH,8.35,8.65,8.88,8.29,300126,256221074.0,7.11,4.22,0.35,1.83
1323,2015-10-20,601369SH,8.6,8.62,8.69,8.4,160686,137106870.0,3.35,-0.35,-0.03,0.98
1324,2015-10-21,601369SH,8.59,7.76,8.62,7.76,250215,204600582.0,9.98,-9.98,-0.86,1.53
1325,2015-10-22,601369SH,7.82,8.08,8.09,7.8,122034,97157988.0,3.74,4.12,0.32,0.74
1326,2015-10-23,601369SH,8.1,8.26,8.33,8.0,120597,98728237.0,4.08,2.23,0.18,0.74
1327,2015-10-26,601369SH,8.38,8.39,8.52,8.26,130156,109122016.0,3.15,1.57,0.13,0.79
1328,2015-10-27,601369SH,8.36,8.37,8.39,7.8,117392,96067041.0,7.03,-0.24,-0.02,0.72
1329,2015-10-28,601369SH,8.28,8.28,8.59,8.2,148678,125365619.0,4.66,-1.08,-0.09,0.91
1330,2015-10-29,601369SH,8.32,8.39,8.5,8.18,107139,89603444.0,3.86,1.33,0.11,0.65
1331,2015-10-30,601369SH,8.53,8.65,9.02,8.5,304197,266877288.0,6.2,3.1,0.26,1.86
1332,2015-11-02,601369SH,8.45,8.27,8.63,8.2,150812,127003307.0,4.97,-4.39,-0.38,0.92
1333,2015-11-03,601369SH,8.35,8.38,8.46,8.26,87143,72868495.0,2.42,1.33,0.11,0.53
1334,2015-11-04,601369SH,8.45,8.8,8.84,8.4,171302,148729805.0,5.25,5.01,0.42,1.05
1335,2015-11-05,601369SH,8.78,8.9,9.1,8.6,290529,257415160.0,5.68,1.14,0.1,1.77
1336,2015-11-06,601369SH,8.83,9.02,9.09,8.75,249920,223965374.0,3.82,1.35,0.12,1.53
1337,2015-11-09,601369SH,8.92,8.92,9.14,8.76,303183,271991152.0,4.21,-1.11,-0.1,1.85
1338,2015-11-10,601369SH,8.93,8.97,9.08,8.79,195154,175062090.0,3.25,0.56,0.05,1.19
1339,2015-11-11,601369SH,8.88,9.26,9.29,8.88,236865,216269280.0,4.57,3.23,0.29,1.45
1340,2015-11-12,601369SH,9.26,9.09,9.3,9.02,176127,161059785.0,3.02,-1.84,-0.17,1.07
1341,2015-11-13,601369SH,9.0,8.8,9.03,8.77,142673,126582866.0,2.86,-3.19,-0.29,0.87
1342,2015-11-16,601369SH,8.6,9.09,9.1,8.59,140240,124537594.0,5.8,3.3,0.29,0.86
1343,2015-11-17,601369SH,9.15,8.97,9.26,8.91,153130,139336470.0,3.85,-1.32,-0.12,0.93
1344,2015-11-18,601369SH,8.97,8.78,9.07,8.71,115532,102573833.0,4.01,-2.12,-0.19,0.7
1345,2015-11-19,601369SH,8.88,8.96,9.0,8.73,98596,87511359.0,3.08,2.05,0.18,0.6
1346,2015-11-20,601369SH,9.0,9.06,9.15,8.92,129122,116526771.0,2.57,1.12,0.1,0.79
1347,2015-11-23,601369SH,9.06,8.99,9.14,8.91,101623,91872469.0,2.54,-0.77,-0.07,0.62
1348,2015-11-24,601369SH,8.96,9.29,9.41,8.8,110050,98596578.0,6.79,3.34,0.3,0.67
1349,2015-11-25,601369SH,9.2,9.52,9.56,9.11,238341,224097349.0,4.84,2.48,0.23,1.45
1350,2015-11-26,601369SH,9.55,9.27,9.56,9.21,204575,191026187.0,3.68,-2.63,-0.25,1.25
1351,2015-11-27,601369SH,9.25,8.64,9.32,8.45,152792,137095878.0,9.39,-6.8,-0.63,0.93
1352,2015-11-30,601369SH,8.7,8.62,8.81,8.26,101704,86914093.0,6.37,-0.23,-0.02,0.62
1353,2015-12-01,601369SH,8.55,8.73,8.85,8.52,83909,72869838.0,3.83,1.28,0.11,0.51
1354,2015-12-02,601369SH,8.79,8.82,8.84,8.4,83613,72616826.0,5.04,1.03,0.09,0.51
1355,2015-12-03,601369SH,8.82,8.87,8.9,8.74,66884,59056726.0,1.81,0.57,0.05,0.41
1356,2015-12-04,601369SH,8.84,8.8,8.92,8.71,76567,67516063.0,2.37,-0.79,-0.07,0.47
1357,2015-12-07,601369SH,8.83,8.81,8.95,8.79,78043,69213109.0,1.82,0.11,0.01,0.48
1358,2015-12-08,601369SH,8.8,8.6,8.8,8.47,80785,69437213.0,3.75,-2.38,-0.21,0.49
1359,2015-12-09,601369SH,8.7,8.54,8.7,8.5,49846,42677433.0,2.33,-0.7,-0.06,0.3
1360,2015-12-10,601369SH,8.52,8.37,8.59,8.25,69876,58877182.0,3.98,-1.99,-0.17,0.43
1361,2015-12-11,601369SH,8.3,8.12,8.35,8.03,85388,70090983.0,3.82,-2.99,-0.25,0.52
1362,2015-12-14,601369SH,8.11,8.38,8.38,8.05,81116,66786067.0,4.06,3.2,0.26,0.49
1363,2015-12-15,601369SH,8.35,8.56,8.7,8.32,85534,72123834.0,4.53,2.15,0.18,0.52
1364,2015-12-16,601369SH,8.6,8.62,8.71,8.5,101749,87755368.0,2.45,0.7,0.06,0.62
1365,2015-12-17,601369SH,8.66,8.72,8.74,8.59,120011,104198495.0,1.74,1.16,0.1,0.73
1366,2015-12-18,601369SH,8.65,8.59,8.74,8.53,96215,83067200.0,2.41,-1.49,-0.13,0.59
1367,2015-12-21,601369SH,8.62,8.71,8.74,8.55,87305,75734521.0,2.21,1.4,0.12,0.53
1368,2015-12-22,601369SH,8.71,8.83,8.84,8.66,87601,76569882.0,2.07,1.38,0.12,0.53
1369,2015-12-23,601369SH,8.78,8.67,8.85,8.63,101452,88770873.0,2.49,-1.81,-0.16,0.62
1370,2015-12-24,601369SH,8.67,8.68,8.71,8.48,74377,63878949.0,2.65,0.12,0.01,0.45
1371,2015-12-25,601369SH,8.68,8.73,8.76,8.62,73690,64128967.0,1.61,0.58,0.05,0.45
1372,2015-12-28,601369SH,8.76,8.57,8.92,8.55,117366,102925815.0,4.24,-1.83,-0.16,0.72
1373,2015-12-29,601369SH,8.56,8.71,8.76,8.47,77648,66593441.0,3.38,1.63,0.14,0.47
1374,2015-12-30,601369SH,8.73,8.88,8.91,8.71,120714,106509746.0,2.3,1.95,0.17,0.74
1375,2015-12-31,601369SH,8.9,8.74,8.98,8.73,86885,77126878.0,2.82,-1.58,-0.14,0.53
1376,2016-01-04,601369SH,8.8,7.91,8.85,7.9,72870,60776771.0,10.87,-9.5,-0.83,0.44
1377,2016-01-05,601369SH,7.61,7.87,7.99,7.58,116887,90909721.0,5.18,-0.51,-0.04,0.71
1378,2016-01-06,601369SH,7.85,8.01,8.04,7.82,72468,57493801.0,2.8,1.78,0.14,0.44
1379,2016-01-07,601369SH,7.89,7.22,7.89,7.21,20146,15123906.0,8.49,-9.86,-0.79,0.12
1380,2016-01-08,601369SH,7.45,7.32,7.45,7.05,117784,86290786.0,5.54,1.39,0.1,0.72
1381,2016-01-11,601369SH,7.15,6.63,7.24,6.59,161561,111935415.0,8.88,-9.43,-0.69,0.99
1382,2016-01-12,601369SH,6.6,6.77,6.83,6.58,106053,71094231.0,3.77,2.11,0.14,0.65
1383,2016-01-13,601369SH,6.79,6.62,6.88,6.59,82355,55739134.0,4.28,-2.22,-0.15,0.5
1384,2016-01-14,601369SH,6.5,6.85,6.93,6.4,82131,54999236.0,8.01,3.47,0.23,0.5
1385,2016-01-15,601369SH,6.82,6.63,6.87,6.55,69971,46808098.0,4.67,-3.21,-0.22,0.43
1386,2016-01-18,601369SH,6.51,6.68,6.78,6.49,50295,33648741.0,4.37,0.75,0.05,0.31
1387,2016-01-19,601369SH,6.68,6.87,6.88,6.61,85981,58386264.0,4.04,2.84,0.19,0.52
1388,2016-01-20,601369SH,6.81,6.72,6.89,6.7,80126,54436310.0,2.77,-2.18,-0.15,0.49
1389,2016-01-21,601369SH,6.63,6.56,6.78,6.53,61093,40631708.0,3.72,-2.38,-0.16,0.37
1390,2016-01-22,601369SH,6.6,6.66,6.71,6.5,48535,32110969.0,3.2,1.52,0.1,0.3
1391,2016-01-25,601369SH,6.7,6.69,6.78,6.62,53005,35543507.0,2.4,0.45,0.03,0.32
1392,2016-01-26,601369SH,6.65,6.18,6.66,6.11,95922,61687989.0,8.22,-7.62,-0.51,0.59
1393,2016-01-27,601369SH,6.21,6.1,6.25,5.97,76114,46500040.0,4.53,-1.29,-0.08,0.46
1394,2016-01-28,601369SH,6.1,6.0,6.18,5.99,47024,28621059.0,3.11,-1.64,-0.1,0.29
1395,2016-01-29,601369SH,6.0,6.17,6.23,5.96,65530,40136632.0,4.5,2.83,0.17,0.4
1396,2016-02-01,601369SH,6.14,6.13,6.24,5.98,50840,31140491.0,4.21,-0.65,-0.04,0.31
1397,2016-02-02,601369SH,6.15,6.28,6.34,6.02,67278,42008935.0,5.22,2.45,0.15,0.41
1398,2016-02-03,601369SH,6.23,6.18,6.23,6.05,61760,37983698.0,2.87,-1.59,-0.1,0.38
1399,2016-02-04,601369SH,6.21,6.29,6.31,6.18,66647,41741759.0,2.1,1.78,0.11,0.41
1400,2016-02-05,601369SH,6.31,6.18,6.31,6.17,63499,39616050.0,2.23,-1.75,-0.11,0.39
1401,2016-02-15,601369SH,6.03,6.14,6.17,5.95,48239,29306604.0,3.56,-0.65,-0.04,0.29
1402,2016-02-16,601369SH,6.18,6.39,6.4,6.17,80141,50597077.0,3.75,4.07,0.25,0.49
1403,2016-02-17,601369SH,6.35,6.47,6.48,6.33,79997,51298825.0,2.35,1.25,0.08,0.49
1404,2016-02-18,601369SH,6.5,6.46,6.54,6.42,77789,50402686.0,1.85,-0.15,-0.01,0.47
1405,2016-02-19,601369SH,6.46,6.48,6.49,6.4,62656,40364503.0,1.39,0.31,0.02,0.38
1406,2016-02-22,601369SH,6.53,6.85,6.95,6.49,118141,78124970.0,7.1,5.71,0.37,0.72
1407,2016-02-23,601369SH,6.75,6.82,6.87,6.61,112950,75844279.0,3.8,-0.44,-0.03,0.69
1408,2016-02-24,601369SH,6.82,6.81,6.84,6.66,89555,60565239.0,2.64,-0.15,-0.01,0.55
1409,2016-02-25,601369SH,6.76,6.36,6.8,6.21,114019,74078225.0,8.66,-6.61,-0.45,0.7
1410,2016-02-26,601369SH,6.36,6.42,6.46,6.3,61005,38956101.0,2.52,0.94,0.06,0.37
1411,2016-02-29,601369SH,6.42,6.1,6.42,5.96,68202,41654640.0,7.17,-4.98,-0.32,0.42
1412,2016-03-01,601369SH,6.16,6.18,6.27,6.02,88989,54615615.0,4.1,1.31,0.08,0.54
1413,2016-03-02,601369SH,6.2,6.49,6.51,6.15,99721,63458199.0,5.83,5.02,0.31,0.61
1414,2016-03-03,601369SH,6.45,6.5,6.58,6.43,92699,60406061.0,2.31,0.15,0.01,0.57
1415,2016-03-04,601369SH,6.46,6.29,6.51,6.24,110206,70371018.0,4.15,-3.23,-0.21,0.67
1416,2016-03-07,601369SH,6.35,6.58,6.6,6.32,90413,58492205.0,4.45,4.61,0.29,0.55
1417,2016-03-08,601369SH,6.55,6.51,6.55,6.32,89457,57610403.0,3.5,-1.06,-0.07,0.55
1418,2016-03-09,601369SH,6.39,6.35,6.43,6.3,51078,32482583.0,2.0,-2.46,-0.16,0.31
1419,2016-03-10,601369SH,6.37,6.23,6.42,6.19,47339,29893936.0,3.62,-1.89,-0.12,0.29
1420,2016-03-11,601369SH,6.19,6.25,6.31,6.15,43248,26918218.0,2.57,0.32,0.02,0.26
1421,2016-03-14,601369SH,6.3,6.44,6.52,6.3,85813,55372124.0,3.52,3.04,0.19,0.52
1422,2016-03-15,601369SH,6.43,6.43,6.48,6.35,46987,30167814.0,2.02,-0.16,-0.01,0.29
1423,2016-03-16,601369SH,6.44,6.34,6.48,6.33,48844,31200279.0,2.33,-1.4,-0.09,0.3
1424,2016-03-17,601369SH,6.36,6.53,6.57,6.36,96983,62901071.0,3.31,3.0,0.19,0.59
1425,2016-03-18,601369SH,6.53,6.74,6.76,6.51,152362,101439280.0,3.83,3.22,0.21,0.93
1426,2016-03-21,601369SH,6.83,6.92,6.94,6.78,176282,120846901.0,2.37,2.67,0.18,1.08
1427,2016-03-22,601369SH,6.83,6.82,6.89,6.8,98236,67170615.0,1.3,-1.45,-0.1,0.6
1428,2016-03-23,601369SH,6.8,7.1,7.14,6.78,145765,101192487.0,5.28,4.11,0.28,0.89
1429,2016-03-24,601369SH,7.0,6.88,7.07,6.85,116374,80900008.0,3.1,-3.1,-0.22,0.71
1430,2016-03-25,601369SH,6.94,6.92,7.05,6.85,91730,63688845.0,2.91,0.58,0.04,0.56
1431,2016-03-28,601369SH,7.01,6.86,7.04,6.81,93512,64923843.0,3.32,-0.87,-0.06,0.57
1432,2016-03-29,601369SH,6.87,6.78,6.88,6.66,71792,48523919.0,3.21,-1.17,-0.08,0.44
1433,2016-03-30,601369SH,6.8,6.93,6.95,6.76,105037,72085118.0,2.8,2.21,0.15,0.64
1434,2016-03-31,601369SH,7.0,6.85,7.0,6.84,109902,75934016.0,2.31,-1.15,-0.08,0.67
1435,2016-04-01,601369SH,6.85,6.78,6.89,6.68,78792,53321664.0,3.07,-1.02,-0.07,0.48
1436,2016-04-05,601369SH,6.78,6.92,6.95,6.75,105509,72680900.0,2.95,2.06,0.14,0.64
1437,2016-04-06,601369SH,6.91,6.95,7.04,6.88,117810,81826223.0,2.31,0.43,0.03,0.72
1438,2016-04-07,601369SH,6.94,6.8,6.96,6.78,111359,76515577.0,2.59,-2.16,-0.15,0.68
1439,2016-04-08,601369SH,6.76,6.77,6.82,6.67,79408,53561387.0,2.21,-0.44,-0.03,0.48
1440,2016-04-11,601369SH,6.77,6.96,6.97,6.77,100858,69604590.0,2.95,2.81,0.19,0.62
1441,2016-04-12,601369SH,6.92,6.89,6.99,6.79,72753,49957947.0,2.87,-1.01,-0.07,0.44
1442,2016-04-13,601369SH,6.91,6.95,7.06,6.9,147571,103322674.0,2.32,0.87,0.06,0.9
1443,2016-04-14,601369SH,6.99,7.02,7.04,6.96,96791,67834752.0,1.15,1.01,0.07,0.59
1444,2016-04-15,601369SH,7.0,6.99,7.05,6.95,74703,52188387.0,1.42,-0.43,-0.03,0.46
1445,2016-04-18,601369SH,7.0,6.86,7.0,6.82,80765,55675350.0,2.58,-1.86,-0.13,0.49
1446,2016-04-19,601369SH,6.87,6.94,6.95,6.85,76543,52896320.0,1.46,1.17,0.08,0.47
1447,2016-04-20,601369SH,6.93,6.61,6.98,6.47,120702,80856293.0,7.35,-4.76,-0.33,0.74
1448,2016-04-21,601369SH,6.6,6.55,6.68,6.54,78303,51715170.0,2.12,-0.91,-0.06,0.48
1449,2016-04-22,601369SH,6.51,6.55,6.61,6.45,53243,34824948.0,2.44,0.0,0.0,0.32
1450,2016-04-25,601369SH,6.56,6.51,6.57,6.43,55532,36166225.0,2.14,-0.61,-0.04,0.34
1451,2016-04-26,601369SH,6.54,6.57,6.58,6.5,32052,20995538.0,1.23,0.92,0.06,0.2
1452,2016-04-27,601369SH,6.58,6.5,6.65,6.48,57920,38051522.0,2.59,-1.07,-0.07,0.35
1453,2016-04-28,601369SH,6.54,6.52,6.57,6.44,55023,35844579.0,2.0,0.31,0.02,0.34
1454,2016-04-29,601369SH,6.52,6.56,6.59,6.48,49227,32226230.0,1.69,0.61,0.04,0.3
1455,2016-05-03,601369SH,6.58,6.75,6.79,6.53,71184,47681048.0,3.96,2.9,0.19,0.43
1456,2016-05-04,601369SH,6.72,6.72,6.76,6.67,63824,42796403.0,1.33,-0.44,-0.03,0.39
1457,2016-05-05,601369SH,6.72,6.75,6.76,6.66,41347,27740825.0,1.49,0.45,0.03,0.25
1458,2016-05-06,601369SH,6.72,6.47,6.82,6.46,93914,62190266.0,5.33,-4.15,-0.28,0.57
1459,2016-05-09,601369SH,6.43,6.24,6.47,6.2,87914,55544917.0,4.17,-3.55,-0.23,0.54
1460,2016-05-10,601369SH,6.24,6.24,6.29,6.22,41398,25889243.0,1.12,0.0,0.0,0.25
1461,2016-05-11,601369SH,6.28,6.26,6.36,6.23,49181,30949093.0,2.08,0.32,0.02,0.3
1462,2016-05-12,601369SH,6.21,6.34,6.41,6.15,80184,50364156.0,4.15,1.28,0.08,0.49
1463,2016-05-13,601369SH,6.31,6.23,6.38,6.18,68634,42926717.0,3.15,-1.74,-0.11,0.42
1464,2016-05-16,601369SH,6.2,6.28,6.3,6.1,69173,42835596.0,3.21,0.8,0.05,0.42
1465,2016-05-17,601369SH,6.28,6.23,6.28,6.18,60072,37412899.0,1.59,-0.8,-0.05,0.37
1466,2016-05-18,601369SH,6.19,6.14,6.22,6.08,61444,37791996.0,2.25,-1.44,-0.09,0.37
1467,2016-05-19,601369SH,6.1,6.12,6.19,6.1,58548,35992892.0,1.47,-0.33,-0.02,0.36
1468,2016-05-20,601369SH,6.08,6.21,6.22,6.01,57490,35431236.0,3.43,1.47,0.09,0.35
1469,2016-05-23,601369SH,6.18,6.25,6.28,6.17,44956,28037015.0,1.77,0.64,0.04,0.27
1470,2016-05-24,601369SH,6.24,6.18,6.25,6.12,38791,23936928.0,2.08,-1.12,-0.07,0.24
1471,2016-05-25,601369SH,6.2,6.18,6.25,6.14,26783,16590512.0,1.78,0.0,0.0,0.16
1472,2016-05-26,601369SH,6.18,6.19,6.21,6.06,38909,23886951.0,2.43,0.16,0.01,0.24
1473,2016-05-27,601369SH,6.19,6.17,6.23,6.1,30599,18927030.0,2.1,-0.32,-0.02,0.19
1474,2016-05-30,601369SH,6.13,6.16,6.2,6.06,45660,28039022.0,2.27,-0.16,-0.01,0.28
1475,2016-05-31,601369SH,6.17,6.38,6.39,6.17,99478,62762491.0,3.57,3.57,0.22,0.61
1476,2016-06-01,601369SH,6.38,6.34,6.42,6.32,61096,38888935.0,1.57,-0.63,-0.04,0.37
1477,2016-06-02,601369SH,6.42,6.42,6.44,6.34,67232,42981550.0,1.58,1.26,0.08,0.41
1478,2016-06-03,601369SH,6.47,6.47,6.49,6.4,57700,37234559.0,1.4,0.78,0.05,0.35
1479,2016-06-06,601369SH,6.49,6.53,6.56,6.46,75078,48891155.0,1.55,0.93,0.06,0.46
1480,2016-06-07,601369SH,6.26,6.27,6.32,6.23,55066,34487552.0,1.38,-3.98,-0.26,0.34
1481,2016-06-08,601369SH,6.27,6.25,6.28,6.17,46298,28822823.0,1.75,-0.32,-0.02,0.28
1482,2016-06-13,601369SH,6.21,6.02,6.26,5.99,67739,41556579.0,4.32,-3.68,-0.23,0.41
1483,2016-06-14,601369SH,6.0,6.04,6.1,5.98,48527,29379476.0,1.99,0.33,0.02,0.3
1484,2016-06-15,601369SH,6.03,6.19,6.24,6.0,65074,40046479.0,3.97,2.48,0.15,0.4
1485,2016-06-16,601369SH,6.18,6.21,6.29,6.15,65451,40688720.0,2.26,0.32,0.02,0.4
1486,2016-06-17,601369SH,6.19,6.21,6.28,6.19,61361,38254959.0,1.45,0.0,0.0,0.37
1487,2016-06-20,601369SH,6.17,6.24,6.26,6.15,41715,25894151.0,1.77,0.48,0.03,0.25
1488,2016-06-21,601369SH,6.27,6.17,6.31,6.15,53409,33383824.0,2.56,-1.12,-0.07,0.33
1489,2016-06-22,601369SH,6.17,6.27,6.28,6.15,46292,28857698.0,2.11,1.62,0.1,0.28
1490,2016-06-23,601369SH,6.26,6.29,6.3,6.22,36793,23053840.0,1.28,0.32,0.02,0.22
1491,2016-06-24,601369SH,6.26,6.17,6.35,6.09,62411,38835536.0,4.13,-1.91,-0.12,0.38
1492,2016-06-27,601369SH,6.17,6.28,6.31,6.16,55197,34450193.0,2.43,1.78,0.11,0.34
1493,2016-06-28,601369SH,6.27,6.36,6.38,6.25,78091,49378275.0,2.07,1.27,0.08,0.48
1494,2016-06-29,601369SH,6.4,6.37,6.42,6.35,64426,41108835.0,1.1,0.16,0.01,0.39
1495,2016-06-30,601369SH,6.38,6.38,6.42,6.33,51496,32809700.0,1.41,0.16,0.01,0.31
1496,2016-07-01,601369SH,6.38,6.38,6.47,6.35,49770,31867203.0,1.88,0.0,0.0,0.3
1497,2016-07-04,601369SH,6.32,6.55,6.57,6.32,98315,63753388.0,3.92,2.66,0.17,0.6
1498,2016-07-05,601369SH,6.78,6.66,6.89,6.63,165910,111907496.0,3.97,1.68,0.11,1.01
1499,2016-07-06,601369SH,6.58,6.64,6.69,6.58,72181,47872704.0,1.65,-0.3,-0.02,0.44
1500,2016-07-07,601369SH,6.64,6.57,6.68,6.55,70678,46659787.0,1.96,-1.05,-0.07,0.43
1501,2016-07-08,601369SH,6.57,6.63,6.64,6.49,63887,41846562.0,2.28,0.91,0.06,0.39
1502,2016-07-11,601369SH,6.6,6.55,6.66,6.54,70490,46505571.0,1.81,-1.21,-0.08,0.43
1503,2016-07-12,601369SH,6.54,6.71,6.73,6.53,110670,73543155.0,3.05,2.44,0.16,0.68
1504,2016-07-13,601369SH,6.71,6.74,6.76,6.65,92477,62052111.0,1.64,0.45,0.03,0.56
1505,2016-07-14,601369SH,6.71,6.71,6.72,6.66,45598,30504785.0,0.89,-0.45,-0.03,0.28
1506,2016-07-15,601369SH,6.68,6.71,6.81,6.68,65133,43904651.0,1.94,0.0,0.0,0.4
1507,2016-07-18,601369SH,6.7,6.66,6.72,6.65,44233,29570967.0,1.04,-0.75,-0.05,0.27
1508,2016-07-19,601369SH,6.65,6.66,6.67,6.6,48777,32343368.0,1.05,0.0,0.0,0.3
1509,2016-07-20,601369SH,6.63,6.64,6.69,6.62,31783,21158126.0,1.05,-0.3,-0.02,0.19
1510,2016-07-21,601369SH,6.63,6.65,6.73,6.63,49688,33215316.0,1.51,0.15,0.01,0.3
1511,2016-07-22,601369SH,6.64,6.6,6.68,6.58,41091,27238700.0,1.5,-0.75,-0.05,0.25
1512,2016-07-25,601369SH,6.58,6.66,6.67,6.58,32283,21423293.0,1.36,0.91,0.06,0.2
1513,2016-07-26,601369SH,6.64,6.7,6.72,6.6,59581,39744022.0,1.8,0.6,0.04,0.36
1514,2016-07-27,601369SH,6.71,6.44,6.72,6.41,99665,65361777.0,4.63,-3.88,-0.26,0.61
1515,2016-07-28,601369SH,6.45,6.48,6.49,6.42,59682,38547605.0,1.09,0.62,0.04,0.36
1516,2016-07-29,601369SH,6.49,6.43,6.49,6.39,49339,31722286.0,1.54,-0.77,-0.05,0.3
1517,2016-08-01,601369SH,6.44,6.36,6.46,6.28,48054,30604356.0,2.8,-1.09,-0.07,0.29
1518,2016-08-02,601369SH,6.34,6.43,6.43,6.33,25674,16412996.0,1.57,1.1,0.07,0.16
1519,2016-08-03,601369SH,6.39,6.44,6.45,6.39,28573,18352048.0,0.93,0.16,0.01,0.17
1520,2016-08-04,601369SH,6.44,6.47,6.48,6.41,38562,24880594.0,1.09,0.47,0.03,0.24
1521,2016-08-05,601369SH,6.47,6.48,6.51,6.42,36517,23599968.0,1.39,0.15,0.01,0.22
1522,2016-08-08,601369SH,6.47,6.53,6.54,6.39,56301,36361780.0,2.31,0.77,0.05,0.34
1523,2016-08-09,601369SH,6.52,6.68,6.69,6.51,83225,54985744.0,2.76,2.3,0.15,0.51
1524,2016-08-10,601369SH,6.89,7.35,7.35,6.81,442607,321325808.0,8.08,10.03,0.67,2.7
1525,2016-08-11,601369SH,7.3,7.09,7.33,7.06,379603,272924048.0,3.67,-3.54,-0.26,2.32
1526,2016-08-12,601369SH,7.06,7.12,7.15,6.99,218827,154749258.0,2.26,0.42,0.03,1.34
1527,2016-08-15,601369SH,7.16,7.21,7.3,7.02,247699,177582396.0,3.93,1.26,0.09,1.51
1528,2016-08-16,601369SH,7.19,7.19,7.26,7.13,163069,117229341.0,1.8,-0.28,-0.02,1.0
1529,2016-08-17,601369SH,7.19,7.2,7.29,7.14,145904,105309948.0,2.09,0.14,0.01,0.89
1530,2016-08-18,601369SH,7.16,7.11,7.26,7.07,120792,86310961.0,2.64,-1.25,-0.09,0.74
1531,2016-08-19,601369SH,7.09,7.32,7.5,7.08,217453,158941526.0,5.91,2.95,0.21,1.33
1532,2016-08-22,601369SH,7.33,7.13,7.41,7.1,140704,102169915.0,4.23,-2.6,-0.19,0.86
1533,2016-08-23,601369SH,7.09,7.02,7.15,6.96,104150,73244721.0,2.66,-1.54,-0.11,0.64
1534,2016-08-24,601369SH,7.03,7.08,7.09,6.97,76719,53872916.0,1.71,0.85,0.06,0.47
1535,2016-08-25,601369SH,7.03,7.0,7.1,6.81,85362,59366838.0,4.1,-1.13,-0.08,0.52
1536,2016-08-26,601369SH,6.99,6.97,7.04,6.95,58278,40753924.0,1.29,-0.43,-0.03,0.36
1537,2016-08-29,601369SH,6.97,7.03,7.07,6.97,45760,32108595.0,1.43,0.86,0.06,0.28
1538,2016-08-30,601369SH,7.03,7.04,7.06,6.96,43832,30737114.0,1.42,0.14,0.01,0.27
1539,2016-08-31,601369SH,7.03,6.99,7.05,6.93,48821,34037873.0,1.7,-0.71,-0.05,0.3
1540,2016-09-01,601369SH,6.98,6.93,7.02,6.91,46154,32140521.0,1.57,-0.86,-0.06,0.28
1541,2016-09-02,601369SH,6.95,6.87,6.95,6.83,48303,33266968.0,1.73,-0.87,-0.06,0.29
1542,2016-09-05,601369SH,6.87,6.94,7.0,6.87,43624,30292039.0,1.89,1.02,0.07,0.27
1543,2016-09-06,601369SH,6.94,7.05,7.06,6.87,66177,46192025.0,2.74,1.59,0.11,0.4
1544,2016-09-07,601369SH,7.05,7.06,7.15,7.01,72645,51492732.0,1.99,0.14,0.01,0.44
1545,2016-09-08,601369SH,7.07,7.07,7.1,7.01,48440,34123137.0,1.27,0.14,0.01,0.3
1546,2016-09-09,601369SH,7.1,7.05,7.14,7.03,76319,54103539.0,1.56,-0.28,-0.02,0.47
1547,2016-09-12,601369SH,6.9,6.76,6.95,6.73,90846,62121788.0,3.12,-4.11,-0.29,0.55
1548,2016-09-13,601369SH,6.79,6.84,6.9,6.75,53750,36720197.0,2.22,1.18,0.08,0.33
1549,2016-09-14,601369SH,6.82,6.86,6.87,6.76,35114,24033440.0,1.61,0.29,0.02,0.21
1550,2016-09-19,601369SH,6.86,6.97,6.99,6.86,49014,34092975.0,1.9,1.6,0.11,0.3
1551,2016-09-20,601369SH,6.94,6.94,6.98,6.91,40039,27790283.0,1.0,-0.43,-0.03,0.24
1552,2016-09-21,601369SH,6.94,6.95,7.0,6.91,31912,22195160.0,1.3,0.14,0.01,0.19
1553,2016-09-22,601369SH,6.96,7.04,7.06,6.95,60852,42666207.0,1.58,1.29,0.09,0.37
1554,2016-09-23,601369SH,7.03,6.97,7.09,6.91,48614,34025328.0,2.56,-0.99,-0.07,0.3
1555,2016-09-26,601369SH,6.96,6.81,6.96,6.8,51443,35468021.0,2.3,-2.3,-0.16,0.31
1556,2016-09-27,601369SH,6.78,6.89,6.89,6.71,28734,19579022.0,2.64,1.17,0.08,0.18
1557,2016-09-28,601369SH,6.93,6.86,6.93,6.81,24390,16725492.0,1.74,-0.44,-0.03,0.15
1558,2016-09-29,601369SH,6.85,6.86,6.92,6.84,22154,15250539.0,1.17,0.0,0.0,0.14
1559,2016-09-30,601369SH,6.84,6.91,6.91,6.84,26461,18222655.0,1.02,0.73,0.05,0.16
1560,2016-10-10,601369SH,6.98,7.11,7.12,6.94,70123,49396459.0,2.6,2.89,0.2,0.43
1561,2016-10-11,601369SH,7.11,7.12,7.13,7.04,52589,37253207.0,1.27,0.14,0.01,0.32
1562,2016-10-12,601369SH,7.08,7.23,7.25,7.06,84135,60284866.0,2.67,1.54,0.11,0.51
1563,2016-10-13,601369SH,7.22,7.15,7.22,7.12,48354,34673929.0,1.38,-1.11,-0.08,0.3
1564,2016-10-14,601369SH,7.13,7.15,7.19,7.04,43422,30966241.0,2.1,0.0,0.0,0.26
1565,2016-10-17,601369SH,7.15,7.08,7.2,7.01,51358,36482091.0,2.66,-0.98,-0.07,0.31
1566,2016-10-18,601369SH,7.06,7.23,7.24,7.04,69755,49893435.0,2.82,2.12,0.15,0.43
1567,2016-10-19,601369SH,7.46,7.53,7.87,7.4,291768,220626173.0,6.5,4.15,0.3,1.78
1568,2016-10-20,601369SH,7.65,7.34,7.65,7.32,198140,147515973.0,4.38,-2.52,-0.19,1.21
1569,2016-10-21,601369SH,7.36,7.33,7.39,7.2,138968,101466861.0,2.59,-0.14,-0.01,0.85
1570,2016-10-24,601369SH,7.34,7.38,7.38,7.24,95548,70108699.0,1.91,0.68,0.05,0.58
1571,2016-10-25,601369SH,7.41,7.34,7.41,7.31,76421,56077970.0,1.36,-0.54,-0.04,0.47
1572,2016-10-26,601369SH,7.29,7.24,7.33,7.2,75666,54838982.0,1.77,-1.36,-0.1,0.46
1573,2016-10-27,601369SH,7.2,7.32,7.34,7.2,54043,39292336.0,1.93,1.1,0.08,0.33
1574,2016-10-28,601369SH,7.28,7.13,7.34,7.12,65482,47309265.0,3.01,-2.6,-0.19,0.4
1575,2016-10-31,601369SH,7.12,7.07,7.14,7.04,45789,32410063.0,1.4,-0.84,-0.06,0.28
1576,2016-11-01,601369SH,7.07,7.13,7.16,7.04,58738,41730263.0,1.7,0.85,0.06,0.36
1577,2016-11-02,601369SH,7.14,7.08,7.14,7.05,54123,38356348.0,1.26,-0.7,-0.05,0.33
1578,2016-11-03,601369SH,7.06,7.13,7.18,7.06,61257,43689523.0,1.69,0.71,0.05,0.37
1579,2016-11-04,601369SH,7.14,7.15,7.2,7.12,52168,37283032.0,1.12,0.28,0.02,0.32
1580,2016-11-07,601369SH,7.18,7.17,7.18,7.09,54329,38762131.0,1.26,0.28,0.02,0.33
1581,2016-11-08,601369SH,7.26,7.2,7.26,7.17,56873,41014799.0,1.26,0.42,0.03,0.35
1582,2016-11-09,601369SH,7.16,7.1,7.2,6.99,61393,43690504.0,2.92,-1.39,-0.1,0.37
1583,2016-11-10,601369SH,7.13,7.29,7.32,7.13,104644,75953231.0,2.68,2.68,0.19,0.64
1584,2016-11-11,601369SH,7.28,7.41,7.43,7.21,124062,91135892.0,3.02,1.65,0.12,0.76
1585,2016-11-14,601369SH,7.49,7.39,7.49,7.33,105698,78168627.0,2.16,-0.27,-0.02,0.64
1586,2016-11-15,601369SH,7.39,7.41,7.45,7.33,71297,52693534.0,1.62,0.27,0.02,0.44
1587,2016-11-16,601369SH,7.44,7.38,7.46,7.33,72064,53134182.0,1.75,-0.4,-0.03,0.44
1588,2016-11-17,601369SH,7.38,7.42,7.45,7.29,85825,63460912.0,2.17,0.54,0.04,0.52
1589,2016-11-18,601369SH,7.45,7.46,7.63,7.38,120345,90021171.0,3.37,0.54,0.04,0.73
1590,2016-11-21,601369SH,7.45,7.42,7.52,7.37,84651,63018936.0,2.01,-0.54,-0.04,0.52
1591,2016-11-22,601369SH,7.44,7.45,7.46,7.36,71960,53311864.0,1.35,0.4,0.03,0.44
1592,2016-11-23,601369SH,7.44,7.36,7.47,7.33,67421,49898937.0,1.88,-1.21,-0.09,0.41
1593,2016-11-24,601369SH,7.35,7.39,7.4,7.32,61383,45243846.0,1.09,0.41,0.03,0.37
1594,2016-11-25,601369SH,7.38,7.37,7.43,7.21,49189,36049393.0,2.98,-0.27,-0.02,0.3
1595,2016-11-28,601369SH,7.36,7.38,7.41,7.33,81869,60289043.0,1.09,0.14,0.01,0.5
1596,2016-11-29,601369SH,7.38,7.34,7.42,7.32,87998,64809255.0,1.36,-0.54,-0.04,0.54
1597,2016-11-30,601369SH,7.35,7.24,7.36,7.23,76889,56136625.0,1.77,-1.36,-0.1,0.47
1598,2016-12-01,601369SH,7.25,7.31,7.33,7.25,44877,32712518.0,1.1,0.97,0.07,0.27
1599,2016-12-02,601369SH,7.32,7.13,7.38,7.09,97555,70440134.0,3.97,-2.46,-0.18,0.6
1600,2016-12-05,601369SH,7.13,7.09,7.15,7.05,55156,39145179.0,1.4,-0.56,-0.04,0.34
1601,2016-12-06,601369SH,7.1,7.1,7.17,7.08,37055,26380606.0,1.27,0.14,0.01,0.23
1602,2016-12-07,601369SH,7.12,7.16,7.16,7.09,36098,25734893.0,0.99,0.85,0.06,0.22
1603,2016-12-08,601369SH,7.17,7.1,7.19,7.09,38607,27544420.0,1.4,-0.84,-0.06,0.24
1604,2016-12-09,601369SH,7.1,6.97,7.13,6.94,93460,65715004.0,2.68,-1.83,-0.13,0.57
1605,2016-12-12,601369SH,6.99,6.74,7.02,6.72,100329,69023731.0,4.3,-3.3,-0.23,0.61
1606,2016-12-13,601369SH,6.75,6.77,6.78,6.69,53423,35937946.0,1.34,0.45,0.03,0.33
1607,2016-12-14,601369SH,6.77,6.65,6.77,6.63,68083,45571464.0,2.07,-1.77,-0.12,0.42
1608,2016-12-15,601369SH,6.65,6.69,6.73,6.62,42144,28160682.0,1.65,0.6,0.04,0.26
1609,2016-12-16,601369SH,6.68,6.9,6.95,6.67,76983,52361382.0,4.19,3.14,0.21,0.47
1610,2016-12-19,601369SH,6.94,7.0,7.21,6.88,121122,84661611.0,4.78,1.45,0.1,0.74
1611,2016-12-20,601369SH,7.0,6.92,7.09,6.89,74041,51350473.0,2.86,-1.14,-0.08,0.45
1612,2016-12-21,601369SH,6.93,6.96,6.98,6.89,35415,24561784.0,1.3,0.58,0.04,0.22
1613,2016-12-22,601369SH,6.96,6.91,6.98,6.88,39875,27540619.0,1.44,-0.72,-0.05,0.24
1614,2016-12-23,601369SH,6.95,6.89,6.95,6.88,37313,25774334.0,1.01,-0.29,-0.02,0.23
1615,2016-12-26,601369SH,6.92,6.92,6.92,6.79,30183,20719245.0,1.89,0.44,0.03,0.18
1616,2016-12-27,601369SH,6.9,6.96,6.99,6.9,40328,28051791.0,1.3,0.58,0.04,0.25
1617,2016-12-28,601369SH,6.94,6.89,6.96,6.88,22838,15821915.0,1.15,-1.01,-0.07,0.14
1618,2016-12-29,601369SH,6.9,6.87,6.95,6.86,23980,16552096.0,1.31,-0.29,-0.02,0.15
1619,2016-12-30,601369SH,6.86,6.85,6.9,6.83,21145,14513429.0,1.02,-0.29,-0.02,0.13
1620,2017-01-03,601369SH,6.85,6.89,6.93,6.84,59028,40651086.0,1.31,0.58,0.04,0.36
1621,2017-01-04,601369SH,6.9,6.95,6.96,6.84,71920,49668537.0,1.74,0.87,0.06,0.44
1622,2017-01-05,601369SH,6.93,6.95,7.02,6.91,81472,56681278.0,1.58,0.0,0.0,0.5
1623,2017-01-06,601369SH,6.96,6.98,7.05,6.92,72517,50744490.0,1.87,0.43,0.03,0.44
1624,2017-01-09,601369SH,6.99,7.07,7.1,6.94,82471,58066586.0,2.29,1.29,0.09,0.5
1625,2017-01-10,601369SH,7.04,7.0,7.09,6.98,57187,40172171.0,1.56,-0.99,-0.07,0.35
1626,2017-01-11,601369SH,7.02,6.95,7.03,6.92,50080,34896140.0,1.57,-0.71,-0.05,0.31
1627,2017-01-12,601369SH,6.94,6.91,7.0,6.89,38478,26695644.0,1.58,-0.58,-0.04,0.23
1628,2017-01-13,601369SH,6.88,6.79,6.92,6.76,44600,30526475.0,2.32,-1.74,-0.12,0.27
1629,2017-01-16,601369SH,6.78,6.47,6.79,6.28,100287,65521403.0,7.51,-4.71,-0.32,0.61
1630,2017-01-17,601369SH,6.43,6.6,6.62,6.4,62680,40780350.0,3.4,2.01,0.13,0.38
1631,2017-01-18,601369SH,6.56,6.55,6.63,6.52,47843,31500621.0,1.67,-0.76,-0.05,0.29
1632,2017-01-19,601369SH,6.54,6.57,6.6,6.5,26619,17460666.0,1.53,0.31,0.02,0.16
1633,2017-01-20,601369SH,6.58,6.64,6.67,6.53,39240,25979109.0,2.13,1.07,0.07,0.24
1634,2017-01-23,601369SH,6.65,6.66,6.72,6.62,31418,20934736.0,1.51,0.3,0.02,0.19
1635,2017-01-24,601369SH,6.67,6.67,6.68,6.62,25383,16897475.0,0.9,0.15,0.01,0.15
1636,2017-01-25,601369SH,6.67,6.69,6.73,6.65,26489,17732896.0,1.2,0.3,0.02,0.16
1637,2017-01-26,601369SH,6.69,6.75,6.75,6.68,24084,16177935.0,1.05,0.9,0.06,0.15
1638,2017-02-03,601369SH,6.72,6.72,6.75,6.68,26781,17960589.0,1.04,-0.44,-0.03,0.16
1639,2017-02-06,601369SH,6.73,6.76,6.77,6.69,29374,19772621.0,1.19,0.6,0.04,0.18
1640,2017-02-07,601369SH,6.77,6.78,6.82,6.73,37815,25646017.0,1.33,0.3,0.02,0.23
1641,2017-02-08,601369SH,6.76,6.84,6.86,6.74,33536,22809181.0,1.77,0.88,0.06,0.2
1642,2017-02-09,601369SH,6.8,6.93,6.96,6.8,59080,40796862.0,2.34,1.32,0.09,0.36
1643,2017-02-10,601369SH,6.93,7.0,7.07,6.9,102861,71976225.0,2.45,1.01,0.07,0.63
1644,2017-02-13,601369SH,6.96,7.11,7.22,6.96,113807,81081735.0,3.71,1.57,0.11,0.69
1645,2017-02-14,601369SH,7.12,7.12,7.15,7.06,53529,37959552.0,1.27,0.14,0.01,0.33
1646,2017-02-15,601369SH,7.12,6.99,7.12,6.98,65202,45934386.0,1.97,-1.83,-0.13,0.4
1647,2017-02-16,601369SH,7.0,7.19,7.2,6.99,77893,55491807.0,3.0,2.86,0.2,0.48
1648,2017-02-17,601369SH,7.17,7.22,7.26,7.06,95709,68516895.0,2.78,0.42,0.03,0.58
1649,2017-02-20,601369SH,7.2,7.26,7.28,7.15,85622,61836373.0,1.8,0.55,0.04,0.52
1650,2017-02-21,601369SH,7.26,7.18,7.29,7.13,69638,50041740.0,2.2,-1.1,-0.08,0.42
1651,2017-02-22,601369SH,7.18,7.36,7.4,7.13,170730,124653494.0,3.76,2.51,0.18,1.04
1652,2017-02-23,601369SH,7.34,7.27,7.34,7.21,76142,55207735.0,1.77,-1.22,-0.09,0.46
1653,2017-02-24,601369SH,7.27,7.18,7.29,7.13,76384,54821731.0,2.2,-1.24,-0.09,0.47
1654,2017-02-27,601369SH,7.19,7.18,7.31,7.17,75845,54879680.0,1.95,0.0,0.0,0.46
1655,2017-02-28,601369SH,7.19,7.19,7.23,7.15,34198,24559913.0,1.11,0.14,0.01,0.21
1656,2017-03-01,601369SH,7.19,7.13,7.24,7.12,61372,44083785.0,1.67,-0.83,-0.06,0.37
1657,2017-03-02,601369SH,7.18,7.15,7.19,7.13,39210,28050422.0,0.84,0.28,0.02,0.24
1658,2017-03-03,601369SH,7.16,7.15,7.19,7.1,37282,26621975.0,1.26,0.0,0.0,0.23
1659,2017-03-06,601369SH,7.13,7.21,7.21,7.12,48130,34543975.0,1.26,0.84,0.06,0.29
1660,2017-03-07,601369SH,7.21,7.18,7.22,7.14,37617,26988112.0,1.11,-0.42,-0.03,0.23
1661,2017-03-08,601369SH,7.18,7.08,7.18,7.07,58207,41396529.0,1.53,-1.39,-0.1,0.36
1662,2017-03-09,601369SH,7.09,7.09,7.14,7.06,47488,33718474.0,1.13,0.14,0.01,0.29
1663,2017-03-10,601369SH,7.11,7.1,7.15,7.05,29579,21008988.0,1.41,0.14,0.01,0.18
1664,2017-03-13,601369SH,7.08,7.18,7.18,7.05,55359,39409634.0,1.83,1.13,0.08,0.34
1665,2017-03-14,601369SH,7.17,7.13,7.21,7.1,61605,44105678.0,1.53,-0.7,-0.05,0.38
1666,2017-03-15,601369SH,7.13,7.19,7.22,7.11,55965,40151237.0,1.54,0.84,0.06,0.34
1667,2017-03-16,601369SH,7.22,7.31,7.33,7.19,99807,72461849.0,1.95,1.67,0.12,0.61
1668,2017-03-17,601369SH,7.3,7.4,7.49,7.25,175248,129896105.0,3.28,1.23,0.09,1.07
1669,2017-03-20,601369SH,7.38,7.47,7.48,7.29,89611,65961978.0,2.57,0.95,0.07,0.55
1670,2017-03-21,601369SH,7.45,7.43,7.57,7.4,96925,72331817.0,2.28,-0.54,-0.04,0.59
1671,2017-03-22,601369SH,7.38,7.33,7.41,7.3,63812,46881271.0,1.48,-1.35,-0.1,0.39
1672,2017-03-23,601369SH,7.35,7.51,7.63,7.35,160766,120849450.0,3.82,2.46,0.18,0.98
1673,2017-03-24,601369SH,7.46,7.45,7.53,7.34,103053,76423907.0,2.53,-0.8,-0.06,0.63
1674,2017-03-27,601369SH,7.45,7.57,7.78,7.43,144619,110402056.0,4.7,1.61,0.12,0.88
1675,2017-03-28,601369SH,7.58,7.46,7.61,7.37,85942,64250868.0,3.17,-1.45,-0.11,0.52
1676,2017-03-29,601369SH,7.44,7.66,7.81,7.35,152276,116057270.0,6.17,2.68,0.2,0.93
1677,2017-03-30,601369SH,7.56,7.59,7.75,7.53,130079,99277116.0,2.87,-0.91,-0.07,0.79
1678,2017-03-31,601369SH,7.57,7.56,7.66,7.41,99898,75247961.0,3.29,-0.4,-0.03,0.61
1679,2017-04-05,601369SH,7.6,7.68,7.74,7.5,91984,69892780.0,3.17,1.59,0.12,0.56
1680,2017-04-06,601369SH,7.75,7.95,8.09,7.69,206288,163966457.0,5.21,3.52,0.27,1.26
1681,2017-04-07,601369SH,7.95,8.0,8.03,7.84,108902,86453967.0,2.39,0.63,0.05,0.66
1682,2017-04-10,601369SH,7.97,8.21,8.25,7.9,149258,121144048.0,4.38,2.63,0.21,0.91
1683,2017-04-11,601369SH,8.17,8.15,8.25,7.95,148408,119958961.0,3.65,-0.73,-0.06,0.91
1684,2017-04-12,601369SH,8.1,7.99,8.19,7.94,98012,78880208.0,3.07,-1.96,-0.16,0.6
1685,2017-04-13,601369SH,8.0,8.02,8.09,7.93,63292,50632284.0,2.0,0.38,0.03,0.39
1686,2017-04-14,601369SH,8.03,7.74,8.03,7.7,89461,70076205.0,4.11,-3.49,-0.28,0.55
1687,2017-04-17,601369SH,7.79,7.85,7.93,7.71,81822,64068911.0,2.84,1.42,0.11,0.5
1688,2017-04-18,601369SH,7.89,7.69,7.91,7.68,57162,44576888.0,2.93,-2.04,-0.16,0.35
1689,2017-04-19,601369SH,7.64,7.73,7.76,7.36,118557,89523430.0,5.2,0.52,0.04,0.72
1690,2017-04-20,601369SH,7.66,7.68,7.73,7.56,48369,36981914.0,2.2,-0.65,-0.05,0.3
1691,2017-04-21,601369SH,7.68,7.47,7.73,7.45,46833,35602813.0,3.65,-2.73,-0.21,0.29
1692,2017-04-24,601369SH,7.46,7.11,7.46,7.06,109314,78420864.0,5.35,-4.82,-0.36,0.67
1693,2017-04-25,601369SH,7.12,6.98,7.2,6.97,65973,46697712.0,3.23,-1.83,-0.13,0.4
1694,2017-04-26,601369SH,7.02,7.01,7.08,6.93,82094,57570408.0,2.15,0.43,0.03,0.5
1695,2017-04-27,601369SH,6.99,7.06,7.13,6.73,100530,69890275.0,5.71,0.71,0.05,0.61
1696,2017-04-28,601369SH,7.01,7.03,7.09,6.95,69355,48608757.0,1.98,-0.42,-0.03,0.42
1697,2017-05-02,601369SH,7.02,6.93,7.02,6.92,60454,42065418.0,1.42,-1.42,-0.1,0.37
1698,2017-05-03,601369SH,6.93,6.87,6.98,6.82,48819,33691171.0,2.31,-0.87,-0.06,0.3
1699,2017-05-04,601369SH,6.86,6.96,7.08,6.82,67042,46807683.0,3.78,1.31,0.09,0.41
1700,2017-05-05,601369SH,6.93,6.96,7.05,6.89,52067,36367258.0,2.3,0.0,0.0,0.32
1701,2017-05-08,601369SH,6.95,7.04,7.1,6.9,68158,47851693.0,2.87,1.15,0.08,0.42
1702,2017-05-09,601369SH,7.01,7.1,7.11,6.97,59976,42260063.0,1.99,0.85,0.06,0.37
1703,2017-05-10,601369SH,7.08,6.62,7.12,6.57,106032,73149943.0,7.75,-6.76,-0.48,0.65
1704,2017-05-11,601369SH,6.54,6.51,6.6,6.3,106517,68600964.0,4.53,-1.66,-0.11,0.65
1705,2017-05-12,601369SH,6.51,6.42,6.53,6.37,44539,28743526.0,2.46,-1.38,-0.09,0.27
1706,2017-05-15,601369SH,6.46,6.47,6.55,6.46,33987,22118961.0,1.4,0.78,0.05,0.21
1707,2017-05-16,601369SH,6.47,6.61,6.63,6.42,40783,26590438.0,3.25,2.16,0.14,0.25
1708,2017-05-17,601369SH,6.61,6.61,6.7,6.6,36534,24282371.0,1.51,0.0,0.0,0.22
1709,2017-05-18,601369SH,6.55,6.5,6.63,6.46,50893,33241206.0,2.57,-1.66,-0.11,0.31
1710,2017-05-19,601369SH,6.52,6.44,6.56,6.39,47103,30442750.0,2.62,-0.92,-0.06,0.29
1711,2017-05-22,601369SH,6.44,6.45,6.51,6.4,36685,23629598.0,1.71,0.16,0.01,0.22
1712,2017-05-23,601369SH,6.44,6.26,6.44,6.25,44897,28451566.0,2.95,-2.95,-0.19,0.27
1713,2017-05-24,601369SH,6.25,6.27,6.3,6.2,35030,21909144.0,1.6,0.16,0.01,0.21
1714,2017-05-25,601369SH,6.26,6.43,6.45,6.22,44527,28336032.0,3.67,2.55,0.16,0.27
1715,2017-05-26,601369SH,6.42,6.59,6.65,6.4,66665,43557550.0,3.89,2.49,0.16,0.41
1716,2017-05-31,601369SH,6.7,6.68,6.77,6.63,66342,44519549.0,2.12,1.37,0.09,0.4
1717,2017-06-01,601369SH,6.67,6.52,6.7,6.5,30737,20304453.0,2.99,-2.4,-0.16,0.19
1718,2017-06-02,601369SH,6.53,6.66,6.67,6.48,33461,21962647.0,2.91,2.15,0.14,0.2
1719,2017-06-05,601369SH,6.67,6.8,6.89,6.66,47524,32312780.0,3.45,2.1,0.14,0.29
1720,2017-06-06,601369SH,6.79,6.81,6.82,6.75,15627,10603076.0,1.03,0.15,0.01,0.1
1721,2017-06-07,601369SH,6.82,6.88,6.89,6.76,45992,31384683.0,1.91,1.03,0.07,0.28
1722,2017-06-08,601369SH,6.88,6.78,6.88,6.76,29167,19846774.0,1.74,-1.45,-0.1,0.18
1723,2017-06-09,601369SH,6.67,6.62,6.67,6.55,29135,19202504.0,1.77,-2.36,-0.16,0.18
1724,2017-06-12,601369SH,6.63,6.53,6.63,6.53,26407,17371886.0,1.51,-1.36,-0.09,0.16
1725,2017-06-13,601369SH,6.5,6.59,6.63,6.5,19998,13177050.0,1.99,0.92,0.06,0.12
1726,2017-06-14,601369SH,6.59,6.54,6.64,6.52,20090,13199410.0,1.82,-0.76,-0.05,0.12
1727,2017-06-15,601369SH,6.55,6.65,6.66,6.54,27842,18439807.0,1.83,1.68,0.11,0.17
1728,2017-06-16,601369SH,6.65,6.59,6.68,6.57,24367,16129084.0,1.65,-0.9,-0.06,0.15
1729,2017-06-19,601369SH,6.62,6.64,6.65,6.56,25377,16736634.0,1.37,0.76,0.05,0.15
1730,2017-06-20,601369SH,6.64,6.61,6.66,6.59,25732,17035923.0,1.05,-0.45,-0.03,0.16
1731,2017-06-21,601369SH,6.61,6.74,6.75,6.61,51454,34431651.0,2.12,1.97,0.13,0.31
1732,2017-06-22,601369SH,6.73,6.61,6.75,6.6,55018,36786145.0,2.23,-1.93,-0.13,0.34
1733,2017-06-23,601369SH,6.6,6.52,6.61,6.46,33491,21832483.0,2.27,-1.36,-0.09,0.2
1734,2017-06-26,601369SH,6.53,6.61,6.67,6.51,43016,28368678.0,2.45,1.38,0.09,0.26
1735,2017-06-27,601369SH,6.6,6.61,6.66,6.56,26254,17363815.0,1.51,0.0,0.0,0.16
1736,2017-06-28,601369SH,6.58,6.56,6.62,6.55,19742,12966141.0,1.06,-0.76,-0.05,0.12
1737,2017-06-29,601369SH,6.56,6.6,6.64,6.56,19782,13065806.0,1.22,0.61,0.04,0.12
1738,2017-06-30,601369SH,6.57,6.62,6.65,6.52,31982,21073521.0,1.97,0.3,0.02,0.2
1739,2017-07-03,601369SH,6.62,6.66,6.67,6.61,23411,15555513.0,0.91,0.6,0.04,0.14
1740,2017-07-04,601369SH,6.67,6.62,6.68,6.61,17852,11835246.0,1.05,-0.6,-0.04,0.11
1741,2017-07-05,601369SH,6.61,6.65,6.65,6.57,33203,21955594.0,1.21,0.45,0.03,0.2
1742,2017-07-06,601369SH,6.63,6.71,6.71,6.62,54679,36459244.0,1.35,0.9,0.06,0.33
1743,2017-07-07,601369SH,6.69,6.69,6.7,6.65,33563,22415610.0,0.75,-0.3,-0.02,0.2
1744,2017-07-10,601369SH,6.69,6.76,6.79,6.68,54676,36980652.0,1.64,1.05,0.07,0.33
1745,2017-07-11,601369SH,6.76,6.66,6.78,6.65,34658,23314494.0,1.92,-1.48,-0.1,0.21
1746,2017-07-12,601369SH,6.66,6.52,6.72,6.48,60919,40032694.0,3.6,-2.1,-0.14,0.37
1747,2017-07-13,601369SH,6.53,6.55,6.59,6.5,47388,31030338.0,1.38,0.46,0.03,0.29
1748,2017-07-14,601369SH,6.55,6.56,6.63,6.53,23967,15730774.0,1.53,0.15,0.01,0.15
1749,2017-07-17,601369SH,6.58,6.28,6.58,6.25,68261,43622674.0,5.03,-4.27,-0.28,0.42
1750,2017-07-18,601369SH,6.25,6.34,6.34,6.24,27141,17067606.0,1.59,0.96,0.06,0.17
1751,2017-07-19,601369SH,6.33,6.46,6.48,6.3,37754,24182295.0,2.84,1.89,0.12,0.23
1752,2017-07-20,601369SH,6.46,6.49,6.52,6.43,26057,16910286.0,1.39,0.46,0.03,0.16
1753,2017-07-21,601369SH,6.47,6.5,6.51,6.44,26066,16903395.0,1.08,0.15,0.01,0.16
1754,2017-07-24,601369SH,6.49,6.57,6.58,6.46,33207,21696256.0,1.85,1.08,0.07,0.2
1755,2017-07-25,601369SH,6.58,6.55,6.71,6.51,49754,32768384.0,3.04,-0.3,-0.02,0.3
1756,2017-07-26,601369SH,6.59,6.66,6.67,6.51,38130,25120472.0,2.44,1.68,0.11,0.23
1757,2017-07-27,601369SH,6.66,6.68,6.7,6.59,42048,27975903.0,1.65,0.3,0.02,0.26
1758,2017-07-28,601369SH,6.65,6.71,6.77,6.64,35707,23950548.0,1.95,0.45,0.03,0.22
1759,2017-07-31,601369SH,6.7,6.76,6.79,6.69,42645,28709730.0,1.49,0.75,0.05,0.26
1760,2017-08-01,601369SH,6.74,6.73,6.78,6.66,45805,30748365.0,1.78,-0.44,-0.03,0.28
1761,2017-08-02,601369SH,6.73,6.68,6.75,6.66,34581,23180303.0,1.34,-0.74,-0.05,0.21
1762,2017-08-03,601369SH,6.66,6.76,6.76,6.63,36524,24577926.0,1.95,1.2,0.08,0.22
1763,2017-08-04,601369SH,6.72,6.78,6.9,6.72,72221,49317068.0,2.66,0.3,0.02,0.44
1764,2017-08-07,601369SH,6.79,6.79,6.84,6.75,30576,20714760.0,1.33,0.15,0.01,0.19
1765,2017-08-08,601369SH,6.78,7.08,7.1,6.74,106629,73842051.0,5.3,4.27,0.29,0.65
1766,2017-08-09,601369SH,7.04,7.31,7.32,7.0,158111,113607514.0,4.52,3.25,0.23,0.96
1767,2017-08-10,601369SH,7.25,7.43,7.8,7.06,203163,150651653.0,10.12,1.64,0.12,1.24
1768,2017-08-11,601369SH,7.3,7.06,7.42,6.95,150231,107950304.0,6.33,-4.98,-0.37,0.92
1769,2017-08-14,601369SH,7.06,7.1,7.17,6.98,74519,52648446.0,2.69,0.57,0.04,0.45
1770,2017-08-15,601369SH,7.1,7.1,7.19,7.04,65854,46908890.0,2.11,0.0,0.0,0.4
1771,2017-08-16,601369SH,7.08,6.92,7.09,6.85,136979,94869870.0,3.38,-2.54,-0.18,0.84
1772,2017-08-17,601369SH,6.93,6.96,6.96,6.88,76900,53221631.0,1.16,0.58,0.04,0.47
1773,2017-08-18,601369SH,6.92,6.96,6.99,6.89,62975,43737459.0,1.44,0.0,0.0,0.38
1774,2017-08-21,601369SH,6.95,6.98,7.0,6.9,55835,38792919.0,1.44,0.29,0.02,0.34
1775,2017-08-22,601369SH,6.97,6.95,7.06,6.93,62109,43456162.0,1.86,-0.43,-0.03,0.38
1776,2017-08-23,601369SH,6.9,6.81,6.9,6.8,66451,45416418.0,1.44,-2.01,-0.14,0.41
1777,2017-08-24,601369SH,6.81,6.73,6.81,6.71,42133,28496014.0,1.47,-1.17,-0.08,0.26
1778,2017-08-25,601369SH,6.72,6.82,6.85,6.7,49615,33624817.0,2.23,1.34,0.09,0.3
1779,2017-08-28,601369SH,6.81,6.87,6.9,6.78,73617,50400545.0,1.76,0.73,0.05,0.45
1780,2017-08-29,601369SH,6.84,6.81,6.91,6.8,64827,44441380.0,1.6,-0.87,-0.06,0.4
1781,2017-08-30,601369SH,6.83,6.85,6.86,6.8,29977,20486938.0,0.88,0.59,0.04,0.18
1782,2017-08-31,601369SH,6.83,6.87,6.88,6.82,30305,20766482.0,0.88,0.29,0.02,0.18
1783,2017-09-01,601369SH,6.89,7.04,7.08,6.89,114189,79816824.0,2.77,2.47,0.17,0.7
1784,2017-09-04,601369SH,7.0,7.05,7.15,7.0,75583,53325908.0,2.13,0.14,0.01,0.46
1785,2017-09-05,601369SH,7.06,7.08,7.11,6.99,55255,38923203.0,1.7,0.43,0.03,0.34
1786,2017-09-06,601369SH,7.08,7.05,7.08,6.99,51957,36497546.0,1.27,-0.42,-0.03,0.32
1787,2017-09-07,601369SH,7.05,6.99,7.1,6.98,57703,40643131.0,1.7,-0.85,-0.06,0.35
1788,2017-09-08,601369SH,6.99,7.0,7.02,6.96,41059,28683570.0,0.86,0.14,0.01,0.25
1789,2017-09-11,601369SH,7.02,7.13,7.13,6.98,56496,40001040.0,2.14,1.86,0.13,0.34
1790,2017-09-12,601369SH,7.13,7.27,7.34,7.04,133977,96417362.0,4.21,1.96,0.14,0.82
1791,2017-09-13,601369SH,7.28,7.28,7.3,7.18,52172,37765461.0,1.65,0.14,0.01,0.32
1792,2017-09-14,601369SH,7.27,7.15,7.27,7.11,58741,42209349.0,2.2,-1.79,-0.13,0.36
1793,2017-09-15,601369SH,7.15,7.08,7.15,7.04,43927,31100929.0,1.54,-0.98,-0.07,0.27
1794,2017-09-18,601369SH,7.08,7.12,7.15,7.07,32372,22998404.0,1.13,0.56,0.04,0.2
1795,2017-09-19,601369SH,7.13,7.05,7.13,7.01,32432,22886979.0,1.69,-0.98,-0.07,0.2
1796,2017-09-20,601369SH,7.03,7.2,7.2,7.03,60885,43401322.0,2.41,2.13,0.15,0.37
1797,2017-09-21,601369SH,7.18,7.18,7.34,7.17,94308,68429663.0,2.36,-0.28,-0.02,0.58
1798,2017-09-22,601369SH,7.2,7.18,7.21,7.1,44934,32110608.0,1.53,0.0,0.0,0.27
1799,2017-09-25,601369SH,7.17,6.97,7.2,6.95,46661,32976639.0,3.48,-2.92,-0.21,0.28
1800,2017-09-26,601369SH,6.98,6.93,6.98,6.9,32023,22183680.0,1.15,-0.57,-0.04,0.2
1801,2017-09-27,601369SH,6.9,6.94,6.96,6.9,20580,14285020.0,0.87,0.14,0.01,0.13
1802,2017-09-28,601369SH,6.94,6.96,7.03,6.94,25157,17564891.0,1.3,0.29,0.02,0.15
1803,2017-09-29,601369SH,6.94,7.04,7.09,6.94,34554,24308774.0,2.16,1.15,0.08,0.21
1804,2017-10-09,601369SH,7.08,7.05,7.14,7.03,49041,34654223.0,1.56,0.14,0.01,0.3
1805,2017-10-10,601369SH,7.08,7.19,7.2,7.07,65742,47040935.0,1.84,1.99,0.14,0.4
1806,2017-10-11,601369SH,7.18,7.22,7.22,7.14,43128,30987409.0,1.11,0.42,0.03,0.26
1807,2017-10-12,601369SH,7.22,7.18,7.23,7.13,41260,29534453.0,1.39,-0.55,-0.04,0.25
1808,2017-10-13,601369SH,7.17,7.18,7.23,7.13,56718,40670319.0,1.39,0.0,0.0,0.35
1809,2017-10-16,601369SH,7.17,6.98,7.18,6.95,61115,43031752.0,3.2,-2.79,-0.2,0.37
1810,2017-10-17,601369SH,6.96,6.99,7.03,6.95,26857,18757903.0,1.15,0.14,0.01,0.16
1811,2017-10-18,601369SH,7.0,6.86,7.05,6.85,41266,28715997.0,2.86,-1.86,-0.13,0.25
1812,2017-10-19,601369SH,6.85,6.68,6.88,6.64,63291,42601186.0,3.5,-2.62,-0.18,0.39
1813,2017-10-20,601369SH,6.69,6.8,6.8,6.69,31783,21411811.0,1.65,1.8,0.12,0.19
1814,2017-10-23,601369SH,6.79,6.83,6.86,6.78,19423,13257015.0,1.18,0.44,0.03,0.12
1815,2017-10-24,601369SH,6.83,6.78,6.87,6.73,30634,20783202.0,2.05,-0.73,-0.05,0.19
1816,2017-10-25,601369SH,6.77,6.85,6.85,6.75,25680,17501000.0,1.47,1.03,0.07,0.16
1817,2017-10-26,601369SH,6.86,6.89,6.91,6.83,25179,17328112.0,1.17,0.58,0.04,0.15
1818,2017-10-27,601369SH,6.92,6.82,6.94,6.8,24547,16866317.0,2.03,-1.02,-0.07,0.15
1819,2017-10-30,601369SH,6.89,6.75,6.9,6.72,36727,24993704.0,2.64,-1.03,-0.07,0.22
1820,2017-10-31,601369SH,6.78,7.08,7.09,6.75,82032,57263717.0,5.04,4.89,0.33,0.5
1821,2017-11-01,601369SH,7.08,7.1,7.23,7.02,80149,57210849.0,2.97,0.28,0.02,0.49
1822,2017-11-02,601369SH,7.11,7.15,7.24,7.06,77114,55158691.0,2.54,0.7,0.05,0.47
1823,2017-11-03,601369SH,7.14,7.36,7.4,7.11,176484,128229829.0,4.06,2.94,0.21,1.08
1824,2017-11-06,601369SH,7.36,7.31,7.47,7.24,102734,75207776.0,3.13,-0.68,-0.05,0.63
1825,2017-11-07,601369SH,7.32,7.32,7.47,7.26,111049,81669382.0,2.87,0.14,0.01,0.68
1826,2017-11-08,601369SH,7.29,7.4,7.45,7.19,121206,88382624.0,3.55,1.09,0.08,0.74
1827,2017-11-09,601369SH,7.32,7.39,7.44,7.26,79100,58235268.0,2.43,-0.14,-0.01,0.48
1828,2017-11-10,601369SH,7.39,7.46,7.54,7.29,98407,72782678.0,3.38,0.95,0.07,0.6
1829,2017-11-13,601369SH,7.45,7.41,7.56,7.33,95724,71351647.0,3.08,-0.67,-0.05,0.58
1830,2017-11-14,601369SH,7.38,7.19,7.42,7.15,91715,66531081.0,3.64,-2.97,-0.22,0.56
1831,2017-11-15,601369SH,7.18,7.22,7.26,7.16,58915,42532636.0,1.39,0.42,0.03,0.36
1832,2017-11-16,601369SH,7.19,7.26,7.32,7.19,61676,44800323.0,1.8,0.55,0.04,0.38
1833,2017-11-17,601369SH,7.23,6.96,7.26,6.88,104533,73535866.0,5.23,-4.13,-0.3,0.64
1834,2017-11-20,601369SH,6.94,6.93,6.96,6.73,55728,38260568.0,3.3,-0.43,-0.03,0.34
1835,2017-11-21,601369SH,6.9,7.14,7.17,6.9,69013,48766560.0,3.9,3.03,0.21,0.42
1836,2017-11-22,601369SH,7.17,7.34,7.35,7.12,109036,79391357.0,3.22,2.8,0.2,0.67
1837,2017-11-23,601369SH,7.36,7.14,7.46,7.12,85570,62053070.0,4.63,-2.72,-0.2,0.52
1838,2017-11-24,601369SH,7.15,7.65,7.67,7.07,186750,138984678.0,8.4,7.14,0.51,1.14
1839,2017-11-27,601369SH,7.61,7.56,7.68,7.4,172043,129850148.0,3.66,-1.18,-0.09,1.05
1840,2017-11-28,601369SH,7.5,7.82,7.83,7.42,173112,132009341.0,5.42,3.44,0.26,1.06
1841,2017-11-29,601369SH,7.71,7.77,7.85,7.6,173258,134269855.0,3.2,-0.64,-0.05,1.06
1842,2017-11-30,601369SH,7.7,7.54,7.78,7.48,128778,97956878.0,3.86,-2.96,-0.23,0.79
1843,2017-12-01,601369SH,7.57,7.72,7.74,7.49,124274,94685778.0,3.32,2.39,0.18,0.76
1844,2017-12-04,601369SH,7.64,7.85,8.05,7.55,204926,160533134.0,6.48,1.68,0.13,1.25
1845,2017-12-05,601369SH,7.8,7.57,7.89,7.41,149495,114155887.0,6.11,-3.57,-0.28,0.91
1846,2017-12-06,601369SH,7.55,8.07,8.08,7.49,276724,217740501.0,7.79,6.61,0.5,1.69
1847,2017-12-07,601369SH,8.0,8.0,8.2,7.89,245798,197199138.0,3.84,-0.87,-0.07,1.5
1848,2017-12-08,601369SH,7.93,7.93,8.02,7.84,140339,111228097.0,2.25,-0.88,-0.07,0.86
1849,2017-12-11,601369SH,7.9,8.01,8.04,7.82,120120,95133543.0,2.77,1.01,0.08,0.73
1850,2017-12-12,601369SH,7.96,7.73,7.98,7.72,133632,104487292.0,3.25,-3.5,-0.28,0.82
1851,2017-12-13,601369SH,7.67,7.91,7.92,7.61,126390,98347644.0,4.01,2.33,0.18,0.77
1852,2017-12-14,601369SH,7.92,8.11,8.18,7.81,220475,177204435.0,4.68,2.53,0.2,1.35
1853,2017-12-15,601369SH,8.04,7.89,8.09,7.71,182887,144610328.0,4.69,-2.71,-0.22,1.12
1854,2017-12-18,601369SH,7.92,7.92,8.01,7.8,88347,69870315.0,2.66,0.38,0.03,0.54
1855,2017-12-19,601369SH,7.87,7.74,7.92,7.64,151050,117255238.0,3.54,-2.27,-0.18,0.92
1856,2017-12-20,601369SH,7.73,7.48,7.79,7.42,181719,136968905.0,4.78,-3.36,-0.26,1.11
1857,2017-12-21,601369SH,7.45,7.52,7.57,7.35,122088,91091302.0,2.94,0.53,0.04,0.74
1858,2017-12-22,601369SH,7.53,7.44,7.59,7.43,81735,61479492.0,2.13,-1.06,-0.08,0.5
1859,2017-12-25,601369SH,7.43,7.57,7.66,7.39,110531,83641307.0,3.63,1.75,0.13,0.67
1860,2017-12-26,601369SH,7.53,7.69,7.74,7.45,108154,82264059.0,3.83,1.59,0.12,0.66
1861,2017-12-27,601369SH,7.67,7.6,7.74,7.57,79910,61063244.0,2.21,-1.17,-0.09,0.49
1862,2018-03-02,601369SH,6.85,6.94,7.05,6.84,296506,204272404.0,2.76,-8.68,-0.66,1.81
1863,2018-03-05,601369SH,6.85,6.77,6.87,6.71,115058,78120045.0,2.31,-2.45,-0.17,0.7
1864,2018-03-06,601369SH,6.78,7.09,7.14,6.78,142460,99280312.0,5.32,4.73,0.32,0.87
1865,2018-03-07,601369SH,7.06,7.0,7.09,6.98,68889,48323575.0,1.55,-1.27,-0.09,0.42
1866,2018-03-08,601369SH,6.99,7.46,7.48,6.98,143390,103338126.0,7.14,6.57,0.46,0.87
1867,2018-03-09,601369SH,7.4,7.8,7.86,7.35,128226,96403479.0,6.84,4.56,0.34,0.78
1868,2018-03-12,601369SH,7.77,7.86,7.98,7.73,120978,94853742.0,3.21,0.77,0.06,0.74
1869,2018-03-13,601369SH,7.86,7.83,8.01,7.67,113193,89192295.0,4.33,-0.38,-0.03,0.69
1870,2018-03-14,601369SH,7.84,7.78,7.94,7.75,59779,46821265.0,2.43,-0.64,-0.05,0.36
1871,2018-03-15,601369SH,7.72,7.81,7.87,7.65,64046,49784231.0,2.83,0.39,0.03,0.39
1872,2018-03-16,601369SH,7.85,7.62,7.85,7.6,50949,39291682.0,3.2,-2.43,-0.19,0.31
1873,2018-03-19,601369SH,7.67,7.62,7.85,7.56,106681,82031052.0,3.81,0.0,0.0,0.65
1874,2018-03-20,601369SH,7.59,7.82,7.85,7.53,91119,70217759.0,4.2,2.62,0.2,0.56
1875,2018-03-21,601369SH,7.83,7.75,8.02,7.75,124086,98081718.0,3.45,-0.9,-0.07,0.76
1876,2018-03-22,601369SH,7.75,7.84,7.9,7.66,73438,57345987.0,3.1,1.16,0.09,0.45
1877,2018-03-23,601369SH,7.7,7.36,7.73,7.35,111650,84268008.0,4.85,-6.12,-0.48,0.68
1878,2018-03-26,601369SH,7.25,7.59,7.6,7.19,81669,61018452.0,5.57,3.13,0.23,0.5
1879,2018-03-27,601369SH,7.65,7.85,7.85,7.63,94490,73483001.0,2.9,3.43,0.26,0.58
1880,2018-03-28,601369SH,7.75,7.88,7.89,7.72,83862,65568300.0,2.17,0.38,0.03,0.51
1881,2018-03-29,601369SH,7.88,8.02,8.09,7.86,110685,88417369.0,2.92,1.78,0.14,0.68
1882,2018-03-30,601369SH,7.92,7.82,8.03,7.77,156788,123660464.0,3.24,-2.49,-0.2,0.96
1883,2018-04-02,601369SH,7.87,8.51,8.6,7.85,312959,260806167.0,9.59,8.82,0.69,1.91
1884,2018-04-03,601369SH,8.38,8.54,8.66,8.33,184158,156908124.0,3.88,0.35,0.03,1.12
1885,2018-04-04,601369SH,8.55,8.54,8.72,8.43,122783,105215572.0,3.4,0.0,0.0,0.75
1886,2018-04-09,601369SH,8.49,8.53,8.64,8.34,95870,81316236.0,3.51,-0.12,-0.01,0.59
1887,2018-04-10,601369SH,8.5,8.59,8.69,8.29,122251,104124998.0,4.69,0.7,0.06,0.75
1888,2018-04-11,601369SH,8.64,8.59,8.69,8.48,100375,86085724.0,2.44,0.0,0.0,0.61
1889,2018-04-12,601369SH,8.55,8.58,8.61,8.42,83655,71480454.0,2.21,-0.12,-0.01,0.51
1890,2018-04-13,601369SH,8.58,8.84,8.97,8.51,194665,170352454.0,5.36,3.03,0.26,1.19
1891,2018-04-16,601369SH,8.91,8.86,9.12,8.7,187622,166807892.0,4.75,0.23,0.02,1.14
1892,2018-04-17,601369SH,8.8,8.73,9.1,8.68,186222,165867339.0,4.74,-1.47,-0.13,1.14
1893,2018-04-18,601369SH,8.72,8.75,8.88,8.46,163249,141889597.0,4.81,0.23,0.02,1.0
1894,2018-04-19,601369SH,8.68,8.86,9.06,8.64,166048,148309953.0,4.8,1.26,0.11,1.01
1895,2018-04-20,601369SH,8.81,8.29,8.88,8.26,189121,160855652.0,7.0,-6.43,-0.57,1.15
1896,2018-04-23,601369SH,8.3,8.45,8.47,8.21,102116,85550211.0,3.14,1.93,0.16,0.62
1897,2018-04-24,601369SH,8.47,8.4,8.54,8.34,95308,80262959.0,2.37,-0.59,-0.05,0.58
1898,2018-04-25,601369SH,8.36,8.42,8.58,8.31,55156,46634002.0,3.21,0.24,0.02,0.34
1899,2018-04-26,601369SH,8.38,7.89,8.42,7.81,184788,148107064.0,7.24,-6.29,-0.53,1.13
1900,2018-04-27,601369SH,7.92,7.86,7.98,7.62,99518,77554404.0,4.56,-0.38,-0.03,0.61
1901,2018-05-02,601369SH,7.87,7.41,7.9,7.35,190171,143845250.0,7.0,-5.73,-0.45,1.16
1902,2018-05-03,601369SH,7.47,7.5,7.54,7.31,129837,96699462.0,3.1,1.21,0.09,0.79
1903,2018-05-04,601369SH,7.5,7.38,7.54,7.37,104603,77828714.0,2.27,-1.6,-0.12,0.64
1904,2018-05-07,601369SH,7.42,7.48,7.53,7.36,113511,84907428.0,2.3,1.36,0.1,0.69
1905,2018-05-08,601369SH,7.5,7.62,7.63,7.46,106146,80455333.0,2.27,1.87,0.14,0.65
1906,2018-05-09,601369SH,7.62,7.6,7.65,7.51,70933,53744204.0,1.84,-0.26,-0.02,0.43
1907,2018-05-10,601369SH,7.58,7.58,7.62,7.49,69096,52207897.0,1.71,-0.26,-0.02,0.42
1908,2018-05-11,601369SH,7.6,7.36,7.6,7.35,103400,77183362.0,3.3,-2.9,-0.22,0.63
1909,2018-05-14,601369SH,7.36,7.35,7.46,7.29,57212,42272672.0,2.31,-0.14,-0.01,0.35
1910,2018-05-15,601369SH,7.36,7.43,7.44,7.32,57613,42503630.0,1.63,1.09,0.08,0.35
1911,2018-05-16,601369SH,7.42,7.34,7.46,7.32,54912,40674050.0,1.88,-1.21,-0.09,0.34
1912,2018-05-17,601369SH,7.36,7.5,7.51,7.34,62193,46244358.0,2.32,2.18,0.16,0.38
1913,2018-05-18,601369SH,7.5,7.47,7.54,7.36,59933,44632122.0,2.4,-0.4,-0.03,0.37
1914,2018-05-21,601369SH,7.52,7.65,7.71,7.5,109139,83243968.0,2.81,2.41,0.18,0.67
1915,2018-05-22,601369SH,7.65,7.67,7.72,7.61,64074,49079493.0,1.44,0.26,0.02,0.39
1916,2018-05-23,601369SH,7.64,7.53,7.69,7.51,58023,43896161.0,2.35,-1.83,-0.14,0.35
1917,2018-05-24,601369SH,7.53,7.44,7.59,7.41,52893,39626329.0,2.39,-1.2,-0.09,0.32
1918,2018-05-25,601369SH,7.42,7.45,7.53,7.35,48202,35852032.0,2.42,0.13,0.01,0.29
1919,2018-05-28,601369SH,7.4,7.33,7.45,7.27,56105,41283591.0,2.42,-1.61,-0.12,0.34
1920,2018-05-29,601369SH,7.3,7.02,7.35,6.98,115426,82422479.0,5.05,-4.23,-0.31,0.7
1921,2018-05-30,601369SH,7.02,6.79,7.02,6.76,80241,55121327.0,3.7,-3.28,-0.23,0.49
1922,2018-05-31,601369SH,6.81,6.89,6.92,6.81,40526,27889632.0,1.62,1.47,0.1,0.25
1923,2018-06-01,601369SH,6.84,6.84,6.89,6.79,31734,21722559.0,1.45,-0.73,-0.05,0.19
1924,2018-06-04,601369SH,6.88,6.92,6.98,6.85,30799,21350491.0,1.9,1.17,0.08,0.19
1925,2018-06-05,601369SH,6.9,7.01,7.03,6.9,35142,24515714.0,1.88,1.3,0.09,0.21
1926,2018-06-06,601369SH,7.01,6.99,7.01,6.95,26055,18165592.0,0.86,-0.29,-0.02,0.16
1927,2018-06-07,601369SH,7.02,6.89,7.02,6.86,31530,21842138.0,2.29,-1.43,-0.1,0.19
1928,2018-06-08,601369SH,6.89,6.73,6.89,6.69,45997,31056977.0,2.9,-2.32,-0.16,0.28
1929,2018-06-11,601369SH,6.73,6.8,6.8,6.66,29805,20109379.0,2.08,1.04,0.07,0.18
1930,2018-06-12,601369SH,6.81,6.82,6.84,6.71,38280,25965538.0,1.91,0.29,0.02,0.23
1931,2018-06-13,601369SH,6.8,6.72,6.83,6.72,29252,19810873.0,1.61,-1.47,-0.1,0.18
1932,2018-06-14,601369SH,6.7,6.81,6.84,6.65,30771,20848069.0,2.83,1.34,0.09,0.19
1933,2018-06-15,601369SH,6.83,6.96,6.99,6.78,65921,45550011.0,3.08,2.2,0.15,0.4
1934,2018-06-19,601369SH,6.91,6.27,6.93,6.26,83737,54885429.0,9.63,-9.91,-0.69,0.51
1935,2018-06-20,601369SH,6.24,6.38,6.46,6.11,45592,28842744.0,5.58,1.75,0.11,0.28
1936,2018-06-21,601369SH,6.44,6.28,6.46,6.18,38921,24707245.0,4.39,-1.57,-0.1,0.24
1937,2018-06-22,601369SH,6.19,6.35,6.42,6.18,42535,26914717.0,3.82,1.11,0.07,0.26
1938,2018-06-25,601369SH,6.43,6.39,6.45,6.32,34797,22258421.0,2.05,0.63,0.04,0.21
1939,2018-06-26,601369SH,6.18,6.23,6.26,6.05,36417,22419677.0,3.29,-2.5,-0.16,0.22
1940,2018-06-27,601369SH,6.25,6.22,6.31,6.21,27360,17119695.0,1.61,-0.16,-0.01,0.17
1941,2018-06-28,601369SH,6.23,6.25,6.37,6.19,23910,15000645.0,2.89,0.48,0.03,0.15
1942,2018-06-29,601369SH,6.29,6.4,6.42,6.27,28426,18096026.0,2.4,2.4,0.15,0.17
1943,2018-07-02,601369SH,6.4,6.35,6.49,6.29,28611,18291781.0,3.13,-0.78,-0.05,0.17
1944,2018-07-03,601369SH,6.35,6.46,6.47,6.31,27931,17915791.0,2.52,1.73,0.11,0.17
1945,2018-07-04,601369SH,6.46,6.34,6.52,6.27,32326,20596240.0,3.87,-1.86,-0.12,0.2
1946,2018-07-05,601369SH,6.31,6.09,6.36,6.08,25962,16150140.0,4.42,-3.94,-0.25,0.16
1947,2018-07-06,601369SH,6.12,6.14,6.28,6.06,27725,17059876.0,3.61,0.82,0.05,0.17
1948,2018-07-09,601369SH,6.14,6.18,6.21,6.13,72364,44633633.0,1.3,0.65,0.04,0.44
1949,2018-07-10,601369SH,6.18,6.19,6.21,6.09,41878,25776755.0,1.94,0.16,0.01,0.26
1950,2018-07-11,601369SH,6.14,5.95,6.14,5.87,64034,38392899.0,4.36,-3.88,-0.24,0.39
1951,2018-07-12,601369SH,6.0,6.07,6.13,5.95,49420,29859077.0,3.03,2.02,0.12,0.3
1952,2018-07-13,601369SH,6.1,6.09,6.15,6.06,21670,13205685.0,1.48,0.33,0.02,0.13
1953,2018-07-16,601369SH,6.12,6.14,6.19,6.08,27382,16815201.0,1.81,0.82,0.05,0.17
1954,2018-07-17,601369SH,6.14,6.18,6.21,6.09,22462,13812962.0,1.95,0.65,0.04,0.14
1955,2018-07-18,601369SH,6.25,6.19,6.25,6.15,30454,18848612.0,1.62,0.16,0.01,0.19
1956,2018-07-19,601369SH,6.2,6.13,6.23,6.09,24104,14813341.0,2.26,-0.97,-0.06,0.15
1957,2018-07-20,601369SH,6.13,6.21,6.22,6.09,34572,21318832.0,2.12,1.31,0.08,0.21
1958,2018-07-23,601369SH,6.2,6.34,6.39,6.19,38340,24192625.0,3.22,2.09,0.13,0.23
1959,2018-07-24,601369SH,6.34,6.47,6.52,6.34,53123,34361712.0,2.84,2.05,0.13,0.32
1960,2018-07-25,601369SH,6.5,6.47,6.52,6.43,29787,19298164.0,1.39,0.0,0.0,0.18
1961,2018-07-26,601369SH,6.46,6.49,6.56,6.45,34216,22269033.0,1.7,0.31,0.02,0.21
1962,2018-07-27,601369SH,6.5,6.52,6.59,6.43,37942,24768963.0,2.47,0.46,0.03,0.23
1963,2018-07-30,601369SH,6.55,6.44,6.55,6.3,43206,27817561.0,3.83,-1.23,-0.08,0.26
1964,2018-07-31,601369SH,6.48,6.56,6.65,6.44,51287,33699172.0,3.26,1.86,0.12,0.31
1965,2018-08-01,601369SH,6.56,6.43,6.65,6.38,39467,25675632.0,4.12,-1.98,-0.13,0.24
1966,2018-08-02,601369SH,6.34,6.34,6.4,6.24,41721,26367618.0,2.49,-1.4,-0.09,0.25
1967,2018-08-03,601369SH,6.4,6.26,6.4,6.21,28485,17973608.0,3.0,-1.26,-0.08,0.17
1968,2018-08-06,601369SH,6.25,6.08,6.32,6.03,41662,25654841.0,4.63,-2.88,-0.18,0.25
1969,2018-08-07,601369SH,6.14,6.24,6.24,6.03,36772,22680875.0,3.45,2.63,0.16,0.22
1970,2018-08-08,601369SH,6.26,6.3,6.38,6.21,35948,22699899.0,2.72,0.96,0.06,0.22
1971,2018-08-09,601369SH,6.3,6.47,6.51,6.26,37725,24291846.0,3.97,2.7,0.17,0.23
1972,2018-08-10,601369SH,6.45,6.46,6.51,6.38,25352,16311926.0,2.01,-0.15,-0.01,0.15
1973,2018-08-13,601369SH,6.39,6.48,6.49,6.37,23843,15375119.0,1.86,0.31,0.02,0.15
1974,2018-08-14,601369SH,6.49,6.75,6.76,6.43,85885,56964786.0,5.09,4.17,0.27,0.52
1975,2018-08-15,601369SH,6.76,6.61,6.77,6.55,70458,46725972.0,3.26,-2.07,-0.14,0.43
1976,2018-08-16,601369SH,6.51,6.62,6.67,6.45,41035,27065686.0,3.33,0.15,0.01,0.25
1977,2018-08-17,601369SH,6.69,6.45,6.72,6.45,32727,21373791.0,4.08,-2.57,-0.17,0.2
1978,2018-08-20,601369SH,6.42,6.4,6.47,6.15,38300,24187519.0,4.96,-0.78,-0.05,0.23
1979,2018-08-21,601369SH,6.39,6.4,6.46,6.35,19893,12760834.0,1.72,0.0,0.0,0.12
1980,2018-08-22,601369SH,6.49,6.56,6.59,6.44,35924,23493519.0,2.34,2.5,0.16,0.22
1981,2018-08-23,601369SH,6.52,6.45,6.62,6.4,43246,28020366.0,3.35,-1.68,-0.11,0.26
1982,2018-08-24,601369SH,6.41,6.42,6.48,6.35,21620,13854011.0,2.02,-0.47,-0.03,0.13
1983,2018-08-27,601369SH,6.43,6.66,6.66,6.42,43572,28560099.0,3.74,3.74,0.24,0.27
1984,2018-08-28,601369SH,6.67,6.7,6.79,6.57,50683,33861808.0,3.3,0.6,0.04,0.31
1985,2018-08-29,601369SH,6.7,6.65,6.75,6.63,34918,23338944.0,1.79,-0.75,-0.05,0.21
1986,2018-08-30,601369SH,6.64,6.51,6.68,6.51,41388,27314686.0,2.56,-2.11,-0.14,0.25
1987,2018-08-31,601369SH,6.53,6.54,6.59,6.48,24037,15714423.0,1.69,0.46,0.03,0.15
1988,2018-09-03,601369SH,6.57,6.49,6.57,6.44,24857,16159252.0,1.99,-0.76,-0.05,0.15
1989,2018-09-04,601369SH,6.49,6.59,6.59,6.49,30749,20136863.0,1.54,1.54,0.1,0.19
1990,2018-09-05,601369SH,6.58,6.38,6.62,6.38,36639,23851484.0,3.64,-3.19,-0.21,0.22
1991,2018-09-06,601369SH,6.34,6.29,6.47,6.27,41725,26559769.0,3.13,-1.41,-0.09,0.25
1992,2018-09-07,601369SH,6.32,6.22,6.4,6.19,50683,31809786.0,3.34,-1.11,-0.07,0.31
1993,2018-09-10,601369SH,6.22,6.15,6.27,6.1,29146,18026811.0,2.73,-1.13,-0.07,0.18
1994,2018-09-11,601369SH,6.15,6.16,6.22,6.08,25828,15913464.0,2.28,0.16,0.01,0.16
1995,2018-09-12,601369SH,6.16,6.18,6.24,6.1,25637,15860204.0,2.27,0.32,0.02,0.16
1996,2018-09-13,601369SH,6.2,6.24,6.28,6.13,19253,11964733.0,2.43,0.97,0.06,0.12
1997,2018-09-14,601369SH,6.24,6.24,6.28,6.21,16297,10176407.0,1.12,0.0,0.0,0.1
1998,2018-09-17,601369SH,6.2,6.18,6.24,6.16,17247,10706011.0,1.28,-0.96,-0.06,0.11
1999,2018-09-18,601369SH,6.21,6.3,6.31,6.16,18781,11730689.0,2.43,1.94,0.12,0.11
2000,2018-09-19,601369SH,6.31,6.35,6.38,6.27,22416,14181419.0,1.75,0.79,0.05,0.14
2001,2018-09-20,601369SH,6.3,6.29,6.37,6.27,14942,9435474.0,1.57,-0.94,-0.06,0.09
2002,2018-09-21,601369SH,6.3,6.39,6.39,6.29,32745,20850433.0,1.59,1.59,0.1,0.2
2003,2018-09-25,601369SH,6.39,6.39,6.41,6.35,19757,12623632.0,0.94,0.0,0.0,0.12
2004,2018-09-26,601369SH,6.41,6.39,6.42,6.36,29517,18884760.0,0.94,0.0,0.0,0.18
2005,2018-09-27,601369SH,6.39,6.34,6.39,6.34,16999,10827208.0,0.78,-0.78,-0.05,0.1
2006,2018-09-28,601369SH,6.38,6.37,6.4,6.33,14652,9334546.0,1.1,0.47,0.03,0.09
2007,2018-10-08,601369SH,6.36,6.13,6.36,6.11,31007,19248369.0,3.92,-3.77,-0.24,0.19
2008,2018-10-09,601369SH,6.14,6.12,6.18,6.09,18760,11503752.0,1.47,-0.16,-0.01,0.11
2009,2018-10-10,601369SH,6.14,6.09,6.15,6.06,16833,10253926.0,1.47,-0.49,-0.03,0.1
2010,2018-10-11,601369SH,5.96,5.48,5.98,5.48,78960,44613239.0,8.21,-10.02,-0.61,0.48
2011,2018-10-12,601369SH,5.41,5.33,5.47,5.09,56811,30058559.0,6.93,-2.74,-0.15,0.35
2012,2018-10-15,601369SH,5.35,5.3,5.4,5.26,30943,16565691.0,2.63,-0.56,-0.03,0.19
2013,2018-10-16,601369SH,5.26,5.3,5.44,5.25,37926,20330345.0,3.58,0.0,0.0,0.23
2014,2018-10-17,601369SH,5.4,5.23,5.4,5.05,33372,17393835.0,6.6,-1.32,-0.07,0.2
2015,2018-10-18,601369SH,5.24,5.03,5.24,5.01,25584,13048827.0,4.4,-3.82,-0.2,0.16
2016,2018-10-19,601369SH,5.01,5.16,5.16,4.95,25835,13060808.0,4.17,2.58,0.13,0.16
2017,2018-10-22,601369SH,5.21,5.35,5.42,5.15,42411,22644336.0,5.23,3.68,0.19,0.26
2018,2018-10-23,601369SH,5.34,5.32,5.39,5.28,27658,14760028.0,2.06,-0.56,-0.03,0.17
2019,2018-10-24,601369SH,5.3,5.34,5.42,5.28,23332,12523175.0,2.63,0.38,0.02,0.14
2020,2018-10-25,601369SH,5.24,5.3,5.3,5.15,16275,8532903.0,2.81,-0.75,-0.04,0.1
2021,2018-10-26,601369SH,5.32,5.42,5.45,5.32,30522,16513413.0,2.45,2.26,0.12,0.19
2022,2018-10-29,601369SH,5.4,5.33,5.42,5.32,20981,11259838.0,1.85,-1.66,-0.09,0.13
2023,2018-10-30,601369SH,5.39,5.56,5.62,5.36,62707,34687942.0,4.88,4.32,0.23,0.38
2024,2018-10-31,601369SH,5.61,5.52,5.63,5.51,37692,20987867.0,2.16,-0.72,-0.04,0.23
2025,2018-11-01,601369SH,5.55,5.79,5.91,5.55,96064,55603571.0,6.52,4.89,0.27,0.59
2026,2018-11-02,601369SH,5.88,5.94,6.02,5.8,82680,49200924.0,3.8,2.59,0.15,0.5
2027,2018-11-05,601369SH,5.99,6.01,6.1,5.92,69704,41966810.0,3.03,1.18,0.07,0.43
2028,2018-11-06,601369SH,6.04,6.14,6.16,5.98,43895,26679965.0,3.0,2.16,0.13,0.27
2029,2018-11-07,601369SH,6.17,6.09,6.25,6.08,40148,24747395.0,2.77,-0.81,-0.05,0.24
2030,2018-11-08,601369SH,6.19,6.11,6.19,6.08,25203,15493414.0,1.81,0.33,0.02,0.15
2031,2018-11-09,601369SH,6.16,6.14,6.2,6.06,28012,17188683.0,2.29,0.49,0.03,0.17
2032,2018-11-12,601369SH,6.08,6.19,6.28,6.05,38628,23800768.0,3.75,0.81,0.05,0.24
2033,2018-11-13,601369SH,6.19,6.3,6.4,6.12,57223,36115379.0,4.52,1.78,0.11,0.35
2034,2018-11-14,601369SH,6.3,6.31,6.41,6.27,36484,23159865.0,2.22,0.16,0.01,0.22
2035,2018-11-15,601369SH,6.26,6.41,6.43,6.22,36675,23437523.0,3.33,1.58,0.1,0.22
2036,2018-11-16,601369SH,6.41,6.48,6.54,6.4,33726,21861210.0,2.18,1.09,0.07,0.21
2037,2018-11-19,601369SH,6.55,6.55,6.6,6.36,51217,33251093.0,3.7,1.08,0.07,0.31
2038,2018-11-20,601369SH,6.53,6.33,6.53,6.28,37778,24135000.0,3.82,-3.36,-0.22,0.23
2039,2018-11-21,601369SH,6.3,6.48,6.5,6.29,37564,24141657.0,3.32,2.37,0.15,0.23
2040,2018-11-22,601369SH,6.51,6.4,6.56,6.4,25956,16822794.0,2.47,-1.23,-0.08,0.16
2041,2018-11-23,601369SH,6.36,6.19,6.54,6.11,57101,35624998.0,6.72,-3.28,-0.21,0.35
2042,2018-11-26,601369SH,6.19,6.1,6.31,6.08,31711,19568941.0,3.72,-1.45,-0.09,0.19
2043,2018-11-27,601369SH,6.21,6.2,6.34,6.14,44280,27660059.0,3.28,1.64,0.1,0.27
2044,2018-11-28,601369SH,6.2,6.37,6.45,6.2,37071,23461069.0,4.03,2.74,0.17,0.23
2045,2018-11-29,601369SH,6.41,6.13,6.44,6.12,35546,22288870.0,5.02,-3.77,-0.24,0.22
2046,2018-11-30,601369SH,6.11,6.44,6.45,6.11,69783,44294738.0,5.55,5.06,0.31,0.43
2047,2018-12-03,601369SH,6.58,6.45,6.58,6.34,83216,53556779.0,3.73,0.16,0.01,0.51
2048,2018-12-04,601369SH,6.39,6.41,6.58,6.35,58061,37293758.0,3.57,-0.62,-0.04,0.35
2049,2018-12-05,601369SH,6.37,6.38,6.39,6.24,45594,28780961.0,2.34,-0.47,-0.03,0.28
2050,2018-12-06,601369SH,6.21,6.17,6.36,6.16,47270,29504029.0,3.13,-3.29,-0.21,0.29
2051,2018-12-07,601369SH,6.22,6.42,6.47,6.17,62459,39711971.0,4.86,4.05,0.25,0.38
2052,2018-12-10,601369SH,6.42,6.26,6.42,6.23,33130,21006840.0,2.96,-2.49,-0.16,0.2
2053,2018-12-11,601369SH,6.32,6.33,6.4,6.28,27553,17434866.0,1.92,1.12,0.07,0.17
2054,2018-12-12,601369SH,6.36,6.23,6.37,6.2,32497,20357424.0,2.69,-1.58,-0.1,0.2
2055,2018-12-13,601369SH,6.29,6.38,6.41,6.26,35768,22759226.0,2.41,2.41,0.15,0.22
2056,2018-12-14,601369SH,6.36,6.23,6.37,6.14,33490,20849466.0,3.61,-2.35,-0.15,0.2
2057,2018-12-17,601369SH,6.1,6.13,6.18,6.08,24914,15244894.0,1.61,-1.61,-0.1,0.15
2058,2018-12-18,601369SH,6.2,6.14,6.2,5.95,45439,27653691.0,4.08,0.16,0.01,0.28
2059,2018-12-19,601369SH,6.12,6.08,6.13,6.01,24732,14990948.0,1.95,-0.98,-0.06,0.15
2060,2018-12-20,601369SH,6.02,6.09,6.13,5.99,27378,16573794.0,2.3,0.16,0.01,0.17
2061,2018-12-21,601369SH,6.09,6.08,6.12,6.01,22305,13546804.0,1.81,-0.16,-0.01,0.14
2062,2018-12-24,601369SH,6.29,6.18,6.29,6.1,23587,14555220.0,3.13,1.64,0.1,0.14
2063,2018-12-25,601369SH,6.16,6.27,6.27,6.01,24237,14854161.0,4.21,1.46,0.09,0.15
2064,2018-12-26,601369SH,6.26,6.1,6.26,6.0,40141,24382418.0,4.15,-2.71,-0.17,0.24
2065,2018-12-27,601369SH,6.18,5.98,6.18,5.98,26364,15968336.0,3.28,-1.97,-0.12,0.16
2066,2018-12-28,601369SH,6.0,6.05,6.1,5.71,48118,28441134.0,6.52,1.17,0.07,0.29
2067,2019-01-02,601369SH,6.02,5.85,6.05,5.75,36247,21230128.0,4.96,-3.31,-0.2,0.22
2068,2019-01-03,601369SH,5.84,5.66,5.89,5.64,35513,20403671.0,4.27,-3.25,-0.19,0.22
2069,2019-01-04,601369SH,5.67,5.8,5.83,5.61,26057,14997974.0,3.89,2.47,0.14,0.16
2070,2019-01-07,601369SH,5.81,6.03,6.06,5.81,38048,22700263.0,4.31,3.97,0.23,0.23
2071,2019-01-08,601369SH,6.08,6.02,6.08,5.99,23153,13977753.0,1.49,-0.17,-0.01,0.14
2072,2019-01-09,601369SH,6.04,6.14,6.21,5.98,29236,18016438.0,3.82,1.99,0.12,0.18
2073,2019-01-10,601369SH,6.17,6.11,6.26,6.1,26463,16308453.0,2.61,-0.49,-0.03,0.16
2074,2019-01-11,601369SH,6.12,6.14,6.21,6.08,19701,12115072.0,2.13,0.49,0.03,0.12
2075,2019-01-14,601369SH,6.16,6.1,6.23,6.03,30663,18811206.0,3.26,-0.65,-0.04,0.19
2076,2019-01-15,601369SH,6.06,6.09,6.16,6.05,26473,16126751.0,1.8,-0.16,-0.01,0.16
2077,2019-01-16,601369SH,6.13,6.1,6.14,6.06,12685,7730930.0,1.31,0.16,0.01,0.08
2078,2019-01-17,601369SH,6.06,6.06,6.13,5.99,16278,9846054.0,2.3,-0.66,-0.04,0.1
2079,2019-01-18,601369SH,6.03,6.08,6.1,6.0,20562,12472718.0,1.65,0.33,0.02,0.13
2080,2019-01-21,601369SH,6.12,6.09,6.14,6.08,59023,36043950.0,0.99,0.16,0.01,0.36
2081,2019-01-22,601369SH,6.07,6.06,6.12,5.99,48259,29238983.0,2.13,-0.49,-0.03,0.29
2082,2019-01-23,601369SH,6.0,5.88,6.02,5.82,33351,19727646.0,3.3,-2.97,-0.18,0.2
2083,2019-01-24,601369SH,5.89,6.03,6.06,5.89,27917,16702350.0,2.89,2.55,0.15,0.17
2084,2019-01-25,601369SH,5.9,6.0,6.05,5.9,21067,12636913.0,2.49,-0.5,-0.03,0.13
2085,2019-01-28,601369SH,6.05,5.99,6.07,5.97,20957,12639728.0,1.67,-0.17,-0.01,0.13
2086,2019-01-29,601369SH,5.99,5.77,6.03,5.72,37521,21863010.0,5.18,-3.67,-0.22,0.23
2087,2019-01-30,601369SH,5.78,5.99,6.02,5.76,38807,23098607.0,4.51,3.81,0.22,0.24
2088,2019-01-31,601369SH,5.93,5.68,5.94,5.65,66897,38570479.0,4.84,-5.18,-0.31,0.41
2089,2019-02-01,601369SH,5.73,5.78,5.82,5.71,26757,15437437.0,1.94,1.76,0.1,0.16
2090,2019-02-11,601369SH,5.83,5.96,5.97,5.78,36036,21277836.0,3.29,3.11,0.18,0.22
2091,2019-02-12,601369SH,5.97,6.09,6.1,5.92,37608,22750159.0,3.02,2.18,0.13,0.23
2092,2019-02-13,601369SH,6.1,6.13,6.16,6.03,30876,18864710.0,2.13,0.66,0.04,0.19
2093,2019-02-14,601369SH,6.15,6.18,6.26,6.09,47803,29517512.0,2.77,0.82,0.05,0.29
2094,2019-02-15,601369SH,6.18,6.14,6.2,6.09,30938,19020077.0,1.78,-0.65,-0.04,0.19
2095,2019-02-18,601369SH,6.17,6.37,6.4,6.17,53730,33902301.0,3.75,3.75,0.23,0.33
2096,2019-02-19,601369SH,6.4,6.33,6.4,6.26,36922,23344717.0,2.2,-0.63,-0.04,0.23
2097,2019-02-20,601369SH,6.33,6.36,6.38,6.26,26677,16845242.0,1.9,0.47,0.03,0.16
2098,2019-02-21,601369SH,6.31,6.27,6.4,6.26,35905,22737687.0,2.2,-1.42,-0.09,0.22
2099,2019-02-22,601369SH,6.27,6.39,6.42,6.26,42846,27281566.0,2.55,1.91,0.12,0.26
2100,2019-02-25,601369SH,6.43,6.6,6.62,6.42,89392,58569734.0,3.13,3.29,0.21,0.55
2101,2019-02-26,601369SH,6.61,6.6,6.75,6.56,94292,62799103.0,2.88,0.0,0.0,0.58
2102,2019-02-27,601369SH,6.62,6.64,6.72,6.51,66143,43867298.0,3.18,0.61,0.04,0.4
2103,2019-02-28,601369SH,6.61,6.59,6.69,6.52,38391,25303168.0,2.56,-0.75,-0.05,0.23
2104,2019-03-01,601369SH,6.6,6.62,6.64,6.48,46775,30668341.0,2.43,0.46,0.03,0.29
2105,2019-03-04,601369SH,6.67,6.73,6.82,6.61,79298,53361204.0,3.17,1.66,0.11,0.48
2106,2019-03-05,601369SH,6.71,6.85,6.92,6.69,71605,48751106.0,3.42,1.78,0.12,0.44
2107,2019-03-06,601369SH,6.87,6.97,6.97,6.79,61395,42209933.0,2.63,1.75,0.12,0.37
2108,2019-03-07,601369SH,6.99,6.9,7.02,6.8,104372,72086366.0,3.16,-1.0,-0.07,0.64
2109,2019-03-08,601369SH,6.86,6.61,6.86,6.6,87819,58920799.0,3.77,-4.2,-0.29,0.54
2110,2019-03-11,601369SH,6.64,6.84,6.85,6.6,89774,60190173.0,3.78,3.48,0.23,0.55
2111,2019-03-12,601369SH,6.88,6.79,6.93,6.71,124206,84656093.0,3.22,-0.73,-0.05,0.76
2112,2019-03-13,601369SH,6.79,6.63,6.79,6.62,89980,60251182.0,2.5,-2.36,-0.16,0.55
2113,2019-03-14,601369SH,6.61,6.53,6.72,6.45,67607,44375421.0,4.07,-1.51,-0.1,0.41
2114,2019-03-15,601369SH,6.54,6.61,6.66,6.52,46478,30677882.0,2.14,1.23,0.08,0.28
2115,2019-03-18,601369SH,6.69,6.83,6.83,6.6,89342,60240796.0,3.48,3.33,0.22,0.55
2116,2019-03-19,601369SH,6.89,6.85,6.98,6.75,90744,62230156.0,3.37,0.29,0.02,0.55
2117,2019-03-20,601369SH,6.78,6.85,6.97,6.72,86321,59028259.0,3.65,0.0,0.0,0.53
2118,2019-03-21,601369SH,6.8,7.02,7.04,6.8,126679,88113023.0,3.5,2.48,0.17,0.77
2119,2019-03-22,601369SH,7.06,6.88,7.06,6.8,94788,65424872.0,3.7,-1.99,-0.14,0.58
2120,2019-03-25,601369SH,6.79,6.9,7.06,6.72,91902,63898745.0,4.94,0.29,0.02,0.56
2121,2019-03-26,601369SH,6.94,6.64,6.94,6.55,95045,64014287.0,5.65,-3.77,-0.26,0.58
2122,2019-03-27,601369SH,6.67,6.68,6.75,6.53,53546,35492152.0,3.31,0.6,0.04,0.33
2123,2019-03-28,601369SH,6.64,6.47,6.66,6.47,57877,38067177.0,2.84,-3.14,-0.21,0.35
2124,2019-03-29,601369SH,6.5,6.68,6.7,6.46,60107,39689149.0,3.71,3.25,0.21,0.37
2125,2019-04-01,601369SH,6.69,6.92,6.97,6.67,131178,89994923.0,4.49,3.59,0.24,0.8
2126,2019-04-02,601369SH,6.94,6.91,7.0,6.84,98638,68301193.0,2.31,-0.14,-0.01,0.6
2127,2019-04-03,601369SH,6.92,6.98,7.0,6.87,81320,56496346.0,1.88,1.01,0.07,0.5
2128,2019-04-04,601369SH,6.98,7.01,7.15,6.98,121212,85497917.0,2.44,0.43,0.03,0.74
2129,2019-04-08,601369SH,7.02,7.26,7.44,6.9,228654,163251428.0,7.7,3.57,0.25,1.4
2130,2019-04-09,601369SH,7.2,7.17,7.23,7.06,151003,107766414.0,2.34,-1.24,-0.09,0.92
2131,2019-04-10,601369SH,7.19,7.07,7.19,7.03,85073,60249955.0,2.23,-1.39,-0.1,0.52
2132,2019-04-11,601369SH,7.09,7.09,7.22,7.05,117834,84175225.0,2.4,0.28,0.02,0.72
2133,2019-04-12,601369SH,7.08,7.16,7.23,6.96,114258,81332733.0,3.81,0.99,0.07,0.7
2134,2019-04-15,601369SH,7.22,7.11,7.34,7.11,128117,92646389.0,3.21,-0.7,-0.05,0.78
2135,2019-04-16,601369SH,7.09,7.25,7.27,6.95,115079,81982254.0,4.5,1.97,0.14,0.7
2136,2019-04-17,601369SH,7.24,7.45,7.45,7.18,149276,109382025.0,3.72,2.76,0.2,0.91
2137,2019-04-18,601369SH,7.44,7.21,7.44,7.2,123965,90250007.0,3.22,-3.22,-0.24,0.76
2138,2019-04-19,601369SH,7.22,7.23,7.27,7.07,77600,55601475.0,2.77,0.28,0.02,0.47
2139,2019-04-22,601369SH,7.22,6.94,7.25,6.9,119923,84529565.0,4.84,-4.01,-0.29,0.73
2140,2019-04-23,601369SH,6.96,6.81,6.96,6.76,95303,65280919.0,2.88,-1.87,-0.13,0.58
2141,2019-04-24,601369SH,6.83,6.92,6.93,6.78,49411,33930942.0,2.2,1.62,0.11,0.3
2142,2019-04-25,601369SH,6.9,6.73,6.93,6.67,86237,58505363.0,3.76,-2.75,-0.19,0.53
2143,2019-04-26,601369SH,6.77,6.72,6.82,6.5,95899,64303925.0,4.75,-0.15,-0.01,0.59
2144,2019-04-29,601369SH,6.7,6.55,6.84,6.51,77566,51996987.0,4.91,-2.53,-0.17,0.47
2145,2019-04-30,601369SH,6.51,6.64,6.71,6.51,54370,35878426.0,3.05,1.37,0.09,0.33
2146,2019-05-06,601369SH,6.46,6.18,6.47,6.11,93903,59387896.0,5.42,-6.93,-0.46,0.57
2147,2019-05-07,601369SH,6.2,6.18,6.29,6.06,62619,38658296.0,3.72,0.0,0.0,0.38
2148,2019-05-08,601369SH,6.03,6.25,6.38,6.03,79130,49384765.0,5.66,1.13,0.07,0.48
2149,2019-05-09,601369SH,6.26,6.19,6.36,6.15,48897,30605671.0,3.36,-0.96,-0.06,0.3
2150,2019-05-10,601369SH,6.28,6.31,6.33,6.11,62839,39305170.0,3.55,1.94,0.12,0.38
2151,2019-05-13,601369SH,6.25,6.28,6.34,6.22,36672,23004070.0,1.9,-0.48,-0.03,0.22
2152,2019-05-14,601369SH,6.23,6.23,6.28,6.12,47990,29740775.0,2.55,-0.8,-0.05,0.29
2153,2019-05-15,601369SH,6.23,6.28,6.3,6.23,39029,24449466.0,1.12,0.8,0.05,0.24
2154,2019-05-16,601369SH,6.28,6.29,6.31,6.23,39827,24990112.0,1.27,0.16,0.01,0.24
2155,2019-05-17,601369SH,6.3,6.06,6.3,6.04,52711,32394075.0,4.13,-3.66,-0.23,0.32
2156,2019-05-20,601369SH,6.06,6.33,6.35,6.06,76853,47844397.0,4.79,4.46,0.27,0.47
2157,2019-05-21,601369SH,6.32,6.36,6.38,6.27,33962,21529424.0,1.74,0.47,0.03,0.21
2158,2019-05-22,601369SH,6.37,6.3,6.38,6.25,25102,15860355.0,2.04,-0.94,-0.06,0.15
2159,2019-05-23,601369SH,6.27,6.18,6.3,6.12,29796,18485966.0,2.86,-1.9,-0.12,0.18
2160,2019-05-24,601369SH,6.19,6.18,6.22,6.12,15190,9377490.0,1.62,0.0,0.0,0.09
2161,2019-05-27,601369SH,6.19,6.29,6.33,6.17,27952,17468751.0,2.59,1.78,0.11,0.17
2162,2019-05-28,601369SH,6.3,6.25,6.33,6.22,32551,20418023.0,1.75,-0.64,-0.04,0.2
2163,2019-05-29,601369SH,6.22,6.33,6.42,6.2,52003,32953897.0,3.52,1.28,0.08,0.32
2164,2019-05-30,601369SH,6.3,6.33,6.37,6.25,23842,14999005.0,1.9,0.0,0.0,0.15
2165,2019-05-31,601369SH,6.34,6.3,6.37,6.27,21842,13828540.0,1.58,-0.47,-0.03,0.13
2166,2019-06-03,601369SH,6.31,6.24,6.35,6.23,21327,13400630.0,1.9,-0.95,-0.06,0.13
2167,2019-06-04,601369SH,6.24,6.16,6.26,6.12,24423,15063281.0,2.24,-1.28,-0.08,0.15
2168,2019-06-05,601369SH,6.19,6.14,6.23,6.13,21953,13539613.0,1.62,-0.32,-0.02,0.13
2169,2019-06-06,601369SH,6.06,6.06,6.2,5.98,34621,20932920.0,3.58,-1.3,-0.08,0.21
2170,2019-06-10,601369SH,6.05,6.07,6.11,6.02,28878,17517851.0,1.49,0.17,0.01,0.18
2171,2019-06-11,601369SH,6.07,6.23,6.23,6.04,36348,22466095.0,3.13,2.64,0.16,0.22
2172,2019-06-12,601369SH,6.21,6.46,6.52,6.18,103252,66132177.0,5.46,3.69,0.23,0.63
2173,2019-06-13,601369SH,6.43,6.51,6.56,6.4,41311,26741279.0,2.48,0.77,0.05,0.25
2174,2019-06-14,601369SH,6.44,6.41,6.51,6.35,35825,23127556.0,2.46,-1.54,-0.1,0.22
2175,2019-06-17,601369SH,6.42,6.5,6.52,6.39,31048,20030509.0,2.03,1.4,0.09,0.19
2176,2019-06-18,601369SH,6.5,6.39,6.5,6.36,25089,16046807.0,2.15,-1.69,-0.11,0.15
2177,2019-06-19,601369SH,6.5,6.44,6.53,6.43,36696,23804219.0,1.56,0.78,0.05,0.22
2178,2019-06-20,601369SH,6.43,6.53,6.55,6.43,42826,27903351.0,1.86,1.4,0.09,0.26
2179,2019-06-21,601369SH,6.56,6.63,6.64,6.51,43023,28359959.0,1.99,1.53,0.1,0.26
2180,2019-06-24,601369SH,6.63,6.68,6.72,6.56,47382,31451879.0,2.41,0.75,0.05,0.29
2181,2019-06-25,601369SH,6.67,6.65,6.67,6.56,43375,28595253.0,1.65,-0.45,-0.03,0.26
2182,2019-06-26,601369SH,6.65,6.58,6.76,6.55,42724,28316217.0,3.16,-1.05,-0.07,0.26
2183,2019-06-27,601369SH,6.65,6.63,6.7,6.6,31062,20633476.0,1.52,0.76,0.05,0.19
2184,2019-06-28,601369SH,6.69,6.63,6.69,6.47,36857,24255015.0,3.32,0.0,0.0,0.22
2185,2019-07-01,601369SH,6.71,6.73,6.78,6.64,58702,39378077.0,2.11,1.51,0.1,0.36
2186,2019-07-02,601369SH,6.73,6.69,6.78,6.65,34987,23466414.0,1.93,-0.59,-0.04,0.21
2187,2019-07-03,601369SH,6.55,6.48,6.6,6.4,49316,32132330.0,2.99,-3.14,-0.21,0.3
2188,2019-07-04,601369SH,6.5,6.44,6.53,6.43,28999,18771464.0,1.54,-0.62,-0.04,0.18
2189,2019-07-05,601369SH,6.48,6.45,6.54,6.38,54112,34805855.0,2.48,0.16,0.01,0.33
2190,2019-07-08,601369SH,6.5,6.29,6.5,6.27,33625,21323980.0,3.57,-2.48,-0.16,0.21
2191,2019-07-09,601369SH,6.39,6.34,6.39,6.26,22245,14044403.0,2.07,0.79,0.05,0.14
2192,2019-07-10,601369SH,6.34,6.34,6.41,6.26,16497,10454217.0,2.37,0.0,0.0,0.1
2193,2019-07-11,601369SH,6.34,6.34,6.38,6.22,25956,16374735.0,2.52,0.0,0.0,0.16
2194,2019-07-12,601369SH,6.39,6.48,6.49,6.3,34219,21973593.0,3.0,2.21,0.14,0.21
2195,2019-07-15,601369SH,6.45,6.58,6.62,6.41,45295,29606547.0,3.24,1.54,0.1,0.28
2196,2019-07-16,601369SH,6.59,6.61,6.61,6.55,28720,18912882.0,0.91,0.46,0.03,0.18
2197,2019-07-17,601369SH,6.61,6.58,6.62,6.54,30980,20379120.0,1.21,-0.45,-0.03,0.19
2198,2019-07-18,601369SH,6.56,6.54,6.62,6.54,20109,13225986.0,1.22,-0.61,-0.04,0.12
2199,2019-07-19,601369SH,6.58,6.6,6.66,6.54,49296,32598305.0,1.83,0.92,0.06,0.3
2200,2019-07-22,601369SH,6.61,6.52,6.63,6.5,34377,22525580.0,1.97,-1.21,-0.08,0.21
2201,2019-07-23,601369SH,6.57,6.47,6.57,6.4,33688,21860707.0,2.61,-0.77,-0.05,0.21
2202,2019-07-24,601369SH,6.51,6.67,6.68,6.48,63962,42283249.0,3.09,3.09,0.2,0.39
2203,2019-07-25,601369SH,6.67,6.63,6.68,6.57,32281,21398993.0,1.65,-0.6,-0.04,0.2
2204,2019-07-26,601369SH,6.67,6.63,6.67,6.59,26221,17380842.0,1.21,0.0,0.0,0.16
2205,2019-07-29,601369SH,6.66,6.55,6.67,6.51,29060,19123926.0,2.41,-1.21,-0.08,0.18
2206,2019-07-30,601369SH,6.54,6.54,6.61,6.5,29792,19549488.0,1.68,-0.15,-0.01,0.18
2207,2019-07-31,601369SH,6.57,6.38,6.57,6.34,62038,39785850.0,3.52,-2.45,-0.16,0.38
2208,2019-08-01,601369SH,6.37,6.38,6.44,6.26,43801,27858501.0,2.82,0.0,0.0,0.27
2209,2019-08-02,601369SH,6.32,6.27,6.32,6.24,45944,28817206.0,1.25,-1.72,-0.11,0.28
2210,2019-08-05,601369SH,6.23,6.22,6.3,6.18,33422,20888018.0,1.91,-0.8,-0.05,0.2
2211,2019-08-06,601369SH,6.26,6.04,6.26,6.0,41641,25367795.0,4.18,-2.89,-0.18,0.25
2212,2019-08-07,601369SH,6.15,6.05,6.15,6.05,14966,9114316.0,1.66,0.17,0.01,0.09
2213,2019-08-08,601369SH,6.15,6.09,6.15,6.03,23995,14565118.0,1.98,0.66,0.04,0.15
2214,2019-08-09,601369SH,6.13,5.99,6.13,5.99,20220,12212213.0,2.3,-1.64,-0.1,0.12
2215,2019-08-12,601369SH,6.0,6.08,6.08,5.98,17480,10551457.0,1.67,1.5,0.09,0.11
2216,2019-08-13,601369SH,6.07,6.01,6.07,5.97,14822,8913903.0,1.64,-1.15,-0.07,0.09
2217,2019-08-14,601369SH,6.08,6.08,6.13,6.06,14357,8729705.0,1.16,1.16,0.07,0.09
2218,2019-08-15,601369SH,6.0,6.05,6.07,5.97,19318,11609258.0,1.64,-0.49,-0.03,0.12
2219,2019-08-16,601369SH,6.08,6.07,6.11,6.03,15145,9210996.0,1.32,0.33,0.02,0.09
2220,2019-08-19,601369SH,6.1,6.22,6.24,6.08,31618,19506765.0,2.64,2.47,0.15,0.19
2221,2019-08-20,601369SH,6.21,6.17,6.23,6.16,22037,13635717.0,1.13,-0.8,-0.05,0.13
2222,2019-08-21,601369SH,6.19,6.18,6.2,6.14,12963,8003803.0,0.97,0.16,0.01,0.08
2223,2019-08-22,601369SH,6.2,6.11,6.21,6.08,25074,15340958.0,2.1,-1.13,-0.07,0.15
2224,2019-08-23,601369SH,6.13,6.13,6.16,6.06,19962,12224950.0,1.64,0.33,0.02,0.12
2225,2019-08-26,601369SH,6.03,5.98,6.04,5.92,36229,21688875.0,1.96,-2.45,-0.15,0.22
2226,2019-08-27,601369SH,6.03,6.16,6.16,6.01,29623,18060300.0,2.51,3.01,0.18,0.18
2227,2019-08-28,601369SH,6.5,6.4,6.68,6.37,107600,69731973.0,5.03,3.9,0.24,0.66
2228,2019-08-29,601369SH,6.36,6.37,6.45,6.3,57003,36379658.0,2.34,-0.47,-0.03,0.35
2229,2019-08-30,601369SH,6.43,6.3,6.44,6.26,37063,23468981.0,2.83,-1.1,-0.07,0.23
2230,2019-09-02,601369SH,6.35,6.49,6.53,6.26,53106,34266556.0,4.29,3.02,0.19,0.32
2231,2019-09-03,601369SH,6.48,6.51,6.53,6.45,25218,16382019.0,1.23,0.31,0.02,0.15
2232,2019-09-04,601369SH,6.5,6.5,6.53,6.43,31196,20219220.0,1.54,-0.15,-0.01,0.19
2233,2019-09-05,601369SH,6.52,6.56,6.62,6.52,66229,43464485.0,1.54,0.92,0.06,0.4
2234,2019-09-06,601369SH,6.56,6.55,6.59,6.48,37810,24701687.0,1.68,-0.15,-0.01,0.23
2235,2019-09-09,601369SH,6.57,6.57,6.64,6.53,47520,31245984.0,1.68,0.31,0.02,0.29
2236,2019-09-10,601369SH,6.58,6.6,6.63,6.52,32757,21524927.0,1.67,0.46,0.03,0.2
2237,2019-09-11,601369SH,6.58,6.6,6.64,6.56,34636,22876314.0,1.21,0.0,0.0,0.21
2238,2019-09-12,601369SH,6.6,6.61,6.62,6.54,32506,21411500.0,1.21,0.15,0.01,0.2
2239,2019-09-16,601369SH,6.63,6.55,6.65,6.5,47190,30959196.0,2.27,-0.91,-0.06,0.29
2240,2019-09-17,601369SH,6.56,6.4,6.56,6.39,54611,35272897.0,2.6,-2.29,-0.15,0.33
2241,2019-09-18,601369SH,6.42,6.42,6.47,6.4,24755,15919284.0,1.09,0.31,0.02,0.15
2242,2019-09-19,601369SH,6.44,6.55,6.55,6.41,31255,20277025.0,2.18,2.02,0.13,0.19
2243,2019-09-20,601369SH,6.58,6.49,6.58,6.43,45290,29392401.0,2.29,-0.92,-0.06,0.28
2244,2019-09-23,601369SH,6.49,6.75,6.81,6.46,110660,73678133.0,5.39,4.01,0.26,0.68
2245,2019-09-24,601369SH,6.7,6.74,6.84,6.66,106336,71737770.0,2.67,-0.15,-0.01,0.65
2246,2019-09-25,601369SH,6.77,6.85,6.96,6.7,102073,70133455.0,3.86,1.63,0.11,0.62
2247,2019-09-26,601369SH,6.93,6.8,6.93,6.75,55670,37907336.0,2.63,-0.73,-0.05,0.34
2248,2019-09-27,601369SH,6.77,6.8,6.91,6.71,57188,38882125.0,2.94,0.0,0.0,0.35
2249,2019-09-30,601369SH,6.76,7.0,7.05,6.71,82373,57300204.0,5.0,2.94,0.2,0.5
2250,2019-10-08,601369SH,7.03,6.9,7.09,6.8,99663,69131086.0,4.14,-1.43,-0.1,0.61
2251,2019-10-09,601369SH,6.86,6.99,7.05,6.76,100896,70112582.0,4.2,1.3,0.09,0.62
2252,2019-10-10,601369SH,6.95,7.02,7.06,6.86,74322,51842718.0,2.86,0.43,0.03,0.45
2253,2019-10-11,601369SH,7.02,7.14,7.25,6.96,101738,72652388.0,4.13,1.71,0.12,0.62
2254,2019-10-14,601369SH,7.17,7.2,7.33,7.09,78902,57041009.0,3.36,0.84,0.06,0.48
2255,2019-10-15,601369SH,7.18,7.12,7.27,7.04,67342,47928750.0,3.19,-1.11,-0.08,0.41
2256,2019-10-16,601369SH,7.1,7.03,7.15,7.01,69722,49212871.0,1.97,-1.26,-0.09,0.43
2257,2019-10-17,601369SH,7.05,7.05,7.1,7.0,43233,30520181.0,1.42,0.28,0.02,0.26
2258,2019-10-18,601369SH,7.04,6.81,7.1,6.76,95625,65874657.0,4.82,-3.4,-0.24,0.58
2259,2019-10-21,601369SH,6.76,6.72,6.85,6.65,69921,47039923.0,2.94,-1.32,-0.09,0.43
2260,2019-10-22,601369SH,6.66,6.73,6.88,6.63,61752,41555133.0,3.72,0.15,0.01,0.38
2261,2019-10-23,601369SH,6.78,6.68,6.78,6.59,56138,37426677.0,2.82,-0.74,-0.05,0.34
2262,2019-10-24,601369SH,6.72,6.62,6.72,6.55,42948,28353856.0,2.54,-0.9,-0.06,0.26
2263,2019-10-25,601369SH,6.58,6.67,6.67,6.51,33582,22152128.0,2.42,0.76,0.05,0.2
2264,2019-10-28,601369SH,6.65,6.81,6.81,6.6,48485,32548377.0,3.15,2.1,0.14,0.3
2265,2019-10-29,601369SH,6.72,6.53,6.72,6.51,75458,49878735.0,3.08,-4.11,-0.28,0.46
2266,2019-10-30,601369SH,6.52,6.41,6.52,6.4,47005,30296681.0,1.84,-1.84,-0.12,0.29
2267,2019-10-31,601369SH,6.43,6.27,6.44,6.27,54274,34483014.0,2.65,-2.18,-0.14,0.33
2268,2019-11-01,601369SH,6.28,6.37,6.39,6.26,42338,26818673.0,2.07,1.59,0.1,0.26
2269,2019-11-04,601369SH,6.38,6.47,6.52,6.36,39596,25591905.0,2.51,1.57,0.1,0.24
2270,2019-11-05,601369SH,6.47,6.44,6.48,6.4,30601,19705453.0,1.24,-0.46,-0.03,0.19
2271,2019-11-06,601369SH,6.46,6.37,6.47,6.31,27740,17691461.0,2.48,-1.09,-0.07,0.17
2272,2019-11-07,601369SH,6.38,6.38,6.4,6.31,28748,18279371.0,1.41,0.16,0.01,0.18
2273,2019-11-08,601369SH,6.4,6.31,6.43,6.3,25655,16289351.0,2.04,-1.1,-0.07,0.16
2274,2019-11-11,601369SH,6.36,6.25,6.57,6.25,59198,37685290.0,5.07,-0.95,-0.06,0.36
2275,2019-11-12,601369SH,6.36,6.32,6.36,6.17,28874,18079870.0,3.04,1.12,0.07,0.18
2276,2019-11-13,601369SH,6.25,6.38,6.39,6.21,37804,23826732.0,2.85,0.95,0.06,0.23
2277,2019-11-14,601369SH,6.37,6.34,6.4,6.2,36950,23426475.0,3.13,-0.63,-0.04,0.23
2278,2019-11-15,601369SH,6.3,6.31,6.36,6.26,27090,17115596.0,1.58,-0.47,-0.03,0.17
2279,2019-11-18,601369SH,6.26,6.43,6.43,6.22,35883,22882554.0,3.33,1.9,0.12,0.22
2280,2019-11-19,601369SH,6.44,6.44,6.48,6.37,30507,19594557.0,1.71,0.16,0.01,0.19
2281,2019-11-20,601369SH,6.39,6.24,6.43,6.24,64203,40500628.0,2.95,-3.11,-0.2,0.39
2282,2019-11-21,601369SH,6.2,6.22,6.24,6.18,26437,16419184.0,0.96,-0.32,-0.02,0.16
2283,2019-11-22,601369SH,6.23,6.26,6.31,6.14,45201,28137215.0,2.73,0.64,0.04,0.28
2284,2019-11-25,601369SH,6.28,6.26,6.29,6.16,21500,13411957.0,2.08,0.0,0.0,0.13
2285,2019-11-26,601369SH,6.29,6.35,6.38,6.25,30796,19443063.0,2.08,1.44,0.09,0.19
2286,2019-11-27,601369SH,6.38,6.38,6.43,6.33,36550,23381070.0,1.57,0.47,0.03,0.22
2287,2019-11-28,601369SH,6.38,6.33,6.44,6.31,23425,14894654.0,2.04,-0.78,-0.05,0.14
2288,2019-11-29,601369SH,6.4,6.3,6.41,6.26,36957,23357144.0,2.37,-0.47,-0.03,0.23
2289,2019-12-02,601369SH,6.3,6.26,6.36,6.21,28645,17987565.0,2.38,-0.63,-0.04,0.17
2290,2019-12-03,601369SH,6.25,6.3,6.3,6.22,17192,10761775.0,1.28,0.64,0.04,0.1
2291,2019-12-04,601369SH,6.28,6.27,6.3,6.19,22172,13847429.0,1.75,-0.48,-0.03,0.14
2292,2019-12-05,601369SH,6.26,6.34,6.38,6.26,37453,23754805.0,1.91,1.12,0.07,0.23
2293,2019-12-06,601369SH,6.34,6.38,6.38,6.33,39336,24989992.0,0.79,0.63,0.04,0.24
2294,2019-12-09,601369SH,6.38,6.4,6.41,6.36,27263,17423057.0,0.78,0.31,0.02,0.17
2295,2019-12-10,601369SH,6.4,6.39,6.44,6.37,24530,15688582.0,1.09,-0.16,-0.01,0.15
2296,2019-12-11,601369SH,6.4,6.34,6.43,6.32,32108,20449770.0,1.72,-0.78,-0.05,0.2
2297,2019-12-12,601369SH,6.36,6.34,6.37,6.3,26882,17027205.0,1.1,0.0,0.0,0.16
2298,2019-12-13,601369SH,6.36,6.45,6.45,6.34,37644,24111022.0,1.74,1.74,0.11,0.23
2299,2019-12-16,601369SH,6.45,6.5,6.5,6.39,56175,36185430.0,1.71,0.78,0.05,0.34
2300,2019-12-17,601369SH,6.45,6.56,6.6,6.45,56551,37019129.0,2.31,0.92,0.06,0.35
2301,2019-12-18,601369SH,6.58,6.51,6.58,6.51,46791,30549830.0,1.07,-0.76,-0.05,0.29
2302,2019-12-19,601369SH,6.51,6.61,6.66,6.51,50018,33028221.0,2.3,1.54,0.1,0.31
2303,2019-12-20,601369SH,6.62,6.57,6.69,6.54,53254,35187959.0,2.27,-0.61,-0.04,0.32
2304,2019-12-23,601369SH,6.58,6.42,6.61,6.42,43580,28362282.0,2.89,-2.28,-0.15,0.27
2305,2019-12-24,601369SH,6.42,6.48,6.5,6.4,33075,21321668.0,1.56,0.93,0.06,0.2
2306,2019-12-25,601369SH,6.48,6.46,6.49,6.42,29778,19210790.0,1.08,-0.31,-0.02,0.18
2307,2019-12-26,601369SH,6.46,6.54,6.54,6.44,28090,18211476.0,1.55,1.24,0.08,0.17
2308,2019-12-27,601369SH,6.55,6.48,6.57,6.48,35582,23251603.0,1.38,-0.92,-0.06,0.22
2309,2019-12-30,601369SH,6.46,6.61,6.61,6.42,43010,28205111.0,2.93,2.01,0.13,0.26
2310,2019-12-31,601369SH,6.61,6.65,6.66,6.56,37256,24611795.0,1.51,0.61,0.04,0.23
2311,2020-01-02,601369SH,6.65,6.69,6.78,6.65,54062,36342353.0,1.95,0.6,0.04,0.33
2312,2020-01-03,601369SH,6.69,6.65,6.75,6.6,49777,33198598.0,2.24,-0.6,-0.04,0.3
2313,2020-01-06,601369SH,6.61,6.64,6.71,6.57,57672,38329123.0,2.11,-0.15,-0.01,0.35
2314,2020-01-07,601369SH,6.67,6.78,6.79,6.65,60338,40632116.0,2.11,2.11,0.14,0.37
2315,2020-01-08,601369SH,6.73,6.61,6.76,6.61,61700,41240003.0,2.21,-2.51,-0.17,0.38
2316,2020-01-09,601369SH,6.7,6.81,6.83,6.66,68507,46329752.0,2.57,3.03,0.2,0.42
2317,2020-01-10,601369SH,6.81,6.74,6.82,6.71,35933,24241521.0,1.62,-1.03,-0.07,0.22
2318,2020-01-13,601369SH,6.78,6.75,6.78,6.66,38054,25543564.0,1.78,0.15,0.01,0.23
2319,2020-01-14,601369SH,6.75,6.68,6.8,6.65,60814,40781655.0,2.22,-1.04,-0.07,0.37
2320,2020-01-15,601369SH,6.69,6.66,6.73,6.64,30618,20444434.0,1.35,-0.3,-0.02,0.19
2321,2020-01-16,601369SH,6.68,6.56,6.68,6.55,61844,40796580.0,1.95,-1.5,-0.1,0.38
2322,2020-01-17,601369SH,6.57,6.51,6.59,6.5,46841,30606618.0,1.37,-0.76,-0.05,0.29
2323,2020-01-20,601369SH,6.51,6.56,6.56,6.47,32333,21096218.0,1.38,0.77,0.05,0.2
2324,2020-01-21,601369SH,6.53,6.63,6.67,6.4,71222,46598285.0,4.12,1.07,0.07,0.43
2325,2020-01-22,601369SH,6.6,6.65,6.65,6.55,48217,31877454.0,1.51,0.3,0.02,0.29
2326,2020-01-23,601369SH,6.65,6.43,6.7,6.32,69311,45258933.0,5.71,-3.31,-0.22,0.42
2327,2020-02-03,601369SH,5.8,5.79,5.86,5.79,56403,32677988.0,1.09,-9.95,-0.64,0.34
2328,2020-02-04,601369SH,5.7,5.8,5.88,5.7,76209,44194279.0,3.11,0.17,0.01,0.47
2329,2020-02-05,601369SH,5.85,5.83,5.94,5.69,64463,37679902.0,4.31,0.52,0.03,0.39
2330,2020-02-06,601369SH,5.84,5.9,5.93,5.76,65249,38197346.0,2.92,1.2,0.07,0.4
2331,2020-02-07,601369SH,5.86,5.89,5.92,5.77,71494,41712829.0,2.54,-0.17,-0.01,0.44
2332,2020-02-10,601369SH,5.87,6.05,6.07,5.84,79737,47509231.0,3.9,2.72,0.16,0.49
2333,2020-02-11,601369SH,6.05,5.96,6.06,5.93,70843,42318656.0,2.15,-1.49,-0.09,0.43
2334,2020-02-12,601369SH,5.96,5.99,6.01,5.93,57245,34159443.0,1.34,0.5,0.03,0.35
2335,2020-02-13,601369SH,5.99,5.87,5.99,5.85,66579,39297800.0,2.34,-2.0,-0.12,0.41
2336,2020-02-14,601369SH,5.87,5.89,5.92,5.82,42676,25080388.0,1.7,0.34,0.02,0.26
2337,2020-02-17,601369SH,5.89,6.07,6.08,5.88,91396,54767310.0,3.4,3.06,0.18,0.56
2338,2020-02-18,601369SH,6.07,6.06,6.12,6.0,63173,38218575.0,1.98,-0.16,-0.01,0.39
2339,2020-02-19,601369SH,6.06,6.1,6.1,6.02,78394,47521682.0,1.32,0.66,0.04,0.48
2340,2020-02-20,601369SH,6.1,6.15,6.16,6.04,77298,47319011.0,1.97,0.82,0.05,0.47
2341,2020-02-21,601369SH,6.15,6.15,6.22,6.11,79246,48814673.0,1.79,0.0,0.0,0.48
2342,2020-02-24,601369SH,6.13,6.07,6.14,6.04,88118,53521785.0,1.63,-1.3,-0.08,0.54
2343,2020-02-25,601369SH,5.96,5.97,6.02,5.82,110488,65604464.0,3.29,-1.65,-0.1,0.67
2344,2020-02-26,601369SH,5.88,6.03,6.11,5.88,97333,58530334.0,3.85,1.01,0.06,0.59
2345,2020-02-27,601369SH,6.05,6.07,6.11,6.02,70454,42746129.0,1.49,0.66,0.04,0.43
2346,2020-02-28,601369SH,5.93,5.85,6.03,5.85,91837,54500672.0,2.97,-3.62,-0.22,0.56
2347,2020-03-02,601369SH,5.85,6.01,6.02,5.85,71460,42623885.0,2.91,2.74,0.16,0.44
2348,2020-03-03,601369SH,6.07,6.03,6.11,6.01,91811,55600205.0,1.66,0.33,0.02,0.56
2349,2020-03-04,601369SH,6.01,6.1,6.1,5.97,75808,45861421.0,2.16,1.16,0.07,0.46
2350,2020-03-05,601369SH,6.16,6.21,6.22,6.12,110904,68482724.0,1.64,1.8,0.11,0.68
2351,2020-03-06,601369SH,6.15,6.27,6.35,6.13,129880,81292468.0,3.54,0.97,0.06,0.79
2352,2020-03-09,601369SH,6.15,6.07,6.24,6.06,111939,68674370.0,2.87,-3.19,-0.2,0.68
2353,2020-03-10,601369SH,6.04,6.21,6.21,5.94,96100,58372778.0,4.45,2.31,0.14,0.59
2354,2020-03-11,601369SH,6.17,6.19,6.29,6.16,88932,55476296.0,2.09,-0.32,-0.02,0.54
2355,2020-03-12,601369SH,6.15,6.04,6.16,6.0,92737,56367777.0,2.58,-2.42,-0.15,0.57
2356,2020-03-13,601369SH,5.78,5.96,5.98,5.73,72913,42747050.0,4.14,-1.32,-0.08,0.44
2357,2020-03-16,601369SH,6.01,5.82,6.03,5.8,63041,37256428.0,3.86,-2.35,-0.14,0.38
2358,2020-03-17,601369SH,5.9,5.84,5.92,5.69,57269,33231390.0,3.95,0.34,0.02,0.35
2359,2020-03-18,601369SH,5.92,5.8,6.01,5.8,72046,42663665.0,3.6,-0.68,-0.04,0.44
2360,2020-03-19,601369SH,5.79,5.82,5.88,5.71,51755,29954904.0,2.93,0.34,0.02,0.32
2361,2020-03-20,601369SH,5.86,5.86,5.88,5.75,51088,29722512.0,2.23,0.69,0.04,0.31
2362,2020-03-23,601369SH,5.8,5.58,5.8,5.55,73386,41510907.0,4.27,-4.78,-0.28,0.45
2363,2020-03-24,601369SH,5.66,5.65,5.69,5.56,37806,21265199.0,2.33,1.25,0.07,0.23
2364,2020-03-25,601369SH,5.72,5.74,5.74,5.69,40420,23114596.0,0.88,1.59,0.09,0.25
2365,2020-03-26,601369SH,5.69,5.63,5.7,5.62,31757,17943515.0,1.39,-1.92,-0.11,0.19
2366,2020-03-27,601369SH,5.67,5.61,5.71,5.6,37083,20974058.0,1.95,-0.36,-0.02,0.23
2367,2020-03-30,601369SH,5.61,5.5,5.61,5.44,38760,21256846.0,3.03,-1.96,-0.11,0.24
2368,2020-03-31,601369SH,5.55,5.57,5.59,5.52,29082,16169056.0,1.27,1.27,0.07,0.18
2369,2020-04-01,601369SH,5.56,5.55,5.64,5.54,23893,13369668.0,1.8,-0.36,-0.02,0.15
2370,2020-04-02,601369SH,5.57,5.63,5.64,5.51,19212,10747896.0,2.34,1.44,0.08,0.12
2371,2020-04-03,601369SH,5.62,5.65,5.67,5.6,26023,14667311.0,1.24,0.36,0.02,0.16
2372,2020-04-07,601369SH,5.71,5.75,5.75,5.7,43195,24743427.0,0.88,1.77,0.1,0.26
2373,2020-04-08,601369SH,5.75,5.78,5.78,5.71,37197,21359644.0,1.22,0.52,0.03,0.23
2374,2020-04-09,601369SH,5.79,5.77,5.81,5.75,36445,21042708.0,1.04,-0.17,-0.01,0.22
2375,2020-04-10,601369SH,5.78,5.81,5.92,5.77,71297,41681541.0,2.6,0.69,0.04,0.44
2376,2020-04-13,601369SH,5.83,5.71,5.83,5.7,36085,20742305.0,2.24,-1.72,-0.1,0.22
2377,2020-04-14,601369SH,5.72,5.77,5.79,5.71,31687,18220072.0,1.4,1.05,0.06,0.19
2378,2020-04-15,601369SH,5.76,5.75,5.8,5.74,23204,13394598.0,1.04,-0.35,-0.02,0.14
2379,2020-04-16,601369SH,5.7,5.72,5.76,5.7,25032,14333346.0,1.04,-0.52,-0.03,0.15
2380,2020-04-17,601369SH,5.72,5.74,5.77,5.71,28204,16191654.0,1.05,0.35,0.02,0.17
2381,2020-04-20,601369SH,5.73,5.79,5.79,5.71,22768,13114199.0,1.39,0.87,0.05,0.14
2382,2020-04-21,601369SH,5.78,5.82,5.82,5.71,28892,16634598.0,1.9,0.52,0.03,0.18
2383,2020-04-22,601369SH,5.79,6.04,6.12,5.74,93716,55886064.0,6.53,3.78,0.22,0.57
2384,2020-04-23,601369SH,6.1,5.96,6.1,5.93,69013,41460641.0,2.81,-1.32,-0.08,0.42
2385,2020-04-24,601369SH,5.95,5.91,6.01,5.88,36407,21602979.0,2.18,-0.84,-0.05,0.22
2386,2020-04-27,601369SH,5.94,6.06,6.08,5.92,50272,30246549.0,2.71,2.54,0.15,0.31
2387,2020-04-28,601369SH,6.1,5.95,6.1,5.85,44848,26703346.0,4.13,-1.82,-0.11,0.27
2388,2020-04-29,601369SH,5.92,5.93,5.99,5.92,23916,14214942.0,1.18,-0.34,-0.02,0.15
2389,2020-04-30,601369SH,5.96,6.0,6.06,5.95,46566,27949242.0,1.85,1.18,0.07,0.28
2390,2020-05-06,601369SH,6.01,6.07,6.11,5.98,61448,37249268.0,2.17,1.17,0.07,0.37
2391,2020-05-07,601369SH,6.01,5.95,6.04,5.93,57823,34633115.0,1.81,-1.98,-0.12,0.35
2392,2020-05-08,601369SH,5.95,5.98,6.0,5.91,47156,28077847.0,1.51,0.5,0.03,0.29
2393,2020-05-11,601369SH,5.98,6.19,6.19,5.93,90503,54833892.0,4.35,3.51,0.21,0.55
2394,2020-05-12,601369SH,6.08,6.06,6.17,6.01,63307,38470221.0,2.58,-2.1,-0.13,0.39
2395,2020-05-13,601369SH,6.05,6.06,6.09,6.0,37994,23005650.0,1.49,0.0,0.0,0.23
2396,2020-05-14,601369SH,5.98,5.88,6.02,5.86,66695,39530066.0,2.64,-2.97,-0.18,0.41
2397,2020-05-15,601369SH,5.88,5.89,5.94,5.88,27514,16239221.0,1.02,0.17,0.01,0.17
2398,2020-05-18,601369SH,5.97,6.29,6.36,5.96,208143,129212375.0,6.79,6.79,0.4,1.27
2399,2020-05-19,601369SH,6.33,6.2,6.33,6.16,127778,79679370.0,2.7,-1.43,-0.09,0.78
2400,2020-05-20,601369SH,6.23,6.19,6.3,6.17,72002,44875121.0,2.1,-0.16,-0.01,0.44
2401,2020-05-21,601369SH,6.19,6.21,6.29,6.14,56057,34806519.0,2.42,0.32,0.02,0.34
2402,2020-05-22,601369SH,6.17,6.09,6.2,6.05,58641,35810149.0,2.42,-1.93,-0.12,0.36
2403,2020-05-25,601369SH,6.15,6.24,6.34,6.08,84319,52645812.0,4.27,2.46,0.15,0.51
2404,2020-05-26,601369SH,6.22,6.22,6.25,6.17,55653,34571534.0,1.28,-0.32,-0.02,0.34
2405,2020-05-27,601369SH,6.29,6.27,6.37,6.22,72620,45677610.0,2.41,0.8,0.05,0.44
2406,2020-05-28,601369SH,6.24,6.23,6.3,6.14,64057,39682307.0,2.55,-0.64,-0.04,0.39
2407,2020-05-29,601369SH,6.0,5.99,6.03,5.94,41894,25106209.0,1.44,-3.85,-0.24,0.26
2408,2020-06-01,601369SH,6.04,6.14,6.14,5.99,89370,54380459.0,2.5,2.5,0.15,0.55
2409,2020-06-02,601369SH,6.16,6.13,6.17,6.07,59409,36333626.0,1.63,-0.16,-0.01,0.36
2410,2020-06-03,601369SH,6.13,6.06,6.15,6.04,51081,31097707.0,1.79,-1.14,-0.07,0.31
2411,2020-06-04,601369SH,6.08,6.08,6.1,6.02,34455,20866578.0,1.32,0.33,0.02,0.21
2412,2020-06-05,601369SH,6.06,6.01,6.09,5.99,35354,21295653.0,1.64,-1.15,-0.07,0.22
2413,2020-06-08,601369SH,6.02,6.03,6.04,5.98,35342,21261484.0,1.0,0.33,0.02,0.22
2414,2020-06-09,601369SH,6.05,6.09,6.15,6.04,35738,21764852.0,1.82,1.0,0.06,0.22
2415,2020-06-10,601369SH,6.08,6.01,6.08,5.99,38888,23409010.0,1.48,-1.31,-0.08,0.24
2416,2020-06-11,601369SH,6.04,5.94,6.05,5.94,38686,23134487.0,1.83,-1.16,-0.07,0.24
2417,2020-06-12,601369SH,5.9,5.95,5.96,5.82,33357,19691987.0,2.36,0.17,0.01,0.2
2418,2020-06-15,601369SH,5.94,5.98,6.06,5.91,51010,30648397.0,2.52,0.5,0.03,0.31
2419,2020-06-16,601369SH,5.97,6.07,6.08,5.97,53236,32160118.0,1.84,1.51,0.09,0.32
2420,2020-06-17,601369SH,6.07,6.19,6.21,6.03,99221,61070891.0,2.97,1.98,0.12,0.61
2421,2020-06-18,601369SH,6.17,6.17,6.26,6.13,56617,35005492.0,2.1,-0.32,-0.02,0.35
2422,2020-06-19,601369SH,6.19,6.18,6.25,6.14,42510,26340454.0,1.78,0.16,0.01,0.26
2423,2020-06-22,601369SH,6.18,6.28,6.28,6.16,93480,58429524.0,1.94,1.62,0.1,0.57
2424,2020-06-23,601369SH,6.24,6.25,6.34,6.21,53243,33346451.0,2.07,-0.48,-0.03,0.32
2425,2020-06-24,601369SH,6.21,6.24,6.27,6.18,55760,34756651.0,1.44,-0.16,-0.01,0.34
2426,2020-06-29,601369SH,6.22,6.2,6.24,6.16,47892,29677475.0,1.28,-0.64,-0.04,0.29
2427,2020-06-30,601369SH,6.21,6.29,6.33,6.21,57388,36043553.0,1.94,1.45,0.09,0.35
2428,2020-07-01,601369SH,6.29,6.29,6.35,6.23,40512,25467192.0,1.91,0.0,0.0,0.25
2429,2020-07-02,601369SH,6.29,6.36,6.38,6.25,68987,43710368.0,2.07,1.11,0.07,0.42
2430,2020-07-03,601369SH,6.35,6.43,6.48,6.32,63844,41005361.0,2.52,1.1,0.07,0.39
2431,2020-07-06,601369SH,6.49,6.63,6.68,6.49,133913,88332424.0,2.95,3.11,0.2,0.82
2432,2020-07-07,601369SH,6.66,6.63,6.75,6.58,113081,75161029.0,2.56,0.0,0.0,0.69
2433,2020-07-08,601369SH,6.59,6.66,6.67,6.56,118734,78601760.0,1.66,0.45,0.03,0.72
2434,2020-07-09,601369SH,6.66,6.78,6.8,6.63,127091,85649121.0,2.55,1.8,0.12,0.78
2435,2020-07-10,601369SH,6.75,6.71,6.91,6.69,131033,88826387.0,3.24,-1.03,-0.07,0.8
2436,2020-07-13,601369SH,6.7,7.0,7.05,6.7,160175,110321506.0,5.22,4.32,0.29,0.98
2437,2020-07-14,601369SH,6.97,6.9,7.03,6.78,104888,72288937.0,3.57,-1.43,-0.1,0.64
2438,2020-07-15,601369SH,6.92,6.9,7.1,6.86,117541,81963455.0,3.48,0.0,0.0,0.72
2439,2020-07-16,601369SH,6.9,6.63,7.0,6.59,92375,63026926.0,5.94,-3.91,-0.27,0.56
2440,2020-07-17,601369SH,6.66,6.62,6.75,6.57,59626,39736439.0,2.71,-0.15,-0.01,0.36
2441,2020-07-20,601369SH,6.72,7.27,7.28,6.66,225861,162209198.0,9.37,9.82,0.65,1.38
2442,2020-07-21,601369SH,7.18,7.23,7.33,7.13,121097,87285067.0,2.75,-0.55,-0.04,0.74
2443,2020-07-22,601369SH,7.23,7.18,7.33,7.16,95435,69100981.0,2.35,-0.69,-0.05,0.58
2444,2020-07-23,601369SH,7.18,7.1,7.22,6.99,99763,70700608.0,3.2,-1.11,-0.08,0.61
2445,2020-07-24,601369SH,7.05,6.84,7.14,6.78,98495,68362898.0,5.07,-3.66,-0.26,0.6
2446,2020-07-27,601369SH,6.82,6.9,6.95,6.76,56526,38867130.0,2.78,0.88,0.06,0.34
2447,2020-07-28,601369SH,6.93,6.91,7.04,6.86,48675,33802312.0,2.61,0.14,0.01,0.3
2448,2020-07-29,601369SH,6.91,6.99,7.01,6.83,62785,43540078.0,2.6,1.16,0.08,0.38
2449,2020-07-30,601369SH,7.01,6.88,7.01,6.84,60115,41485709.0,2.43,-1.57,-0.11,0.37
2450,2020-07-31,601369SH,6.81,6.86,6.94,6.73,78595,53724567.0,3.05,-0.29,-0.02,0.48
2451,2020-08-03,601369SH,6.89,6.98,6.99,6.87,83384,57993261.0,1.75,1.75,0.12,0.51
2452,2020-08-04,601369SH,7.01,6.89,7.03,6.84,77466,53475859.0,2.72,-1.29,-0.09,0.47
2453,2020-08-05,601369SH,6.89,6.86,6.89,6.79,58501,39974729.0,1.45,-0.44,-0.03,0.36
2454,2020-08-06,601369SH,6.86,6.86,6.9,6.75,59238,40425898.0,2.19,0.0,0.0,0.36
2455,2020-08-07,601369SH,6.86,7.17,7.24,6.8,192606,136020454.0,6.41,4.52,0.31,1.18
2456,2020-08-10,601369SH,7.11,7.45,7.48,7.03,206948,151559664.0,6.28,3.91,0.28,1.26
2457,2020-08-11,601369SH,7.41,7.3,7.53,7.29,129371,95415869.0,3.22,-2.01,-0.15,0.79
2458,2020-08-12,601369SH,7.3,7.28,7.41,7.11,111721,80746577.0,4.11,-0.27,-0.02,0.68
2459,2020-08-13,601369SH,7.29,7.27,7.41,7.24,64438,47143702.0,2.34,-0.14,-0.01,0.39
2460,2020-08-14,601369SH,7.33,7.33,7.35,7.21,51124,37209755.0,1.93,0.83,0.06,0.31
2461,2020-08-17,601369SH,7.32,7.37,7.46,7.3,109206,80444190.0,2.18,0.55,0.04,0.67
2462,2020-08-18,601369SH,7.37,7.35,7.48,7.31,65668,48465952.0,2.31,-0.27,-0.02,0.4
2463,2020-08-19,601369SH,7.35,7.36,7.41,7.27,70273,51599496.0,1.9,0.14,0.01,0.43
2464,2020-08-20,601369SH,7.38,7.11,7.38,7.08,76177,54702181.0,4.08,-3.4,-0.25,0.46
2465,2020-08-21,601369SH,7.17,7.12,7.22,7.08,54300,38806125.0,1.97,0.14,0.01,0.33
2466,2020-08-24,601369SH,7.12,7.2,7.27,7.11,42816,30799963.0,2.25,1.12,0.08,0.26
2467,2020-08-25,601369SH,7.21,7.13,7.25,7.1,41218,29498471.0,2.08,-0.97,-0.07,0.25
2468,2020-08-26,601369SH,7.14,6.94,7.14,6.87,64685,45083191.0,3.79,-2.66,-0.19,0.39
2469,2020-08-27,601369SH,6.9,7.05,7.05,6.86,42488,29493852.0,2.74,1.59,0.11,0.26
2470,2020-08-28,601369SH,6.99,6.8,6.99,6.74,115466,78671009.0,3.55,-3.55,-0.25,0.7
2471,2020-08-31,601369SH,6.83,6.86,6.89,6.79,77686,53097236.0,1.47,0.88,0.06,0.47
2472,2020-09-01,601369SH,6.86,6.86,6.88,6.79,38249,26094090.0,1.31,0.0,0.0,0.23
2473,2020-09-02,601369SH,6.83,6.89,6.93,6.81,40520,27791839.0,1.75,0.44,0.03,0.25
2474,2020-09-03,601369SH,6.89,6.82,6.92,6.8,41042,28128506.0,1.74,-1.02,-0.07,0.25
2475,2020-09-04,601369SH,6.76,6.61,6.76,6.57,73391,48564556.0,2.79,-3.08,-0.21,0.45
2476,2020-09-07,601369SH,6.6,6.58,6.68,6.56,47784,31664507.0,1.82,-0.45,-0.03,0.29
2477,2020-09-08,601369SH,6.58,6.68,6.68,6.57,34088,22609493.0,1.67,1.52,0.1,0.21
2478,2020-09-09,601369SH,6.63,6.54,6.65,6.52,50592,33271068.0,1.95,-2.1,-0.14,0.31
2479,2020-09-10,601369SH,6.54,6.39,6.63,6.36,56534,36518020.0,4.13,-2.29,-0.15,0.34
2480,2020-09-11,601369SH,6.45,6.5,6.51,6.39,39685,25669464.0,1.88,1.72,0.11,0.24
2481,2020-09-14,601369SH,6.5,6.64,6.69,6.5,41019,27037730.0,2.92,2.15,0.14,0.25
2482,2020-09-15,601369SH,6.66,6.55,6.66,6.5,33226,21739554.0,2.41,-1.36,-0.09,0.2
2483,2020-09-16,601369SH,6.55,6.55,6.61,6.5,23264,15216966.0,1.68,0.0,0.0,0.14
2484,2020-09-17,601369SH,6.55,6.43,6.55,6.4,42874,27679215.0,2.29,-1.83,-0.12,0.26
2485,2020-09-18,601369SH,6.47,6.59,6.61,6.4,34466,22490911.0,3.27,2.49,0.16,0.21
2486,2020-09-21,601369SH,6.58,6.61,6.63,6.55,29004,19093606.0,1.21,0.3,0.02,0.18
2487,2020-09-22,601369SH,6.57,6.5,6.59,6.48,21277,13891417.0,1.66,-1.66,-0.11,0.13
2488,2020-09-23,601369SH,6.53,6.5,6.55,6.48,15683,10212317.0,1.08,0.0,0.0,0.1
2489,2020-09-24,601369SH,6.49,6.37,6.5,6.3,46880,29848629.0,3.08,-2.0,-0.13,0.29
2490,2020-09-25,601369SH,6.35,6.29,6.43,6.26,25704,16210489.0,2.67,-1.26,-0.08,0.16
2491,2020-09-28,601369SH,6.31,6.3,6.33,6.27,12209,7690290.0,0.95,0.16,0.01,0.07
2492,2020-09-29,601369SH,6.36,6.29,6.36,6.26,23573,14834442.0,1.59,-0.16,-0.01,0.14
2493,2020-09-30,601369SH,6.31,6.22,6.31,6.22,17576,11007722.0,1.43,-1.11,-0.07,0.11
2494,2020-10-09,601369SH,6.29,6.57,6.63,6.29,56517,36603531.0,5.47,5.63,0.35,0.34
2495,2020-10-12,601369SH,6.58,6.69,6.74,6.53,60183,40233084.0,3.2,1.83,0.12,0.37
2496,2020-10-13,601369SH,6.7,6.71,6.71,6.63,25357,16929897.0,1.2,0.3,0.02,0.15
2497,2020-10-14,601369SH,6.71,6.67,6.76,6.63,24943,16671258.0,1.94,-0.6,-0.04,0.15
2498,2020-10-15,601369SH,6.68,6.6,6.7,6.59,21861,14495928.0,1.65,-1.05,-0.07,0.13
2499,2020-10-16,601369SH,6.62,6.62,6.64,6.56,20169,13298080.0,1.21,0.3,0.02,0.12
2500,2020-10-19,601369SH,6.61,6.52,6.66,6.48,33085,21696910.0,2.72,-1.51,-0.1,0.2
2501,2020-10-20,601369SH,6.51,6.58,6.65,6.47,20687,13554672.0,2.76,0.92,0.06,0.13
2502,2020-10-21,601369SH,6.57,6.48,6.58,6.47,22597,14699286.0,1.67,-1.52,-0.1,0.14
2503,2020-10-22,601369SH,6.51,6.49,6.53,6.4,18153,11740005.0,2.01,0.15,0.01,0.11
2504,2020-10-23,601369SH,6.49,6.53,6.55,6.48,19591,12772508.0,1.08,0.62,0.04,0.12
2505,2020-10-26,601369SH,6.55,6.63,6.63,6.45,27402,18011132.0,2.76,1.53,0.1,0.17
2506,2020-10-27,601369SH,6.63,6.57,6.67,6.53,22521,14830528.0,2.11,-0.9,-0.06,0.14
2507,2020-10-28,601369SH,6.55,6.7,6.78,6.55,62186,41739252.0,3.5,1.98,0.13,0.38
2508,2020-10-29,601369SH,6.73,6.69,6.74,6.62,47972,32053286.0,1.79,-0.15,-0.01,0.29
2509,2020-10-30,601369SH,6.66,6.42,6.71,6.38,48160,31429939.0,4.93,-4.04,-0.27,0.29
2510,2020-11-02,601369SH,6.42,6.5,6.52,6.39,33676,21741906.0,2.02,1.25,0.08,0.21
2511,2020-11-03,601369SH,6.5,6.52,6.56,6.44,26135,17019549.0,1.85,0.31,0.02,0.16
2512,2020-11-04,601369SH,6.53,6.52,6.59,6.48,23748,15526319.0,1.69,0.0,0.0,0.14
2513,2020-11-05,601369SH,6.55,6.69,6.71,6.54,45442,30154309.0,2.61,2.61,0.17,0.28
2514,2020-11-06,601369SH,6.7,6.83,6.96,6.65,90553,61678635.0,4.63,2.09,0.14,0.55
2515,2020-11-09,601369SH,6.88,6.89,6.98,6.76,104137,71861853.0,3.22,0.88,0.06,0.64
2516,2020-11-10,601369SH,6.89,6.92,7.01,6.83,73333,50926670.0,2.61,0.44,0.03,0.45
2517,2020-11-11,601369SH,6.92,6.99,7.12,6.87,103230,72441007.0,3.61,1.01,0.07,0.63
2518,2020-11-12,601369SH,7.05,7.01,7.05,6.92,42100,29362432.0,1.86,0.29,0.02,0.26
2519,2020-11-13,601369SH,6.98,7.0,7.06,6.85,60207,41934204.0,3.0,-0.14,-0.01,0.37
2520,2020-11-16,601369SH,7.02,7.17,7.24,6.96,79462,56750799.0,4.0,2.43,0.17,0.48
2521,2020-11-17,601369SH,7.18,7.14,7.27,7.12,65904,47337951.0,2.09,-0.42,-0.03,0.4
2522,2020-11-18,601369SH,7.17,7.06,7.2,7.02,68189,48317530.0,2.52,-1.12,-0.08,0.42
2523,2020-11-19,601369SH,7.04,7.01,7.24,6.96,74153,52471902.0,3.97,-0.71,-0.05,0.45
2524,2020-11-20,601369SH,6.99,7.03,7.05,6.9,55123,38483442.0,2.14,0.29,0.02,0.34
2525,2020-11-23,601369SH,6.96,7.0,7.06,6.93,47725,33372332.0,1.85,-0.43,-0.03,0.29
2526,2020-11-24,601369SH,7.01,6.9,7.04,6.89,52818,36705096.0,2.14,-1.43,-0.1,0.32
2527,2020-11-25,601369SH,6.91,6.93,7.05,6.91,52988,36997567.0,2.03,0.43,0.03,0.32
2528,2020-11-26,601369SH,6.94,6.87,6.98,6.83,52549,36199028.0,2.16,-0.87,-0.06,0.32
2529,2020-11-27,601369SH,6.85,7.22,7.23,6.82,120603,85163766.0,5.97,5.09,0.35,0.74
2530,2020-11-30,601369SH,7.21,7.15,7.33,7.13,101807,73323022.0,2.77,-0.97,-0.07,0.62
2531,2020-12-01,601369SH,7.13,7.22,7.29,7.09,116868,84252344.0,2.8,0.98,0.07,0.71
2532,2020-12-02,601369SH,7.22,7.15,7.22,7.1,62639,44797256.0,1.66,-0.97,-0.07,0.38
2533,2020-12-03,601369SH,7.13,7.04,7.17,7.03,60132,42539814.0,1.96,-1.54,-0.11,0.37
2534,2020-12-04,601369SH,7.03,7.04,7.07,6.93,46292,32364278.0,1.99,0.0,0.0,0.28
2535,2020-12-07,601369SH,7.05,6.91,7.05,6.9,44523,31022279.0,2.13,-1.85,-0.13,0.27
2536,2020-12-08,601369SH,6.91,6.92,6.98,6.86,36392,25156626.0,1.74,0.14,0.01,0.22
2537,2020-12-09,601369SH,6.93,6.72,6.93,6.7,43977,30018064.0,3.32,-2.89,-0.2,0.27
2538,2020-12-10,601369SH,6.68,6.64,6.72,6.6,43469,28968392.0,1.79,-1.19,-0.08,0.27
2539,2020-12-11,601369SH,6.65,6.56,6.69,6.5,39232,25817701.0,2.86,-1.2,-0.08,0.24
2540,2020-12-14,601369SH,6.57,6.67,6.69,6.51,25223,16708987.0,2.74,1.68,0.11,0.15
2541,2020-12-15,601369SH,6.68,6.58,6.69,6.54,34765,22967742.0,2.25,-1.35,-0.09,0.21
2542,2020-12-16,601369SH,6.58,6.6,6.63,6.55,17474,11526943.0,1.22,0.3,0.02,0.11
2543,2020-12-17,601369SH,6.57,6.61,6.68,6.52,35479,23395593.0,2.42,0.15,0.01,0.22
2544,2020-12-18,601369SH,6.6,6.64,6.69,6.59,31893,21207141.0,1.51,0.45,0.03,0.19
2545,2020-12-21,601369SH,6.64,6.74,6.78,6.64,33629,22550398.0,2.11,1.51,0.1,0.21
2546,2020-12-22,601369SH,6.74,6.6,6.75,6.6,37169,24831172.0,2.23,-2.08,-0.14,0.23
2547,2020-12-23,601369SH,6.6,6.95,6.97,6.58,93624,64114624.0,5.91,5.3,0.35,0.57
2548,2020-12-24,601369SH,6.94,6.87,7.06,6.85,77076,53560446.0,3.02,-1.15,-0.08,0.47
2549,2020-12-25,601369SH,6.89,7.08,7.16,6.83,106345,75075598.0,4.8,3.06,0.21,0.65
2550,2020-12-28,601369SH,7.12,7.2,7.34,7.02,143116,103309061.0,4.52,1.69,0.12,0.87
2551,2020-12-29,601369SH,7.23,7.05,7.27,7.03,72569,51659105.0,3.33,-2.08,-0.15,0.44
2552,2020-12-30,601369SH,7.06,7.04,7.18,6.97,95762,67565061.0,2.98,-0.14,-0.01,0.58
2553,2020-12-31,601369SH,7.04,7.18,7.52,6.99,209627,152614457.0,7.53,1.99,0.14,1.28
2554,2021-01-04,601369SH,7.17,7.34,7.55,7.16,232927,172344971.0,5.43,2.23,0.16,1.42
2555,2021-01-05,601369SH,7.31,7.35,7.38,7.21,115591,84271064.0,2.32,0.14,0.01,0.71
2556,2021-01-06,601369SH,7.3,7.21,7.43,7.15,119650,86756813.0,3.81,-1.9,-0.14,0.73
2557,2021-01-07,601369SH,7.21,7.93,7.93,7.11,497832,387072752.0,11.37,9.99,0.72,3.04
2558,2021-01-08,601369SH,7.78,7.82,8.12,7.73,374147,295407856.0,4.92,-1.39,-0.11,2.28
2559,2021-01-11,601369SH,7.83,8.1,8.6,7.6,445463,364213424.0,12.79,3.58,0.28,2.72
2560,2021-01-12,601369SH,8.04,8.56,8.9,7.98,459893,392052272.0,11.36,5.68,0.46,2.81
2561,2021-01-13,601369SH,8.56,8.8,8.9,8.32,385239,331561184.0,6.78,2.8,0.24,2.35
2562,2021-01-14,601369SH,8.79,8.61,9.08,8.55,253775,221125702.0,6.02,-2.16,-0.19,1.55
2563,2021-01-15,601369SH,8.59,8.3,8.8,8.13,348841,292289792.0,7.78,-3.6,-0.31,2.13
2564,2021-01-18,601369SH,8.37,8.75,9.03,8.37,395703,344730864.0,7.95,5.42,0.45,2.41
2565,2021-01-19,601369SH,8.77,8.82,8.94,8.47,283044,246274067.0,5.37,0.8,0.07,1.73
2566,2021-01-20,601369SH,8.78,8.69,8.83,8.58,184154,160148658.0,2.83,-1.47,-0.13,1.12
2567,2021-01-21,601369SH,8.58,9.38,9.5,8.58,385654,355245296.0,10.59,7.94,0.69,2.35
2568,2021-01-22,601369SH,9.29,9.34,9.6,9.15,253877,236976244.0,4.8,-0.43,-0.04,1.55
2569,2021-01-25,601369SH,9.31,9.85,10.04,9.31,328735,321585168.0,7.82,5.46,0.51,2.01
2570,2021-01-26,601369SH,9.8,9.1,9.84,9.04,339477,319041408.0,8.12,-7.61,-0.75,2.07
2571,2021-01-27,601369SH,9.15,8.9,9.31,8.74,267421,239816263.0,6.26,-2.2,-0.2,1.63
2572,2021-01-28,601369SH,8.78,8.91,9.33,8.6,251515,228124609.0,8.2,0.11,0.01,1.53
2573,2021-01-29,601369SH,8.98,8.77,9.13,8.57,221335,193814993.0,6.29,-1.57,-0.14,1.35
2574,2021-02-01,601369SH,8.65,8.62,8.86,8.3,249753,213916683.0,6.39,-1.71,-0.15,1.52
2575,2021-02-02,601369SH,8.64,8.88,8.92,8.47,267910,234295705.0,5.22,3.02,0.26,1.63
2576,2021-02-03,601369SH,8.95,8.25,9.01,8.2,300342,254446582.0,9.12,-7.09,-0.63,1.83
2577,2021-02-04,601369SH,8.26,7.72,8.26,7.66,316828,249039706.0,7.27,-6.42,-0.53,1.93
2578,2021-02-05,601369SH,7.73,6.95,7.78,6.95,423781,309150352.0,10.75,-9.97,-0.77,2.59
2579,2021-02-08,601369SH,6.76,6.63,6.83,6.46,343372,229129348.0,5.32,-4.6,-0.32,2.1
2580,2021-02-09,601369SH,6.75,6.75,6.93,6.59,262318,177679917.0,5.13,1.81,0.12,1.6
2581,2021-02-10,601369SH,6.74,6.62,6.79,6.61,201960,134672017.0,2.67,-1.93,-0.13,1.23
2582,2021-02-18,601369SH,6.72,6.84,6.95,6.67,178903,122289875.0,4.23,3.32,0.22,1.09
2583,2021-02-19,601369SH,6.88,7.03,7.07,6.82,208029,144581754.0,3.65,2.78,0.19,1.27
2584,2021-02-22,601369SH,7.06,7.25,7.53,7.0,292451,212366915.0,7.54,3.13,0.22,1.78
2585,2021-02-23,601369SH,7.2,7.15,7.34,7.13,151573,109498160.0,2.9,-1.38,-0.1,0.92
2586,2021-02-24,601369SH,7.13,7.26,7.43,7.11,170609,123831787.0,4.48,1.54,0.11,1.04
2587,2021-02-25,601369SH,7.27,7.15,7.31,7.06,107700,77140885.0,3.44,-1.52,-0.11,0.66
2588,2021-02-26,601369SH,7.05,7.12,7.32,6.96,128912,92771472.0,5.03,-0.42,-0.03,0.79
2589,2021-03-01,601369SH,7.13,7.83,7.83,7.1,260921,199756987.0,10.25,9.97,0.71,1.59
2590,2021-03-02,601369SH,8.09,8.12,8.28,7.77,421320,339537488.0,6.51,3.7,0.29,2.57
2591,2021-03-03,601369SH,8.01,8.93,8.93,7.98,419107,360410880.0,11.7,9.98,0.81,2.56
2592,2021-03-04,601369SH,8.98,8.89,9.34,8.83,520666,471716576.0,5.71,-0.45,-0.04,3.18
2593,2021-03-05,601369SH,8.96,8.71,9.02,8.62,305575,267716560.0,4.5,-2.02,-0.18,1.86
2594,2021-03-08,601369SH,8.7,8.8,9.41,8.7,322807,293861808.0,8.15,1.03,0.09,1.97
2595,2021-03-09,601369SH,8.82,8.36,8.96,8.09,264570,226178931.0,9.89,-5.0,-0.44,1.61
2596,2021-03-10,601369SH,8.48,8.06,8.55,8.01,255996,208742781.0,6.46,-3.59,-0.3,1.56
2597,2021-03-11,601369SH,8.09,8.62,8.76,8.03,231358,194842728.0,9.06,6.95,0.56,1.41
2598,2021-03-12,601369SH,8.76,8.92,9.24,8.74,320501,287724064.0,5.8,3.48,0.3,1.96
2599,2021-03-15,601369SH,9.03,8.73,9.58,8.67,358507,325587120.0,10.2,-2.13,-0.19,2.19
2600,2021-03-16,601369SH,8.82,8.94,9.1,8.44,292713,254264165.0,7.56,2.41,0.21,1.79
2601,2021-03-17,601369SH,8.8,8.58,8.81,8.48,216566,186761812.0,3.69,-4.03,-0.36,1.32
2602,2021-03-18,601369SH,8.67,8.45,8.72,8.43,201764,172482153.0,3.38,-1.52,-0.13,1.23
2603,2021-03-19,601369SH,8.42,9.3,9.3,8.42,329513,297640752.0,10.41,10.06,0.85,2.01
2604,2021-03-22,601369SH,10.1,10.23,10.23,9.45,530322,522882128.0,8.39,10.0,0.93,3.24
2605,2021-03-23,601369SH,10.3,9.85,10.67,9.82,701076,714797552.0,8.31,-3.71,-0.38,4.28
2606,2021-03-24,601369SH,9.58,9.58,10.26,9.47,542460,532326688.0,8.02,-2.74,-0.27,3.31
2607,2021-03-25,601369SH,9.36,9.1,9.59,8.94,380911,349706528.0,6.78,-5.01,-0.48,2.32
2608,2021-03-26,601369SH,9.12,9.04,9.27,9.01,282352,257835855.0,2.86,-0.66,-0.06,1.72
2609,2021-03-29,601369SH,9.05,9.07,9.29,8.88,276830,250641936.0,4.54,0.33,0.03,1.69
2610,2021-03-30,601369SH,8.95,8.73,8.97,8.64,288066,253393170.0,3.64,-3.75,-0.34,1.76
2611,2021-03-31,601369SH,8.72,8.76,8.89,8.64,142771,125198956.0,2.86,0.34,0.03,0.87
2612,2021-04-01,601369SH,8.75,8.72,8.85,8.55,138373,120051661.0,3.42,-0.46,-0.04,0.84
2613,2021-04-02,601369SH,8.79,8.84,9.15,8.65,291166,259225166.0,5.73,1.38,0.12,1.78
2614,2021-04-06,601369SH,8.92,9.11,9.44,8.85,316828,290424352.0,6.67,3.05,0.27,1.93
2615,2021-04-07,601369SH,9.1,9.1,9.21,8.86,194693,175551258.0,3.84,-0.11,-0.01,1.19
2616,2021-04-08,601369SH,9.08,9.19,9.25,8.74,258706,233250948.0,5.6,0.99,0.09,1.58
2617,2021-04-09,601369SH,9.17,8.89,9.17,8.86,157968,141409158.0,3.37,-3.26,-0.3,0.96
2618,2021-04-12,601369SH,8.8,8.2,8.87,8.1,290781,245935033.0,8.66,-7.76,-0.69,1.77
2619,2021-04-13,601369SH,8.1,8.0,8.24,7.85,217700,174967231.0,4.76,-2.44,-0.2,1.33
2620,2021-04-14,601369SH,8.01,8.0,8.08,7.92,136064,108627932.0,2.0,0.0,0.0,0.83
2621,2021-04-15,601369SH,8.0,8.14,8.24,7.86,147325,118897899.0,4.75,1.75,0.14,0.9
2622,2021-04-16,601369SH,8.08,8.14,8.23,7.97,143591,116211416.0,3.19,0.0,0.0,0.88
2623,2021-04-19,601369SH,8.12,8.25,8.39,8.09,164567,135764740.0,3.69,1.35,0.11,1.0
2624,2021-04-20,601369SH,8.22,8.15,8.3,8.12,157109,128558279.0,2.18,-1.21,-0.1,0.96
2625,2021-04-21,601369SH,8.06,8.14,8.3,8.04,111160,90816800.0,3.19,-0.12,-0.01,0.68
2626,2021-04-22,601369SH,8.13,7.96,8.2,7.95,137271,110825273.0,3.07,-2.21,-0.18,0.84
2627,2021-04-23,601369SH,7.99,7.97,8.08,7.9,106023,84666029.0,2.26,0.13,0.01,0.65
2628,2021-04-26,601369SH,8.06,7.9,8.21,7.9,152150,122146382.0,3.89,-0.88,-0.07,0.93
2629,2021-04-27,601369SH,7.9,7.77,7.99,7.6,136714,105623465.0,4.94,-1.65,-0.13,0.83
2630,2021-04-28,601369SH,7.85,7.93,8.12,7.76,138480,109814234.0,4.63,2.06,0.16,0.85
2631,2021-04-29,601369SH,7.88,7.78,7.94,7.7,112372,87771067.0,3.03,-1.89,-0.15,0.69
2632,2021-04-30,601369SH,7.76,7.8,7.92,7.64,101511,78805792.0,3.6,0.26,0.02,0.62
2633,2021-05-06,601369SH,7.8,8.08,8.25,7.77,206738,167291059.0,6.15,3.59,0.28,1.26
2634,2021-05-07,601369SH,8.02,8.29,8.45,8.0,192666,158916385.0,5.57,2.6,0.21,1.18
2635,2021-05-10,601369SH,8.3,8.28,8.4,8.12,145434,119402302.0,3.38,-0.12,-0.01,0.89
2636,2021-05-11,601369SH,8.25,8.44,8.54,8.21,149769,126020498.0,3.99,1.93,0.16,0.91
2637,2021-05-12,601369SH,8.39,8.23,8.48,8.1,158616,130806921.0,4.5,-2.49,-0.21,0.97
2638,2021-05-13,601369SH,8.17,7.99,8.33,7.99,150685,122143170.0,4.13,-2.92,-0.24,0.92
2639,2021-05-14,601369SH,8.1,8.79,8.79,8.05,438176,376871152.0,9.26,10.01,0.8,2.67
2640,2021-05-17,601369SH,8.86,8.55,8.87,8.52,293293,254824450.0,3.98,-2.73,-0.24,1.79
2641,2021-05-18,601369SH,8.57,8.79,8.96,8.55,260122,228720768.0,4.8,2.81,0.24,1.59
2642,2021-05-19,601369SH,8.77,9.0,9.1,8.62,284733,254894087.0,5.46,2.39,0.21,1.74
2643,2021-05-20,601369SH,8.9,9.01,9.25,8.88,232281,210687103.0,4.11,0.11,0.01,1.42
2644,2021-05-21,601369SH,9.06,9.29,9.57,8.92,265827,244915691.0,7.21,3.11,0.28,1.62
2645,2021-05-24,601369SH,9.3,9.16,9.45,9.05,248335,229160875.0,4.31,-1.4,-0.13,1.52
2646,2021-05-25,601369SH,9.12,9.05,9.21,8.85,212233,191502640.0,3.93,-1.2,-0.11,1.3
2647,2021-05-26,601369SH,9.02,9.08,9.24,8.91,177210,160952616.0,3.65,0.33,0.03,1.08
2648,2021-05-27,601369SH,9.03,8.95,9.12,8.88,159414,143141181.0,2.64,-1.43,-0.13,0.97
2649,2021-05-28,601369SH,9.05,9.05,9.2,8.95,158321,143675440.0,2.79,1.12,0.1,0.97
2650,2021-05-31,601369SH,9.02,9.12,9.16,8.8,199517,179699152.0,3.98,0.77,0.07,1.22
2651,2021-06-01,601369SH,9.11,8.96,9.24,8.88,188220,169478312.0,3.95,-1.75,-0.16,1.15
2652,2021-06-02,601369SH,9.02,9.33,9.39,8.84,284824,261078371.0,6.14,4.13,0.37,1.74
2653,2021-06-03,601369SH,9.26,9.0,9.39,8.99,196061,178582028.0,4.29,-3.54,-0.33,1.2
2654,2021-06-04,601369SH,9.1,9.12,9.12,8.88,116154,104958111.0,2.67,1.33,0.12,0.71
2655,2021-06-07,601369SH,9.05,9.37,9.45,9.02,232152,216252781.0,4.71,2.74,0.25,1.42
2656,2021-06-08,601369SH,9.27,9.27,9.59,9.23,188539,176710359.0,3.84,-1.07,-0.1,1.15
2657,2021-06-09,601369SH,9.18,9.45,9.5,9.11,209061,195573366.0,4.21,1.94,0.18,1.28
2658,2021-06-10,601369SH,9.23,8.65,9.23,8.58,281092,248373067.0,6.88,-8.47,-0.8,1.72
2659,2021-06-11,601369SH,8.65,8.3,8.66,8.3,190598,160241255.0,4.16,-4.05,-0.35,1.16
2660,2021-06-15,601369SH,8.34,8.18,8.37,8.15,164562,135694226.0,2.65,-1.45,-0.12,1.0
2661,2021-06-16,601369SH,8.18,8.14,8.28,8.05,109486,89293863.0,2.81,-0.49,-0.04,0.67
2662,2021-06-17,601369SH,8.1,8.16,8.24,8.06,75399,61431179.0,2.21,0.25,0.02,0.46
2663,2021-06-18,601369SH,8.17,8.27,8.36,8.1,82106,67820423.0,3.19,1.35,0.11,0.5
2664,2021-06-21,601369SH,8.33,8.31,8.35,8.13,74411,61334550.0,2.66,0.48,0.04,0.45
2665,2021-06-22,601369SH,8.28,8.22,8.36,8.13,90965,74784686.0,2.77,-1.08,-0.09,0.56
2666,2021-06-23,601369SH,8.19,8.19,8.28,8.11,81558,66754776.0,2.07,-0.36,-0.03,0.5
2667,2021-06-24,601369SH,8.19,8.05,8.19,7.89,130461,104659589.0,3.66,-1.71,-0.14,0.8
2668,2021-06-25,601369SH,8.06,8.12,8.17,7.99,84760,68493610.0,2.24,0.87,0.07,0.52
2669,2021-06-28,601369SH,8.11,8.15,8.19,8.02,76603,62176408.0,2.09,0.37,0.03,0.47
2670,2021-06-29,601369SH,8.13,8.1,8.36,8.07,113999,93515014.0,3.56,-0.61,-0.05,0.69
2671,2021-06-30,601369SH,8.08,8.13,8.2,7.99,111932,90275888.0,2.59,0.37,0.03,0.68
2672,2021-07-01,601369SH,8.14,7.95,8.14,7.95,83248,66703631.0,2.34,-2.21,-0.18,0.5
2673,2021-07-02,601369SH,7.99,7.89,8.05,7.87,60245,47834468.0,2.26,-0.75,-0.06,0.36
2674,2021-07-05,601369SH,7.88,7.89,7.96,7.82,61298,48310167.0,1.77,0.0,0.0,0.37
2675,2021-07-06,601369SH,7.9,7.83,7.93,7.75,75329,58892573.0,2.28,-0.76,-0.06,0.46
2676,2021-07-07,601369SH,7.88,8.08,8.12,7.79,101395,81208655.0,4.21,3.19,0.25,0.61
2677,2021-07-08,601369SH,8.08,7.99,8.08,7.93,74700,59772787.0,1.86,-1.11,-0.09,0.45
2678,2021-07-09,601369SH,7.96,8.53,8.54,7.95,212293,175320058.0,7.38,6.76,0.54,1.29
2679,2021-07-12,601369SH,8.58,8.56,8.66,8.42,169327,144359196.0,2.81,0.35,0.03,1.03
2680,2021-07-13,601369SH,8.56,8.74,8.87,8.5,174759,152305671.0,4.32,2.1,0.18,1.06
2681,2021-07-14,601369SH,8.69,8.71,9.0,8.6,175030,153373152.0,4.58,-0.34,-0.03,1.06
2682,2021-07-15,601369SH,8.88,9.06,9.17,8.77,310648,279422496.0,4.59,4.02,0.35,1.88
2683,2021-07-16,601369SH,9.1,9.04,9.19,8.88,199327,180434620.0,3.42,-0.22,-0.02,1.21
2684,2021-07-19,601369SH,8.99,9.04,9.16,8.9,226151,204826728.0,2.88,0.0,0.0,1.37
2685,2021-07-20,601369SH,9.0,9.58,9.68,8.92,337585,314738208.0,8.41,5.97,0.54,2.04
2686,2021-07-21,601369SH,9.54,9.92,10.08,9.51,320634,313660848.0,5.95,3.55,0.34,1.94
2687,2021-07-22,601369SH,9.93,9.9,10.06,9.81,190956,189554683.0,2.52,-0.2,-0.02,1.16
2688,2021-07-23,601369SH,9.89,9.9,9.99,9.75,149220,147580485.0,2.42,0.0,0.0,0.9
2689,2021-07-26,601369SH,9.96,10.05,10.13,9.6,234592,233194985.0,5.35,1.52,0.15,1.42
2690,2021-07-27,601369SH,10.2,9.3,10.2,9.26,339609,329319504.0,9.35,-7.46,-0.75,2.06
2691,2021-07-28,601369SH,9.13,9.22,9.3,8.7,215633,195208424.0,6.45,-0.86,-0.08,1.31
2692,2021-07-29,601369SH,9.29,9.78,9.95,9.27,218263,212460822.0,7.38,6.07,0.56,1.32
2693,2021-07-30,601369SH,9.75,9.79,9.9,9.59,173951,169640106.0,3.17,0.1,0.01,1.05
2694,2021-08-02,601369SH,9.81,10.41,10.75,9.67,416483,427409200.0,11.03,6.33,0.62,2.52
2695,2021-08-03,601369SH,10.3,10.28,10.53,10.19,219382,226870904.0,3.27,-1.25,-0.13,1.33
2696,2021-08-04,601369SH,10.21,10.61,10.82,10.2,239083,253682005.0,6.03,3.21,0.33,1.45
2697,2021-08-05,601369SH,10.61,11.2,11.67,10.52,620357,706017088.0,10.84,5.56,0.59,3.76
2698,2021-08-06,601369SH,11.23,11.6,11.7,11.15,390351,448093840.0,4.91,3.57,0.4,2.36
2699,2021-08-09,601369SH,12.0,12.24,12.47,11.8,523006,637066432.0,5.78,5.52,0.64,3.17
2700,2021-08-10,601369SH,12.23,12.23,12.54,11.92,365956,447757536.0,5.07,-0.08,-0.01,2.22
2701,2021-08-11,601369SH,12.15,12.29,12.49,12.0,231317,283180176.0,4.01,0.49,0.06,1.4
2702,2021-08-12,601369SH,12.16,12.24,12.57,12.15,197889,243639667.0,3.42,-0.41,-0.05,1.2
2703,2021-08-13,601369SH,12.29,11.89,12.39,11.87,356275,427501680.0,4.25,-2.86,-0.35,2.16
2704,2021-08-16,601369SH,12.01,11.85,12.31,11.75,223480,266790011.0,4.71,-0.34,-0.04,1.35
2705,2021-08-17,601369SH,11.74,11.18,11.83,11.08,282012,321862464.0,6.33,-5.65,-0.67,1.71
2706,2021-08-18,601369SH,11.34,11.2,11.45,11.07,153972,173038624.0,3.4,0.18,0.02,0.93
2707,2021-08-19,601369SH,11.2,11.3,11.41,11.05,151070,169793080.0,3.21,0.89,0.1,0.92
2708,2021-08-20,601369SH,11.11,11.26,11.35,11.06,138032,154331621.0,2.57,-0.35,-0.04,0.84
2709,2021-08-23,601369SH,11.42,11.62,11.73,11.16,193561,224177404.0,5.06,3.2,0.36,1.17
2710,2021-08-24,601369SH,11.83,11.66,11.83,11.46,155743,181109495.0,3.18,0.34,0.04,0.94
2711,2021-08-25,601369SH,11.67,11.78,11.93,11.39,188360,220021120.0,4.63,1.03,0.12,1.14
2712,2021-08-26,601369SH,11.79,11.7,12.08,11.65,169904,201135860.0,3.65,-0.68,-0.08,1.03
2713,2021-08-27,601369SH,11.72,11.29,11.91,11.01,329044,371509296.0,7.69,-3.5,-0.41,1.99
2714,2021-08-30,601369SH,11.39,11.98,12.09,11.36,373639,439957776.0,6.47,6.11,0.69,2.26
2715,2021-08-31,601369SH,12.21,11.65,12.23,11.48,277407,324091696.0,6.26,-2.75,-0.33,1.68
2716,2021-09-01,601369SH,11.48,11.37,11.63,11.08,196969,223564242.0,4.72,-2.4,-0.28,1.19
2717,2021-09-02,601369SH,11.5,11.88,12.1,11.43,260163,307783584.0,5.89,4.49,0.51,1.58
2718,2021-09-03,601369SH,11.8,11.33,11.98,11.26,222102,256953023.0,6.06,-4.63,-0.55,1.35
2719,2021-09-06,601369SH,11.26,11.67,11.68,11.03,201012,229853923.0,5.74,3.0,0.34,1.22
2720,2021-09-07,601369SH,11.75,12.78,12.84,11.71,604991,761516496.0,9.68,9.51,1.11,3.66
2721,2021-09-08,601369SH,12.58,12.2,12.67,12.01,479289,588632432.0,5.16,-4.54,-0.58,2.9
2722,2021-09-09,601369SH,12.23,12.48,12.52,12.1,265629,328357808.0,3.44,2.3,0.28,1.61
2723,2021-09-10,601369SH,12.57,12.88,13.35,12.43,330662,426363360.0,7.37,3.21,0.4,2.0
2724,2021-09-13,601369SH,12.88,12.44,12.91,12.2,255035,315720096.0,5.51,-3.42,-0.44,1.54
2725,2021-09-14,601369SH,12.44,12.89,13.27,12.25,302141,389840592.0,8.2,3.62,0.45,1.83
2726,2021-09-15,601369SH,12.74,13.63,13.81,12.6,345194,459428752.0,9.39,5.74,0.74,2.09
2727,2021-09-16,601369SH,13.6,12.62,13.62,12.45,405560,527360288.0,8.58,-7.41,-1.01,2.46
2728,2021-09-17,601369SH,12.44,13.0,13.12,12.17,258394,326969072.0,7.53,3.01,0.38,1.57
2729,2021-09-22,601369SH,12.68,13.79,13.94,12.68,276864,374842624.0,9.69,6.08,0.79,1.68
2730,2021-09-23,601369SH,13.8,13.69,13.9,13.37,204579,278074848.0,3.84,-0.73,-0.1,1.24
2731,2021-09-24,601369SH,13.5,13.23,13.83,13.2,160119,215682027.0,4.6,-3.36,-0.46,0.97
2732,2021-09-27,601369SH,13.63,12.59,13.8,11.91,421057,524686736.0,14.29,-4.84,-0.64,2.55
2733,2021-09-28,601369SH,12.44,12.26,12.65,11.98,195909,240015392.0,5.32,-2.62,-0.33,1.19
2734,2021-09-29,601369SH,12.17,11.63,12.32,11.6,163333,193997622.0,5.87,-5.14,-0.63,0.99
2735,2021-09-30,601369SH,11.7,11.57,11.96,11.4,126290,146959890.0,4.82,-0.52,-0.06,0.77
2736,2021-10-08,601369SH,11.6,11.8,11.95,11.29,133909,155182551.0,5.7,1.99,0.23,0.81
2737,2021-10-11,601369SH,11.8,11.51,11.87,11.47,90715,105024959.0,3.39,-2.46,-0.29,0.55
2738,2021-10-12,601369SH,11.5,10.87,11.57,10.69,180865,200380565.0,7.65,-5.56,-0.64,1.1
2739,2021-10-13,601369SH,10.91,11.21,11.31,10.78,121326,134364862.0,4.88,3.13,0.34,0.73
2740,2021-10-14,601369SH,11.35,11.2,11.35,10.77,90142,99823955.0,5.17,-0.09,-0.01,0.55
2741,2021-10-15,601369SH,11.25,11.09,11.25,10.97,54546,60574068.0,2.5,-0.98,-0.11,0.33
2742,2021-10-18,601369SH,11.0,11.47,11.54,11.0,88536,100437099.0,4.87,3.43,0.38,0.54
2743,2021-10-19,601369SH,11.46,11.39,11.69,11.3,63641,72654976.0,3.4,-0.7,-0.08,0.39
2744,2021-10-20,601369SH,11.32,11.56,11.65,11.2,140948,162677088.0,3.95,1.49,0.17,0.85
2745,2021-10-21,601369SH,11.51,11.39,11.58,11.25,78037,88910024.0,2.85,-1.47,-0.17,0.47
2746,2021-10-22,601369SH,11.43,11.26,11.53,11.2,60442,68483351.0,2.9,-1.14,-0.13,0.37
2747,2021-10-25,601369SH,11.17,11.6,11.85,11.17,112595,130523898.0,6.04,3.02,0.34,0.68
2748,2021-10-26,601369SH,11.64,12.29,12.47,11.64,206405,250768663.0,7.16,5.95,0.69,1.25
2749,2021-10-27,601369SH,12.3,12.33,12.54,12.03,139995,171451080.0,4.15,0.33,0.04,0.85
2750,2021-10-28,601369SH,12.28,12.08,12.4,11.92,118584,143682386.0,3.89,-2.03,-0.25,0.72
2751,2021-10-29,601369SH,12.09,12.26,12.44,11.86,97452,118984934.0,4.8,1.49,0.18,0.59
2752,2021-11-01,601369SH,12.25,12.6,12.74,12.1,128221,159740240.0,5.22,2.77,0.34,0.78
2753,2021-11-02,601369SH,12.63,12.35,12.72,12.09,149281,184321722.0,5.0,-1.98,-0.25,0.9
2754,2021-11-03,601369SH,12.27,12.31,12.47,12.17,62097,76377772.0,2.43,-0.32,-0.04,0.38
2755,2021-11-04,601369SH,12.37,12.71,12.79,12.22,113138,143333601.0,4.63,3.25,0.4,0.69
2756,2021-11-05,601369SH,12.7,12.44,12.77,12.29,113053,141369985.0,3.78,-2.12,-0.27,0.68
2757,2021-11-08,601369SH,12.3,11.96,12.59,11.87,171424,207706695.0,5.79,-3.86,-0.48,1.04
2758,2021-11-09,601369SH,12.07,11.91,12.36,11.63,162473,194019368.0,6.1,-0.42,-0.05,0.98
2759,2021-11-10,601369SH,12.07,11.49,12.15,11.27,192120,221265978.0,7.39,-3.53,-0.42,1.16
2760,2021-11-11,601369SH,11.49,11.54,11.61,11.35,87259,100106866.0,2.26,0.44,0.05,0.53
2761,2021-11-12,601369SH,11.54,11.65,11.67,11.35,72287,83296265.0,2.77,0.95,0.11,0.44
2762,2021-11-15,601369SH,11.65,11.55,11.68,11.37,86722,99454411.0,2.66,-0.86,-0.1,0.53
2763,2021-11-16,601369SH,11.54,12.02,12.15,11.5,149612,178428305.0,5.63,4.07,0.47,0.91
2764,2021-11-17,601369SH,12.01,12.5,12.73,11.9,151950,188057992.0,6.91,3.99,0.48,0.92
2765,2021-11-18,601369SH,12.5,13.75,13.75,12.49,343478,463448784.0,10.08,10.0,1.25,2.08
2766,2021-11-19,601369SH,13.81,14.14,14.37,13.55,420624,592790064.0,5.96,2.84,0.39,2.55
2767,2021-11-22,601369SH,14.16,14.28,14.52,13.94,293245,417885424.0,4.1,0.99,0.14,1.78
2768,2021-11-23,601369SH,14.28,14.76,14.93,14.2,261621,384894832.0,5.11,3.36,0.48,1.58
2769,2021-11-24,601369SH,14.76,14.24,14.81,14.16,220256,317118016.0,4.4,-3.52,-0.52,1.33
2770,2021-11-25,601369SH,14.23,14.02,14.23,13.72,175297,244594723.0,3.58,-1.54,-0.22,1.06
2771,2021-11-26,601369SH,14.04,13.97,14.05,13.76,102096,141876619.0,2.07,-0.36,-0.05,0.62
2772,2021-11-29,601369SH,13.78,13.77,13.9,13.52,133029,182293418.0,2.72,-1.43,-0.2,0.81
2773,2021-11-30,601369SH,13.78,13.62,13.91,13.42,107569,147068153.0,3.56,-1.09,-0.15,0.65
2774,2021-12-01,601369SH,13.52,13.62,13.7,13.37,94940,128195592.0,2.42,0.0,0.0,0.57
2775,2021-12-02,601369SH,13.54,13.38,13.61,13.26,109243,146392469.0,2.57,-1.76,-0.24,0.66
2776,2021-12-03,601369SH,13.45,13.53,13.59,13.2,98359,132481228.0,2.91,1.12,0.15,0.6
2777,2021-12-06,601369SH,13.52,13.17,14.11,13.12,285541,389754128.0,7.32,-2.66,-0.36,1.73
2778,2021-12-07,601369SH,13.17,12.94,13.34,12.69,142480,184014556.0,4.94,-1.75,-0.23,0.86
2779,2021-12-08,601369SH,13.03,13.28,13.36,12.94,113305,149435058.0,3.25,2.63,0.34,0.69
2780,2021-12-09,601369SH,13.28,13.0,13.34,12.91,89269,116574345.0,3.24,-2.11,-0.28,0.54
2781,2021-12-10,601369SH,12.86,13.2,13.3,12.84,75103,98479664.0,3.54,1.54,0.2,0.45
2782,2021-12-13,601369SH,13.3,12.91,13.31,12.85,111589,144820738.0,3.48,-2.2,-0.29,0.68
2783,2021-12-14,601369SH,12.89,12.83,13.1,12.76,103495,133126385.0,2.63,-0.62,-0.08,0.63
2784,2021-12-15,601369SH,12.99,13.59,13.65,12.84,252494,338350688.0,6.31,5.92,0.76,1.53
2785,2021-12-16,601369SH,13.66,13.29,13.68,13.15,145109,193400246.0,3.9,-2.21,-0.3,0.88
2786,2021-12-17,601369SH,13.31,12.96,13.41,12.91,91825,120676244.0,3.76,-2.48,-0.33,0.56
2787,2021-12-20,601369SH,12.93,12.46,12.99,12.37,118486,149072798.0,4.78,-3.86,-0.5,0.72
2788,2021-12-21,601369SH,12.45,12.48,12.67,12.38,79385,99256720.0,2.33,0.16,0.02,0.48
2789,2021-12-22,601369SH,12.6,13.1,13.43,12.55,158321,208269340.0,7.05,4.97,0.62,0.96
2790,2021-12-23,601369SH,13.09,13.3,13.33,12.84,90461,118656465.0,3.74,1.53,0.2,0.55
2791,2021-12-24,601369SH,13.2,13.46,13.78,13.12,165191,222685757.0,4.96,1.2,0.16,1.0
2792,2021-12-27,601369SH,13.53,12.97,13.53,12.92,106506,139881152.0,4.53,-3.64,-0.49,0.64
2793,2021-12-28,601369SH,13.01,13.0,13.21,12.83,79729,104084698.0,2.93,0.23,0.03,0.48
2794,2021-12-29,601369SH,13.09,13.01,13.21,12.8,87659,114281204.0,3.15,0.08,0.01,0.53
2795,2021-12-30,601369SH,13.04,12.83,13.08,12.68,103161,132957636.0,3.07,-1.38,-0.18,0.62
2796,2021-12-31,601369SH,12.9,13.02,13.08,12.81,74494,96441835.0,2.1,1.48,0.19,0.45
2797,2022-01-04,601369SH,12.99,12.97,13.14,12.64,97084,124529596.0,3.84,-0.38,-0.05,0.59
2798,2022-01-05,601369SH,12.95,12.55,13.01,12.55,74051,94041187.0,3.55,-3.24,-0.42,0.45
2799,2022-01-06,601369SH,12.47,12.55,12.74,12.17,78566,97772289.0,4.54,0.0,0.0,0.48
2800,2022-01-07,601369SH,12.56,12.48,12.9,12.44,101571,128631299.0,3.67,-0.56,-0.07,0.62
2801,2022-01-10,601369SH,12.6,11.8,12.6,11.74,171810,205406183.0,6.89,-5.45,-0.68,1.04
2802,2022-01-11,601369SH,11.89,11.7,12.05,11.68,99734,117753895.0,3.14,-0.85,-0.1,0.6
2803,2022-01-12,601369SH,11.7,11.84,11.93,11.65,48827,57612231.0,2.39,1.2,0.14,0.3
2804,2022-01-13,601369SH,11.89,11.59,11.89,11.54,58217,67954529.0,2.96,-2.11,-0.25,0.35
2805,2022-01-14,601369SH,11.46,11.55,11.62,11.37,55144,63327572.0,2.16,-0.35,-0.04,0.33
2806,2022-01-17,601369SH,11.47,11.75,11.8,11.43,51210,59584327.0,3.2,1.73,0.2,0.31
2807,2022-01-18,601369SH,11.75,11.76,12.03,11.63,59633,70337519.0,3.4,0.09,0.01,0.36
2808,2022-01-19,601369SH,11.7,11.54,11.92,11.5,51960,60669953.0,3.57,-1.87,-0.22,0.31
2809,2022-01-20,601369SH,11.57,10.93,11.6,10.87,162206,179564480.0,6.33,-5.29,-0.61,0.98
2810,2022-01-21,601369SH,11.01,10.89,11.12,10.82,77614,84991624.0,2.74,-0.37,-0.04,0.47
2811,2022-01-24,601369SH,10.88,10.85,10.97,10.71,48201,52306705.0,2.39,-0.37,-0.04,0.29
2812,2022-01-25,601369SH,10.84,10.49,11.18,10.45,93026,99469895.0,6.73,-3.32,-0.36,0.56
2813,2022-01-26,601369SH,10.44,10.48,10.65,10.37,79546,83519608.0,2.67,-0.1,-0.01,0.48
2814,2022-01-27,601369SH,10.5,10.16,10.68,10.14,97826,101082054.0,5.15,-3.05,-0.32,0.59
2815,2022-01-28,601369SH,10.12,10.32,10.5,9.96,98918,101590673.0,5.31,1.57,0.16,0.6
2816,2022-02-07,601369SH,10.53,10.49,10.59,10.31,66458,69552730.0,2.71,1.65,0.17,0.4
2817,2022-02-08,601369SH,10.54,10.65,10.66,10.35,89033,93536899.0,2.96,1.53,0.16,0.54
2818,2022-02-09,601369SH,10.65,10.82,10.83,10.32,87512,92530893.0,4.79,1.6,0.17,0.53
2819,2022-02-10,601369SH,10.78,10.57,10.78,10.5,57304,60676678.0,2.59,-2.31,-0.25,0.35
2820,2022-02-11,601369SH,10.54,10.31,10.54,10.21,60196,62557984.0,3.12,-2.46,-0.26,0.36
2821,2022-02-14,601369SH,10.24,10.1,10.33,10.02,63132,64116963.0,3.01,-2.04,-0.21,0.38
2822,2022-02-15,601369SH,10.14,10.29,10.35,10.09,51966,53209579.0,2.57,1.88,0.19,0.31
2823,2022-02-16,601369SH,10.35,10.42,10.57,10.29,43166,45099820.0,2.72,1.26,0.13,0.26
2824,2022-02-17,601369SH,10.53,10.55,10.61,10.4,59539,62773978.0,2.02,1.25,0.13,0.36
2825,2022-02-18,601369SH,10.52,10.54,10.55,10.37,43883,45932203.0,1.71,-0.09,-0.01,0.27
2826,2022-02-21,601369SH,10.55,10.67,10.69,10.48,47210,50032602.0,1.99,1.23,0.13,0.29
2827,2022-02-22,601369SH,10.65,10.49,10.69,10.45,46322,48837048.0,2.25,-1.69,-0.18,0.28
2828,2022-02-23,601369SH,10.57,10.88,10.93,10.49,74934,80364258.0,4.19,3.72,0.39,0.45
2829,2022-02-24,601369SH,10.86,10.42,10.9,10.21,84952,89758794.0,6.34,-4.23,-0.46,0.51
2830,2022-02-25,601369SH,10.51,10.65,10.7,10.5,61061,64857869.0,1.92,2.21,0.23,0.37
2831,2022-02-28,601369SH,10.68,10.64,10.8,10.5,52507,55700393.0,2.82,-0.09,-0.01,0.32
2832,2022-03-01,601369SH,10.69,10.55,11.11,10.52,118204,127747593.0,5.55,-0.85,-0.09,0.72
2833,2022-03-02,601369SH,10.56,10.39,10.65,10.38,89092,93151628.0,2.56,-1.52,-0.16,0.54
2834,2022-03-03,601369SH,10.46,10.44,10.71,10.35,91789,96506654.0,3.46,0.48,0.05,0.56
2835,2022-03-04,601369SH,10.32,10.13,10.37,10.09,71955,73337607.0,2.68,-2.97,-0.31,0.44
2836,2022-03-07,601369SH,10.0,9.85,10.11,9.5,97432,96101947.0,6.02,-2.76,-0.28,0.59
2837,2022-03-08,601369SH,9.93,9.75,10.12,9.54,105956,104686395.0,5.89,-1.02,-0.1,0.64
2838,2022-03-09,601369SH,9.86,9.99,10.04,9.43,111522,109260275.0,6.26,2.46,0.24,0.68
2839,2022-03-10,601369SH,10.11,9.92,10.53,9.82,101515,101352464.0,7.11,-0.7,-0.07,0.61
2840,2022-03-11,601369SH,9.72,9.51,9.83,9.4,94276,90060676.0,4.33,-4.13,-0.41,0.57
2841,2022-03-14,601369SH,9.49,9.31,9.57,9.26,67798,63922434.0,3.26,-2.1,-0.2,0.41
2842,2022-03-15,601369SH,9.29,8.61,9.29,8.57,101739,90691924.0,7.73,-7.52,-0.7,0.62
2843,2022-03-16,601369SH,8.73,8.95,8.97,8.43,81387,71172577.0,6.27,3.95,0.34,0.49
2844,2022-03-17,601369SH,9.01,9.04,9.28,9.01,73544,67331120.0,3.02,1.01,0.09,0.45
2845,2022-03-18,601369SH,9.02,9.09,9.12,8.9,46386,41860319.0,2.43,0.55,0.05,0.28
2846,2022-03-21,601369SH,9.11,9.07,9.16,8.91,49536,44849574.0,2.75,-0.22,-0.02,0.3
2847,2022-03-22,601369SH,9.09,8.99,9.14,8.94,38095,34289102.0,2.21,-0.88,-0.08,0.23
2848,2022-03-23,601369SH,9.09,9.35,9.55,9.03,100961,94492579.0,5.78,4.0,0.36,0.61
2849,2022-03-24,601369SH,9.23,9.24,9.35,9.17,66306,61388651.0,1.93,-1.18,-0.11,0.4
2850,2022-03-25,601369SH,9.26,8.95,9.27,8.91,57518,52035684.0,3.9,-3.14,-0.29,0.35
2851,2022-03-28,601369SH,8.87,8.9,9.0,8.74,47478,42052472.0,2.91,-0.56,-0.05,0.29
2852,2022-03-29,601369SH,8.93,8.8,8.96,8.76,46868,41411239.0,2.25,-1.12,-0.1,0.28
2853,2022-03-30,601369SH,8.81,8.88,8.91,8.8,39209,34744284.0,1.25,0.91,0.08,0.24
2854,2022-03-31,601369SH,8.9,8.73,8.9,8.73,48574,42662005.0,1.91,-1.69,-0.15,0.29
2855,2022-04-01,601369SH,8.58,8.77,8.9,8.58,60743,53257316.0,3.67,0.46,0.04,0.37
2856,2022-04-06,601369SH,8.74,8.81,8.87,8.64,73422,64317348.0,2.62,0.46,0.04,0.44
2857,2022-04-07,601369SH,8.78,8.6,8.83,8.58,62736,54281555.0,2.84,-2.38,-0.21,0.38
2858,2022-04-08,601369SH,8.6,8.58,8.64,8.51,35453,30409713.0,1.51,-0.23,-0.02,0.21
2859,2022-04-11,601369SH,8.58,8.28,8.58,8.23,64041,53761047.0,4.08,-3.5,-0.3,0.39
2860,2022-04-12,601369SH,8.24,8.28,8.33,8.01,60423,49558579.0,3.86,0.0,0.0,0.37
2861,2022-04-13,601369SH,8.21,8.0,8.21,8.0,50532,40855928.0,2.54,-3.38,-0.28,0.31
2862,2022-04-14,601369SH,8.1,7.96,8.1,7.94,53844,43158829.0,2.0,-0.5,-0.04,0.33
2863,2022-04-15,601369SH,7.97,7.96,8.06,7.86,39723,31632429.0,2.51,0.0,0.0,0.24
2864,2022-04-18,601369SH,7.97,7.99,8.05,7.75,56551,44749451.0,3.77,0.38,0.03,0.34
2865,2022-04-19,601369SH,8.0,7.98,8.24,7.94,58516,47148942.0,3.75,-0.13,-0.01,0.35
2866,2022-04-20,601369SH,7.98,7.88,8.1,7.84,68839,54752903.0,3.26,-1.25,-0.1,0.42
2867,2022-04-21,601369SH,7.85,7.5,7.95,7.46,127403,97998304.0,6.22,-4.82,-0.38,0.77
2868,2022-04-22,601369SH,7.5,7.38,7.55,7.31,131155,97134818.0,3.2,-1.6,-0.12,0.79
2869,2022-04-25,601369SH,7.37,6.72,7.4,6.69,160615,112478008.0,9.62,-8.94,-0.66,0.97
2870,2022-04-26,601369SH,6.78,6.56,6.91,6.51,129198,87270873.0,5.95,-2.38,-0.16,0.78
2871,2022-04-27,601369SH,6.47,6.99,6.99,6.46,108674,73146303.0,8.08,6.55,0.43,0.66
2872,2022-04-28,601369SH,7.1,7.16,7.49,7.08,156152,113796529.0,5.87,2.43,0.17,0.95
2873,2022-04-29,601369SH,7.22,7.62,7.65,7.19,121506,90434385.0,6.42,6.42,0.46,0.74
2874,2022-05-05,601369SH,7.65,7.79,7.91,7.57,107548,83644256.0,4.46,2.23,0.17,0.65
2875,2022-05-06,601369SH,7.6,7.76,7.9,7.5,99816,77138411.0,5.13,-0.39,-0.03,0.6
2876,2022-05-09,601369SH,7.68,7.8,7.84,7.65,47713,37010201.0,2.45,0.52,0.04,0.29
2877,2022-05-10,601369SH,7.66,8.08,8.1,7.65,95864,76433469.0,5.77,3.59,0.28,0.58
2878,2022-05-11,601369SH,8.05,7.93,8.19,7.93,105807,85345162.0,3.22,-1.86,-0.15,0.64
2879,2022-05-12,601369SH,7.86,8.2,8.21,7.85,96220,77530583.0,4.54,3.4,0.27,0.58
2880,2022-05-13,601369SH,8.22,8.1,8.23,8.05,105360,85650599.0,2.2,-1.22,-0.1,0.64
2881,2022-05-16,601369SH,8.1,8.14,8.43,8.08,101210,83184446.0,4.32,0.49,0.04,0.61
2882,2022-05-17,601369SH,8.11,8.17,8.29,8.11,92727,75804763.0,2.21,0.37,0.03,0.56
2883,2022-05-18,601369SH,8.19,8.12,8.25,8.11,54609,44657507.0,1.71,-0.61,-0.05,0.33
2884,2022-05-19,601369SH,8.01,8.14,8.16,7.97,59612,48189829.0,2.34,0.25,0.02,0.36
2885,2022-05-20,601369SH,8.18,8.34,8.38,8.15,89156,73849987.0,2.83,2.46,0.2,0.54
2886,2022-05-23,601369SH,8.36,8.44,8.44,8.25,60402,50381559.0,2.28,1.2,0.1,0.37
2887,2022-05-24,601369SH,8.55,8.11,8.55,8.09,85955,71373420.0,5.45,-3.91,-0.33,0.52
2888,2022-05-25,601369SH,8.1,8.3,8.35,8.07,55769,45711283.0,3.45,2.34,0.19,0.34
2889,2022-05-26,601369SH,8.3,8.63,8.66,8.26,112075,95363944.0,4.82,3.98,0.33,0.68
2890,2022-05-27,601369SH,8.66,8.48,8.68,8.43,84603,72264632.0,2.9,-1.74,-0.15,0.51
2891,2022-05-30,601369SH,8.49,8.55,8.6,8.4,94000,79977448.0,2.36,0.83,0.07,0.57
2892,2022-05-31,601369SH,8.59,8.7,8.76,8.49,89708,77608398.0,3.16,1.75,0.15,0.54
2893,2022-06-01,601369SH,8.72,8.72,8.75,8.56,75243,65234938.0,2.18,0.23,0.02,0.46
2894,2022-06-02,601369SH,8.73,8.78,8.84,8.65,77806,68245016.0,2.18,0.69,0.06,0.47
2895,2022-06-06,601369SH,8.82,9.01,9.17,8.82,126333,113338754.0,3.99,2.62,0.23,0.77
2896,2022-06-07,601369SH,8.99,8.96,9.06,8.78,87308,77744923.0,3.11,-0.55,-0.05,0.53
2897,2022-06-08,601369SH,8.86,8.9,8.98,8.76,78896,70046379.0,2.46,-0.67,-0.06,0.48
2898,2022-06-09,601369SH,8.91,8.9,9.1,8.82,85037,76391381.0,3.15,0.0,0.0,0.51
2899,2022-06-10,601369SH,8.8,9.07,9.11,8.78,72377,65336191.0,3.71,1.91,0.17,0.44
2900,2022-06-13,601369SH,9.04,9.16,9.19,9.0,70674,64263304.0,2.09,0.99,0.09,0.43
2901,2022-06-14,601369SH,9.19,9.17,9.19,8.99,68055,61745091.0,2.18,0.11,0.01,0.41
2902,2022-06-15,601369SH,9.14,9.16,9.28,9.01,101483,92761919.0,2.94,-0.11,-0.01,0.61
2903,2022-06-16,601369SH,8.85,8.91,9.07,8.82,86308,77340697.0,2.73,-2.73,-0.25,0.52
2904,2022-06-17,601369SH,8.91,9.09,9.1,8.85,65918,59411493.0,2.81,2.02,0.18,0.4
2905,2022-06-20,601369SH,9.1,9.37,9.44,9.03,107302,99309793.0,4.51,3.08,0.28,0.65
2906,2022-06-21,601369SH,9.27,9.25,9.55,9.12,88355,82042781.0,4.59,-1.28,-0.12,0.54
2907,2022-06-22,601369SH,9.2,9.03,9.28,9.02,60003,54799676.0,2.81,-2.38,-0.22,0.36
2908,2022-06-23,601369SH,9.03,9.25,9.26,8.93,69802,63777255.0,3.65,2.44,0.22,0.42
2909,2022-06-24,601369SH,9.29,9.4,9.45,9.21,72336,67682979.0,2.59,1.62,0.15,0.44
2910,2022-06-27,601369SH,9.36,9.45,9.55,9.33,84577,79854200.0,2.34,0.53,0.05,0.51
2911,2022-06-28,601369SH,9.45,9.89,10.05,9.36,171637,167675440.0,7.3,4.66,0.44,1.04
2912,2022-06-29,601369SH,9.9,9.69,9.91,9.68,103242,100695987.0,2.33,-2.02,-0.2,0.63
2913,2022-06-30,601369SH,9.72,9.6,9.88,9.55,87484,84714295.0,3.41,-0.93,-0.09,0.53
2914,2022-07-01,601369SH,9.55,9.57,9.73,9.47,54843,52571699.0,2.71,-0.31,-0.03,0.33
2915,2022-07-04,601369SH,9.57,9.61,9.62,9.38,73806,70072569.0,2.51,0.42,0.04,0.45
2916,2022-07-05,601369SH,9.54,9.41,9.73,9.26,71687,67789750.0,4.89,-2.08,-0.2,0.43
2917,2022-07-06,601369SH,9.36,9.3,9.48,9.14,64133,59709001.0,3.61,-1.17,-0.11,0.39
2918,2022-07-07,601369SH,9.28,9.37,9.43,9.23,64933,60701656.0,2.15,0.75,0.07,0.39
2919,2022-07-08,601369SH,9.41,9.23,9.5,9.2,74615,69487892.0,3.2,-1.49,-0.14,0.45
2920,2022-07-11,601369SH,9.23,9.03,9.32,8.96,84988,77155055.0,3.9,-2.17,-0.2,0.51
2921,2022-07-12,601369SH,9.05,9.16,9.63,9.05,134328,125896126.0,6.42,1.44,0.13,0.81
2922,2022-07-13,601369SH,9.13,9.32,9.41,9.12,73485,68301626.0,3.17,1.75,0.16,0.45
2923,2022-07-14,601369SH,9.28,9.69,9.87,9.28,175863,170177226.0,6.33,3.97,0.37,1.07
2924,2022-07-15,601369SH,9.62,10.66,10.66,9.62,436431,451626024.0,10.73,10.01,0.97,2.64
2925,2022-07-18,601369SH,11.13,11.57,11.71,10.85,841169,959693842.0,8.07,8.54,0.91,5.09
2926,2022-07-19,601369SH,11.45,11.77,12.55,11.36,653604,770735756.0,10.29,1.73,0.2,3.96
2927,2022-07-20,601369SH,11.64,12.29,12.59,11.33,548551,664915857.0,10.71,4.42,0.52,3.32
2928,2022-07-21,601369SH,12.29,12.02,12.46,11.73,317180,382275434.0,5.94,-2.2,-0.27,1.92
2929,2022-07-22,601369SH,11.98,11.68,12.19,11.0,310459,363291487.0,9.9,-2.83,-0.34,1.88
2930,2022-07-25,601369SH,11.88,12.85,12.85,11.78,564147,708127768.0,9.16,10.02,1.17,3.42
2931,2022-07-26,601369SH,12.79,12.35,12.79,11.8,424075,517301066.0,7.7,-3.89,-0.5,2.57
2932,2022-07-27,601369SH,12.38,13.09,13.35,12.38,463003,601461183.0,7.85,5.99,0.74,2.8
2933,2022-07-28,601369SH,13.29,12.73,13.47,12.66,383350,496866627.0,6.19,-2.75,-0.36,2.32
2934,2022-07-29,601369SH,12.78,13.21,13.33,12.71,331628,434660302.0,4.87,3.77,0.48,2.01
2935,2022-08-01,601369SH,13.14,13.38,13.62,12.8,417313,550557704.0,6.21,1.29,0.17,2.53
2936,2022-08-02,601369SH,13.16,13.07,13.46,12.76,300776,392672668.0,5.23,-2.32,-0.31,1.82
2937,2022-08-03,601369SH,12.89,12.1,13.2,12.1,471487,592213740.0,8.42,-7.42,-0.97,2.86
2938,2022-08-04,601369SH,12.22,11.88,12.32,11.7,347634,415132278.0,5.12,-1.82,-0.22,2.11
2939,2022-08-05,601369SH,11.88,11.25,12.0,10.97,374612,424368106.0,8.67,-5.3,-0.63,2.27
2940,2022-08-08,601369SH,11.28,11.52,11.78,11.01,241009,277494236.0,6.84,2.4,0.27,1.46
2941,2022-08-09,601369SH,11.57,11.79,12.16,11.41,242738,288768005.0,6.51,2.34,0.27,1.47
2942,2022-08-10,601369SH,11.81,12.4,12.78,11.73,417546,515845948.0,8.91,5.17,0.61,2.51
2943,2022-08-11,601369SH,12.5,12.41,12.85,12.35,296211,371728430.0,4.03,0.08,0.01,1.78
2944,2022-08-12,601369SH,12.43,12.66,13.15,12.37,359436,464071995.0,6.29,2.01,0.25,2.16
2945,2022-08-15,601369SH,12.66,12.92,13.18,12.4,282288,362636417.0,6.16,2.05,0.26,1.7
2946,2022-08-16,601369SH,12.98,14.06,14.21,12.98,734943,1034422477.0,9.52,8.82,1.14,4.42
2947,2022-08-17,601369SH,14.1,13.55,14.2,13.12,587004,791707647.0,7.68,-3.63,-0.51,3.53
2948,2022-08-18,601369SH,13.48,13.04,13.72,12.85,344946,457467371.0,6.42,-3.76,-0.51,2.07
2949,2022-08-19,601369SH,13.1,12.84,13.27,12.72,254230,329681814.0,4.22,-1.53,-0.2,1.53
2950,2022-08-22,601369SH,12.75,12.83,13.09,12.66,138859,177901568.0,3.35,-0.08,-0.01,0.84
2951,2022-08-23,601369SH,12.8,13.73,13.82,12.68,329822,440849312.0,8.89,7.01,0.9,1.98
2952,2022-08-24,601369SH,13.4,12.36,13.5,12.36,453197,573500588.0,8.3,-9.98,-1.37,2.73
2953,2022-08-25,601369SH,12.35,11.9,12.36,11.73,320546,383362621.0,5.1,-3.72,-0.46,1.93
2954,2022-08-26,601369SH,11.9,11.48,11.99,11.44,237917,277298005.0,4.62,-3.53,-0.42,1.43
2955,2022-08-29,601369SH,11.36,12.16,12.44,11.25,326793,395503858.0,10.37,5.92,0.68,1.97
2956,2022-08-30,601369SH,12.18,11.26,12.38,11.14,302001,347900310.0,10.2,-7.4,-0.9,1.82
2957,2022-08-31,601369SH,11.33,10.56,11.53,10.36,338964,362938415.0,10.39,-6.22,-0.7,2.04
2958,2022-09-01,601369SH,10.5,10.28,10.6,10.19,203253,209941713.0,3.88,-2.65,-0.28,1.22
2959,2022-09-02,601369SH,10.3,10.61,10.8,10.1,220955,233180421.0,6.81,3.21,0.33,1.33
2960,2022-09-05,601369SH,10.61,10.8,11.12,10.51,220078,239384743.0,5.75,1.79,0.19,1.32
2961,2022-09-06,601369SH,10.98,11.07,11.17,10.55,233413,254325046.0,5.74,2.5,0.27,1.4
2962,2022-09-07,601369SH,10.96,11.35,11.72,10.91,216625,248362348.0,7.32,2.53,0.28,1.3
2963,2022-09-08,601369SH,11.34,11.47,11.69,11.24,192522,221983221.0,3.96,1.06,0.12,1.16
2964,2022-09-09,601369SH,11.56,11.31,11.6,11.18,114897,129674053.0,3.66,-1.39,-0.16,0.69
2965,2022-09-13,601369SH,11.29,11.22,11.36,10.98,130643,145465676.0,3.36,-0.8,-0.09,0.79
2966,2022-09-14,601369SH,11.08,11.18,11.4,10.94,165979,185118986.0,4.1,-0.36,-0.04,1.0
2967,2022-09-15,601369SH,11.3,10.53,11.33,10.38,186365,199452692.0,8.5,-5.81,-0.65,1.12
2968,2022-09-16,601369SH,10.55,10.11,10.61,10.03,185331,189885628.0,5.51,-3.99,-0.42,1.11
2969,2022-09-19,601369SH,10.11,9.82,10.22,9.78,174996,173307117.0,4.35,-2.87,-0.29,1.05
2970,2022-09-20,601369SH,9.9,10.22,10.39,9.85,185945,189245000.0,5.5,4.07,0.4,1.12
2971,2022-09-21,601369SH,10.22,10.26,10.63,10.03,210494,216943547.0,5.87,0.39,0.04,1.27
2972,2022-09-22,601369SH,10.15,10.17,10.37,10.0,112167,114344820.0,3.61,-0.88,-0.09,0.67
2973,2022-09-23,601369SH,10.22,9.94,10.4,9.81,134037,134325529.0,5.8,-2.26,-0.23,0.81
2974,2022-09-26,601369SH,9.97,10.1,10.36,9.79,168176,170366102.0,5.73,1.61,0.16,1.01
2975,2022-09-27,601369SH,10.15,10.18,10.35,10.0,181868,184585001.0,3.47,0.79,0.08,1.09
2976,2022-09-28,601369SH,10.39,9.65,10.48,9.62,276072,271955260.0,8.45,-5.21,-0.53,1.66
2977,2022-09-29,601369SH,9.78,9.9,10.05,9.57,158930,155833145.0,4.97,2.59,0.25,0.96
2978,2022-09-30,601369SH,9.73,9.37,9.88,9.37,153990,146649732.0,5.15,-5.35,-0.53,0.93
2979,2022-10-10,601369SH,9.3,9.2,9.57,9.17,119757,111748795.0,4.27,-1.81,-0.17,0.72
2980,2022-10-11,601369SH,9.22,9.43,9.59,9.2,108023,101928414.0,4.24,2.5,0.23,0.65
2981,2022-10-12,601369SH,9.49,9.9,9.9,9.1,179191,170794432.0,8.48,4.98,0.47,1.08
2982,2022-10-13,601369SH,9.8,10.09,10.46,9.72,192858,196527123.0,7.47,1.92,0.19,1.16
2983,2022-10-14,601369SH,10.1,10.58,10.63,10.08,216753,225856010.0,5.45,4.86,0.49,1.3
2984,2022-10-17,601369SH,10.55,10.55,10.61,10.21,189852,197773769.0,3.78,-0.28,-0.03,1.14
2985,2022-10-18,601369SH,10.63,11.22,11.61,10.61,403296,449658340.0,9.48,6.35,0.67,2.43
2986,2022-10-19,601369SH,11.44,12.34,12.34,11.22,987432,1206951525.0,9.98,9.98,1.12,5.94
2987,2022-10-20,601369SH,12.26,12.59,13.34,12.08,1319805,1683395171.0,10.21,2.03,0.25,7.94
2988,2022-10-21,601369SH,12.7,13.38,13.75,12.59,869927,1151929272.0,9.21,6.27,0.79,5.23
2989,2022-10-24,601369SH,13.37,12.96,13.66,12.64,764416,1002600136.0,7.62,-3.14,-0.42,4.6
2990,2022-10-25,601369SH,12.8,13.26,13.27,12.52,578280,748239406.0,5.79,2.31,0.3,3.48
2991,2022-10-26,601369SH,12.9,13.7,14.1,12.8,763022,1033704815.0,9.8,3.32,0.44,4.59
2992,2022-10-27,601369SH,13.61,13.13,13.79,13.13,580626,783289270.0,4.82,-4.16,-0.57,3.49
2993,2022-10-28,601369SH,13.15,12.96,14.05,12.83,636295,847134310.0,9.29,-1.29,-0.17,3.83
2994,2022-10-31,601369SH,12.94,13.02,13.35,12.5,415274,537284983.0,6.56,0.46,0.06,2.5
2995,2022-11-01,601369SH,13.04,13.0,13.35,12.62,488917,631603196.0,5.61,-0.15,-0.02,2.94
2996,2022-11-02,601369SH,13.0,12.95,13.35,12.64,515816,668701672.0,5.46,-0.38,-0.05,3.1
2997,2022-11-03,601369SH,12.7,13.19,13.5,12.7,409496,538465048.0,6.18,1.85,0.24,2.46
2998,2022-11-04,601369SH,13.25,13.98,14.3,13.19,558274,773298300.0,8.42,5.99,0.79,3.36
2999,2022-11-07,601369SH,13.55,13.07,13.67,12.58,823094,1058779511.0,7.8,-6.51,-0.91,4.95
3000,2022-11-08,601369SH,13.09,12.77,13.5,11.95,631549,790659069.0,11.86,-2.3,-0.3,3.8
3001,2022-11-09,601369SH,12.54,13.02,13.2,12.44,347862,451341219.0,5.95,1.96,0.25,2.09
3002,2022-11-10,601369SH,12.9,12.6,13.01,12.48,203963,259087080.0,4.07,-3.23,-0.42,1.23
3003,2022-11-11,601369SH,13.05,12.15,13.13,12.01,461672,568570650.0,8.89,-3.57,-0.45,2.78
3004,2022-11-14,601369SH,12.16,11.77,12.5,11.61,347802,416238150.0,7.33,-3.13,-0.38,2.09
3005,2022-11-15,601369SH,11.88,12.58,12.7,11.57,321989,396199655.0,9.6,6.88,0.81,1.94
3006,2022-11-16,601369SH,12.57,12.17,12.64,11.92,250792,305552197.0,5.72,-3.26,-0.41,1.51
3007,2022-11-17,601369SH,12.08,11.96,12.15,11.8,153184,183128085.0,2.88,-1.73,-0.21,0.92
3008,2022-11-18,601369SH,12.02,11.82,12.19,11.74,141126,168620107.0,3.76,-1.17,-0.14,0.85
3009,2022-11-21,601369SH,11.71,12.18,12.3,11.69,239358,287774825.0,5.16,3.05,0.36,1.44
3010,2022-11-22,601369SH,12.14,12.01,12.19,11.85,159689,191486455.0,2.79,-1.4,-0.17,0.96
3011,2022-11-23,601369SH,12.01,12.25,12.41,11.71,197988,239728182.0,5.83,2.0,0.24,1.19
3012,2022-11-24,601369SH,12.24,12.62,12.85,12.16,251143,316966426.0,5.63,3.02,0.37,1.51
3013,2022-11-25,601369SH,12.46,12.21,12.76,12.15,184437,228481187.0,4.83,-3.25,-0.41,1.11
3014,2022-11-28,601369SH,12.05,12.19,12.45,11.81,134071,163160773.0,5.24,-0.16,-0.02,0.81
3015,2022-11-29,601369SH,12.27,12.15,12.3,11.93,146631,177356960.0,3.04,-0.33,-0.04,0.88
3016,2022-11-30,601369SH,12.1,12.09,12.45,11.92,141990,172892385.0,4.36,-0.49,-0.06,0.85
3017,2022-12-01,601369SH,12.14,12.29,12.63,12.07,163743,201642507.0,4.63,1.65,0.2,0.98
3018,2022-12-02,601369SH,12.26,12.29,12.58,12.18,173811,214610785.0,3.25,0.0,0.0,1.04
3019,2022-12-05,601369SH,12.35,12.36,12.45,12.02,196469,241070831.0,3.5,0.57,0.07,1.18
3020,2022-12-06,601369SH,12.36,11.9,12.43,11.74,314854,374792131.0,5.58,-3.72,-0.46,1.89
3021,2022-12-07,601369SH,11.86,11.81,12.13,11.75,142735,169717359.0,3.19,-0.76,-0.09,0.86
3022,2022-12-08,601369SH,11.81,11.81,12.03,11.7,124534,147563563.0,2.79,0.0,0.0,0.75
3023,2022-12-09,601369SH,11.76,11.56,11.94,11.55,173321,203031766.0,3.3,-2.12,-0.25,1.04
3024,2022-12-12,601369SH,11.45,11.43,11.52,11.28,142548,162386705.0,2.08,-1.12,-0.13,0.86
3025,2022-12-13,601369SH,11.38,11.18,11.5,11.15,122547,138303544.0,3.06,-2.19,-0.25,0.74
3026,2022-12-14,601369SH,11.15,11.15,11.33,11.12,76125,85307917.0,1.88,-0.27,-0.03,0.46
3027,2022-12-15,601369SH,11.11,11.2,11.27,11.07,65997,73778222.0,1.79,0.45,0.05,0.4
3028,2022-12-16,601369SH,11.19,10.87,11.23,10.78,141804,154620111.0,4.02,-2.95,-0.33,0.85
3029,2022-12-19,601369SH,10.93,10.65,11.02,10.55,139723,150065772.0,4.32,-2.02,-0.22,0.84
3030,2022-12-20,601369SH,10.73,10.79,10.87,10.61,80733,86951688.0,2.44,1.31,0.14,0.49
3031,2022-12-21,601369SH,10.71,10.64,10.78,10.59,66405,70792273.0,1.76,-1.39,-0.15,0.4
3032,2022-12-22,601369SH,10.71,10.57,10.83,10.53,80265,85639095.0,2.82,-0.66,-0.07,0.48
3033,2022-12-23,601369SH,10.54,10.51,10.61,10.4,81606,85645162.0,1.99,-0.57,-0.06,0.49
3034,2022-12-26,601369SH,10.43,11.2,11.22,10.43,153668,168765407.0,7.52,6.57,0.69,0.92
3035,2022-12-27,601369SH,11.3,11.21,11.36,11.11,75474,84549002.0,2.23,0.09,0.01,0.45
3036,2022-12-28,601369SH,11.15,11.04,11.25,10.98,85205,94476964.0,2.41,-1.52,-0.17,0.51
3037,2022-12-29,601369SH,11.04,11.14,11.24,10.97,98007,109282818.0,2.45,0.91,0.1,0.59
3038,2022-12-30,601369SH,11.15,11.46,11.55,11.12,121528,138637474.0,3.86,2.87,0.32,0.73
3039,2023-01-03,601369SH,11.5,11.87,11.96,11.32,139267,163259728.0,5.58,3.58,0.41,0.84
3040,2023-01-04,601369SH,11.83,11.86,12.18,11.81,114314,136242193.0,3.12,-0.08,-0.01,0.69
3041,2023-01-05,601369SH,11.86,12.22,12.26,11.8,154632,186762611.0,3.88,3.04,0.36,0.93
3042,2023-01-06,601369SH,12.26,12.08,12.4,12.0,115550,140560357.0,3.27,-1.15,-0.14,0.69
3043,2023-01-09,601369SH,12.4,12.57,12.83,12.32,212644,268780760.0,4.22,4.06,0.49,1.28
3044,2023-01-10,601369SH,12.6,12.49,12.65,12.34,84415,105321454.0,2.47,-0.64,-0.08,0.51
3045,2023-01-11,601369SH,12.52,12.13,12.52,12.05,147806,180906960.0,3.76,-2.88,-0.36,0.89
3046,2023-01-12,601369SH,12.18,12.71,12.9,12.17,261375,328166657.0,6.02,4.78,0.58,1.57
3047,2023-01-13,601369SH,12.67,12.7,12.95,12.6,106875,136223892.0,2.75,-0.08,-0.01,0.64
3048,2023-01-16,601369SH,12.75,12.68,12.95,12.62,103135,131411033.0,2.6,-0.16,-0.02,0.62
3049,2023-01-17,601369SH,12.68,12.61,12.82,12.58,79171,100484289.0,1.89,-0.55,-0.07,0.48
3050,2023-01-18,601369SH,12.66,12.81,12.86,12.5,97941,125074370.0,2.85,1.59,0.2,0.59
3051,2023-01-19,601369SH,12.79,12.64,12.82,12.54,70241,88778176.0,2.19,-1.33,-0.17,0.42
3052,2023-01-20,601369SH,12.68,12.87,12.96,12.66,98342,126322748.0,2.37,1.82,0.23,0.59
3053,2023-01-30,601369SH,12.88,12.77,13.16,12.73,121014,155818976.0,3.34,-0.78,-0.1,0.73
3054,2023-01-31,601369SH,12.65,12.82,13.08,12.65,93804,121018787.0,3.37,0.39,0.05,0.56
3055,2023-02-01,601369SH,12.83,12.89,12.92,12.73,92441,118488735.0,1.48,0.55,0.07,0.56
3056,2023-02-02,601369SH,12.88,13.0,13.37,12.83,131050,171641489.0,4.19,0.85,0.11,0.79
3057,2023-02-03,601369SH,12.94,12.61,12.99,12.46,189330,239236881.0,4.08,-3.0,-0.39,1.14
3058,2023-02-06,601369SH,12.6,12.51,12.75,12.35,129202,161952126.0,3.17,-0.79,-0.1,0.78
3059,2023-02-07,601369SH,12.5,12.55,12.72,12.42,76262,95490471.0,2.4,0.32,0.04,0.46
3060,2023-02-08,601369SH,12.53,12.42,12.55,12.36,124568,155053884.0,1.51,-1.04,-0.13,0.75
3061,2023-02-09,601369SH,12.36,12.58,12.67,12.32,91255,114498836.0,2.82,1.29,0.16,0.55
3062,2023-02-10,601369SH,12.74,12.39,12.77,12.25,79177,98289485.0,4.13,-1.51,-0.19,0.48
3063,2023-02-13,601369SH,12.37,12.34,12.55,12.25,142242,176263252.0,2.42,-0.4,-0.05,0.86
3064,2023-02-14,601369SH,12.3,12.3,12.39,12.16,87301,107088624.0,1.86,-0.32,-0.04,0.52
3065,2023-02-15,601369SH,12.32,12.05,12.38,11.99,149271,180878815.0,3.17,-2.03,-0.25,0.9
3066,2023-02-16,601369SH,12.0,11.54,12.08,11.4,180032,211680033.0,5.64,-4.23,-0.51,1.08
3067,2023-02-17,601369SH,11.55,11.5,11.63,11.47,81549,94033461.0,1.39,-0.35,-0.04,0.49
3068,2023-02-20,601369SH,11.51,11.56,11.61,11.36,96343,110893119.0,2.17,0.52,0.06,0.58
3069,2023-02-21,601369SH,11.58,11.79,11.82,11.55,117592,138086794.0,2.34,1.99,0.23,0.71
3070,2023-02-22,601369SH,11.74,11.8,11.91,11.68,70068,82700410.0,1.95,0.08,0.01,0.42
3071,2023-02-23,601369SH,11.75,11.84,11.92,11.74,69992,82945802.0,1.53,0.34,0.04,0.42
3072,2023-02-24,601369SH,11.78,11.63,11.83,11.49,91838,106629780.0,2.87,-1.77,-0.21,0.55
3073,2023-02-27,601369SH,11.62,11.55,11.71,11.46,62032,71717764.0,2.15,-0.69,-0.08,0.37
3074,2023-02-28,601369SH,11.6,11.66,11.66,11.49,61528,71109978.0,1.47,0.95,0.11,0.37
3075,2023-03-01,601369SH,11.63,11.65,11.74,11.49,114873,133224061.0,2.14,-0.09,-0.01,0.69
3076,2023-03-02,601369SH,11.68,11.6,11.81,11.55,79236,92682174.0,2.23,-0.43,-0.05,0.48
3077,2023-03-03,601369SH,11.62,11.47,11.67,11.39,143947,165479169.0,2.41,-1.12,-0.13,0.87
3078,2023-03-06,601369SH,11.47,11.73,11.75,11.42,152818,177603335.0,2.88,2.27,0.26,0.92
3079,2023-03-07,601369SH,11.7,11.41,11.7,11.4,152871,175717890.0,2.56,-2.73,-0.32,0.92
3080,2023-03-08,601369SH,11.42,11.1,11.49,11.05,186524,209029463.0,3.86,-2.72,-0.31,1.12
3081,2023-03-09,601369SH,11.07,11.2,11.39,11.07,141458,158865937.0,2.88,0.9,0.1,0.85
3082,2023-03-10,601369SH,11.15,10.88,11.17,10.85,142683,156705364.0,2.86,-2.86,-0.32,0.86
3083,2023-03-13,601369SH,10.93,10.98,11.06,10.86,69959,76770256.0,1.84,0.92,0.1,0.42
3084,2023-03-14,601369SH,10.98,11.05,11.32,10.87,121191,134375976.0,4.1,0.64,0.07,0.73
3085,2023-03-15,601369SH,11.04,11.4,11.43,11.03,144851,164098542.0,3.62,3.17,0.35,0.87
3086,2023-03-16,601369SH,11.35,10.76,11.43,10.69,212279,232064177.0,6.49,-5.61,-0.64,1.28
3087,2023-03-17,601369SH,10.85,10.61,10.9,10.57,118248,126386653.0,3.07,-1.39,-0.15,0.71
3088,2023-03-20,601369SH,10.68,10.68,10.73,10.39,138456,146355894.0,3.2,0.66,0.07,0.83
3089,2023-03-21,601369SH,10.66,10.83,10.92,10.59,135324,145845436.0,3.09,1.4,0.15,0.81
3090,2023-03-22,601369SH,10.88,10.85,10.93,10.76,71755,77774651.0,1.57,0.18,0.02,0.43
3091,2023-03-23,601369SH,10.85,11.01,11.09,10.77,86948,95198761.0,2.95,1.47,0.16,0.52
3092,2023-03-24,601369SH,11.01,10.82,11.08,10.78,100057,108529506.0,2.72,-1.73,-0.19,0.6
3093,2023-03-27,601369SH,10.88,10.63,10.88,10.58,137348,146234594.0,2.77,-1.76,-0.19,0.83
3094,2023-03-28,601369SH,10.67,10.51,10.7,10.42,86551,91030302.0,2.63,-1.13,-0.12,0.52
3095,2023-03-29,601369SH,10.52,10.42,10.57,10.31,76409,79748398.0,2.47,-0.86,-0.09,0.46
3096,2023-03-30,601369SH,10.32,10.48,10.5,10.32,61455,64029819.0,1.73,0.58,0.06,0.37
3097,2023-03-31,601369SH,10.45,10.51,10.58,10.43,57517,60385253.0,1.43,0.29,0.03,0.35
3098,2023-04-03,601369SH,10.55,10.52,10.58,10.35,75153,78778893.0,2.19,0.1,0.01,0.45
3099,2023-04-04,601369SH,10.59,10.54,10.94,10.48,158946,170081932.0,4.37,0.19,0.02,0.96
3100,2023-04-06,601369SH,10.5,10.29,10.51,10.1,145194,148695292.0,3.89,-2.37,-0.25,0.87
3101,2023-04-07,601369SH,10.3,10.41,10.59,10.3,82551,86225381.0,2.82,1.17,0.12,0.5
3102,2023-04-10,601369SH,10.4,10.59,10.78,10.37,135936,144029022.0,3.94,1.73,0.18,0.82
3103,2023-04-11,601369SH,10.6,10.43,10.64,10.31,111328,116279051.0,3.12,-1.51,-0.16,0.67
3104,2023-04-12,601369SH,10.45,10.29,10.49,10.23,86467,89198373.0,2.49,-1.34,-0.14,0.52
3105,2023-04-13,601369SH,10.32,10.2,10.38,10.18,91533,93862090.0,1.94,-0.87,-0.09,0.55
3106,2023-04-14,601369SH,10.22,10.2,10.27,10.1,94569,96300899.0,1.67,0.0,0.0,0.57
3107,2023-04-17,601369SH,10.22,10.21,10.39,10.18,97583,100112524.0,2.06,0.1,0.01,0.59
3108,2023-04-18,601369SH,10.21,10.27,10.35,10.13,80083,82114700.0,2.15,0.59,0.06,0.48
3109,2023-04-19,601369SH,10.28,10.29,10.31,10.17,77790,79692941.0,1.36,0.19,0.02,0.47
3110,2023-04-20,601369SH,10.4,9.8,10.44,9.75,316717,313523491.0,6.71,-4.76,-0.49,1.9
3111,2023-04-21,601369SH,9.75,9.83,10.09,9.74,176781,175589979.0,3.57,0.31,0.03,1.06
3112,2023-04-24,601369SH,9.78,9.56,9.8,9.48,174241,166766210.0,3.26,-2.75,-0.27,1.05
3113,2023-04-25,601369SH,9.52,9.33,9.66,9.23,137365,128931537.0,4.5,-2.41,-0.23,0.83
3114,2023-04-26,601369SH,9.36,9.31,9.44,9.21,207021,193368574.0,2.47,-0.21,-0.02,1.24
3115,2023-04-27,601369SH,9.32,9.48,9.61,9.2,170332,160847319.0,4.4,1.83,0.17,1.02
3116,2023-04-28,601369SH,9.52,9.45,9.6,9.26,126342,119319692.0,3.59,-0.32,-0.03,0.76
3117,2023-05-04,601369SH,9.48,9.45,9.66,9.42,133381,126896581.0,2.54,0.0,0.0,0.8
3118,2023-05-05,601369SH,9.46,9.28,9.47,9.2,108398,100620448.0,2.86,-1.8,-0.17,0.65
3119,2023-05-08,601369SH,9.3,9.33,9.53,9.27,155966,146243944.0,2.8,0.54,0.05,0.94
3120,2023-05-09,601369SH,9.37,9.17,9.37,9.16,105608,97381749.0,2.25,-1.71,-0.16,0.63
3121,2023-05-10,601369SH,9.2,9.34,9.38,9.05,105057,97203997.0,3.6,1.85,0.17,0.63
3122,2023-05-11,601369SH,9.35,9.38,9.5,9.28,80060,75197495.0,2.36,0.43,0.04,0.48
3123,2023-05-12,601369SH,9.38,9.22,9.39,9.2,56760,52566945.0,2.03,-1.71,-0.16,0.34
3124,2023-05-15,601369SH,9.22,9.31,9.36,9.18,88115,81755307.0,1.95,0.98,0.09,0.53
3125,2023-05-16,601369SH,9.31,9.31,9.47,9.22,140198,131008620.0,2.69,0.0,0.0,0.84
3126,2023-05-17,601369SH,9.3,9.38,9.41,9.22,83962,78334195.0,2.04,0.75,0.07,0.5
3127,2023-05-18,601369SH,9.41,9.34,9.46,9.29,94899,88883368.0,1.81,-0.43,-0.04,0.57
3128,2023-05-19,601369SH,9.31,9.29,9.36,9.24,67922,63103532.0,1.28,-0.54,-0.05,0.41
3129,2023-05-22,601369SH,9.28,9.47,9.52,9.26,120204,113271747.0,2.8,1.94,0.18,0.72
3130,2023-05-23,601369SH,9.54,9.39,9.7,9.37,120650,114613485.0,3.48,-0.84,-0.08,0.73
3131,2023-05-24,601369SH,9.39,9.29,9.46,9.27,98613,92226680.0,2.02,-1.06,-0.1,0.59
3132,2023-05-25,601369SH,9.27,9.28,9.36,9.15,120928,111934715.0,2.26,-0.11,-0.01,0.73
3133,2023-05-26,601369SH,9.28,9.06,9.31,9.04,144694,131568987.0,2.91,-2.37,-0.22,0.87
3134,2023-05-29,601369SH,9.08,8.92,9.12,8.85,169335,151486910.0,2.98,-1.55,-0.14,1.02
3135,2023-05-30,601369SH,8.93,8.9,9.01,8.82,117578,104548939.0,2.13,-0.22,-0.02,0.71
3136,2023-05-31,601369SH,8.94,8.82,8.94,8.77,100743,88866295.0,1.91,-0.9,-0.08,0.61
3137,2023-06-01,601369SH,8.78,8.81,8.91,8.71,113286,100176088.0,2.27,-0.11,-0.01,0.68
3138,2023-06-02,601369SH,8.83,9.04,9.09,8.83,133248,119556312.0,2.95,2.61,0.23,0.8
3139,2023-06-05,601369SH,9.05,8.89,9.11,8.87,107661,96119141.0,2.65,-1.66,-0.15,0.65
3140,2023-06-06,601369SH,8.85,8.54,8.9,8.5,158295,136296613.0,4.5,-3.94,-0.35,0.95
3141,2023-06-07,601369SH,8.55,8.58,8.6,8.48,86555,74035870.0,1.41,0.47,0.04,0.52
3142,2023-06-08,601369SH,8.59,8.47,8.64,8.46,86048,73316582.0,2.1,-1.28,-0.11,0.52
3143,2023-06-09,601369SH,8.49,8.52,8.56,8.46,70180,59705303.0,1.18,0.59,0.05,0.42
3144,2023-06-12,601369SH,8.59,8.62,8.64,8.52,85672,73573736.0,1.41,1.17,0.1,0.52
3145,2023-06-13,601369SH,8.62,8.54,8.69,8.54,89632,77110460.0,1.74,-0.93,-0.08,0.54
3146,2023-06-14,601369SH,8.58,8.51,8.59,8.47,90189,76837265.0,1.41,-0.35,-0.03,0.54
3147,2023-06-15,601369SH,8.51,8.83,8.86,8.49,192537,168250431.0,4.35,3.76,0.32,1.16
3148,2023-06-16,601369SH,8.59,8.78,8.81,8.51,269999,234826683.0,3.4,-0.57,-0.05,1.62
3149,2023-06-19,601369SH,8.77,8.82,8.86,8.62,221576,194001249.0,2.73,0.46,0.04,1.33
3150,2023-06-20,601369SH,8.82,9.12,9.16,8.76,282289,254124751.0,4.54,3.4,0.3,1.7
3151,2023-06-21,601369SH,9.09,8.77,9.13,8.75,189068,168223789.0,4.17,-3.84,-0.35,1.14
3152,2023-06-26,601369SH,8.74,8.77,8.93,8.72,144504,127461852.0,2.39,0.0,0.0,0.87
3153,2023-06-27,601369SH,8.79,8.89,8.92,8.72,96855,85771359.0,2.28,1.37,0.12,0.58
3154,2023-06-28,601369SH,8.89,8.97,8.97,8.76,112460,99701138.0,2.36,0.9,0.08,0.68
3155,2023-06-29,601369SH,8.91,9.02,9.1,8.86,136072,122478354.0,2.68,0.56,0.05,0.82
3156,2023-06-30,601369SH,9.02,9.11,9.19,8.96,141764,129078428.0,2.55,1.0,0.09,0.85
3157,2023-07-03,601369SH,9.17,9.28,9.54,9.17,282637,265337340.0,4.06,1.87,0.17,1.7
3158,2023-07-04,601369SH,9.27,9.2,9.34,9.17,133543,123299578.0,1.83,-0.86,-0.08,0.8
3159,2023-07-05,601369SH,9.3,9.42,9.72,9.28,384405,366002964.0,4.78,2.39,0.22,2.31
3160,2023-07-06,601369SH,9.37,9.26,9.48,9.2,210335,194918166.0,2.97,-1.7,-0.16,1.26
3161,2023-07-07,601369SH,9.2,9.2,9.33,9.12,156695,144311440.0,2.27,-0.65,-0.06,0.94
3162,2023-07-10,601369SH,9.22,9.15,9.28,9.1,122411,112314194.0,1.96,-0.54,-0.05,0.74
3163,2023-07-11,601369SH,9.15,9.25,9.27,9.11,100706,92607093.0,1.75,1.09,0.1,0.61
3164,2023-07-12,601369SH,9.25,9.28,9.41,9.21,144348,134391556.0,2.16,0.32,0.03,0.87
3165,2023-07-13,601369SH,9.28,9.28,9.34,9.25,108036,100267524.0,0.97,0.0,0.0,0.65
3166,2023-07-14,601369SH,9.25,9.23,9.31,9.15,102940,94864329.0,1.72,-0.54,-0.05,0.62
3167,2023-07-17,601369SH,9.23,9.11,9.23,9.08,95608,87189141.0,1.63,-1.3,-0.12,0.57
3168,2023-07-18,601369SH,9.1,9.11,9.16,8.97,121130,109730103.0,2.09,0.0,0.0,0.73
3169,2023-07-19,601369SH,9.09,8.98,9.15,8.93,114210,102723518.0,2.41,-1.43,-0.13,0.69
3170,2023-07-20,601369SH,9.03,8.93,9.14,8.92,111579,100869705.0,2.45,-0.56,-0.05,0.67
3171,2023-07-21,601369SH,8.98,8.87,8.98,8.78,102122,90375123.0,2.24,-0.67,-0.06,0.61
3172,2023-07-24,601369SH,8.86,8.78,8.88,8.76,66876,58842642.0,1.35,-1.01,-0.09,0.4
3173,2023-07-25,601369SH,8.93,8.88,8.97,8.81,111891,99309864.0,1.82,1.14,0.1,0.67
3174,2023-07-26,601369SH,8.92,8.82,8.95,8.76,79998,70449454.0,2.14,-0.68,-0.06,0.48
3175,2023-07-27,601369SH,8.82,8.78,8.9,8.75,81348,71767028.0,1.7,-0.45,-0.04,0.49
3176,2023-07-28,601369SH,8.74,8.81,8.82,8.66,88564,77479257.0,1.82,0.34,0.03,0.53
3177,2023-07-31,601369SH,8.85,8.9,8.98,8.8,95346,84939329.0,2.04,1.02,0.09,0.57
3178,2023-08-01,601369SH,8.91,8.76,8.94,8.7,128427,112953618.0,2.7,-1.57,-0.14,0.77
3179,2023-08-02,601369SH,8.76,8.71,8.78,8.69,65341,57005914.0,1.03,-0.57,-0.05,0.39
3180,2023-08-03,601369SH,8.69,8.78,8.8,8.67,59187,51716748.0,1.49,0.8,0.07,0.36
3181,2023-08-04,601369SH,8.8,8.81,8.87,8.74,84015,73985663.0,1.48,0.34,0.03,0.51
3182,2023-08-07,601369SH,8.77,8.66,8.8,8.59,88451,76779449.0,2.38,-1.7,-0.15,0.53
3183,2023-08-08,601369SH,8.68,8.6,8.69,8.54,67592,58156676.0,1.73,-0.69,-0.06,0.41
3184,2023-08-09,601369SH,8.59,8.61,8.66,8.56,46864,40399628.0,1.16,0.12,0.01,0.28
3185,2023-08-10,601369SH,8.6,8.62,8.72,8.58,57940,50016578.0,1.63,0.12,0.01,0.35
3186,2023-08-11,601369SH,8.65,8.4,8.65,8.4,107109,90822431.0,2.9,-2.55,-0.22,0.64
3187,2023-08-14,601369SH,8.36,8.41,8.44,8.27,73602,61410075.0,2.02,0.12,0.01,0.44
3188,2023-08-15,601369SH,8.42,8.3,8.44,8.26,71963,59885662.0,2.14,-1.31,-0.11,0.43
3189,2023-08-16,601369SH,8.29,8.23,8.33,8.23,58988,48796189.0,1.2,-0.84,-0.07,0.35
